frame,robot_id,sim_x,sim_y,real_x,real_y
0,0,0.0000000,0.0000000,224.3300000,191.3300000
0,2,0.0000000,0.0000000,128.3300000,197.3300000
0,3,0.0000000,0.0000000,340.6700000,218.3300000
0,4,0.0000000,0.0000000,340.3300000,30.3300000
0,5,0.0000000,0.0000000,126.0000000,24.0000000
10000,0,0.0000000,0.0000000,223.4230587,190.9332587
10000,2,0.0000000,0.0000000,129.1979892,196.8540369
10000,3,0.0000000,0.0000000,340.1164618,217.5093042
10000,4,0.0000000,0.0000000,339.5840181,30.9807359
10000,5,0.0000000,0.0000000,126.7398772,24.6576686
2000,0,0.0000000,0.0000000,222.5069775,190.5325192
2000,2,0.0000000,0.0000000,130.0747258,196.3732772
2000,3,0.0000000,0.0000000,339.5573452,216.6803376
2000,4,0.0000000,0.0000000,338.8305184,31.6380296
2000,5,0.0000000,0.0000000,127.4872106,25.3219649
3000,0,0.0000000,0.0000000,221.5908042,190.1317394
3000,2,0.0000000,0.0000000,130.9515505,195.8924691
3000,3,0.0000000,0.0000000,338.9981724,215.8512877
3000,4,0.0000000,0.0000000,338.0769429,32.2953895
3000,5,0.0000000,0.0000000,128.2346191,25.9863281
4000,0,0.0000000,0.0000000,220.6746300,189.7309592
4000,2,0.0000000,0.0000000,131.8283760,195.4116605
4000,3,0.0000000,0.0000000,338.4389991,215.0222370
4000,4,0.0000000,0.0000000,337.3233667,32.9527500
4000,5,0.0000000,0.0000000,128.9820284,26.6506919
5000,0,0.0000000,0.0000000,219.7584558,189.3301790
5000,2,0.0000000,0.0000000,132.7052016,194.9308520
5000,3,0.0000000,0.0000000,337.8798257,214.1931862
5000,4,0.0000000,0.0000000,336.5697905,33.6101106
5000,5,0.0000000,0.0000000,129.7294377,27.3150558
6000,0,0.0000000,0.0000000,218.8422815,188.9293988
6000,2,0.0000000,0.0000000,133.5820272,194.4500434
6000,3,0.0000000,0.0000000,337.3206523,213.3641355
6000,4,0.0000000,0.0000000,335.8162143,34.2674711
6000,5,0.0000000,0.0000000,130.4768471,27.9794196
7000,0,0.0000000,0.0000000,217.9261073,188.5286186
7000,2,0.0000000,0.0000000,134.4588528,193.9692348
7000,3,0.0000000,0.0000000,336.7614790,212.5350847
7000,4,0.0000000,0.0000000,335.0626381,34.9248316
7000,5,0.0000000,0.0000000,131.2242564,28.6437835
8000,0,0.0000000,0.0000000,217.0099331,188.1278384
8000,2,0.0000000,0.0000000,135.3356784,193.4884263
8000,3,0.0000000,0.0000000,336.2023056,211.7060340
8000,4,0.0000000,0.0000000,334.3090618,35.5821922
8000,5,0.0000000,0.0000000,131.9716657,29.3081473
9000,0,0.0000000,0.0000000,216.0937588,187.7270582
9000,2,0.0000000,0.0000000,136.2125040,193.0076177
9000,3,0.0000000,0.0000000,335.6431322,210.8769832
9000,4,0.0000000,0.0000000,333.5554856,36.2395527
9000,5,0.0000000,0.0000000,132.7190750,29.9725111
10000,0,0.0000000,0.0000000,215.1775846,187.3262780
10000,2,0.0000000,0.0000000,137.0893296,192.5268092
10000,3,0.0000000,0.0000000,335.0839589,210.0479325
10000,4,0.0000000,0.0000000,332.8019094,36.8969132
10000,5,0.0000000,0.0000000,133.4664843,30.6368750
11000,0,0.0000000,0.0000000,214.2614104,186.9254978
11000,2,0.0000000,0.0000000,137.9661552,192.0460006
11000,3,0.0000000,0.0000000,334.5247855,209.2188817
11000,4,0.0000000,0.0000000,332.0483332,37.5542738
11000,5,0.0000000,0.0000000,134.2138937,31.3012388
12000,0,0.0000000,0.0000000,213.3452361,186.5247175
12000,2,0.0000000,0.0000000,138.8429808,191.5651920
12000,3,0.0000000,0.0000000,333.9656121,208.3898310
12000,4,0.0000000,0.0000000,331.2947569,38.2116343
12000,5,0.0000000,0.0000000,134.9613030,31.9656026
13000,0,0.0000000,0.0000000,212.4290619,186.1239373
13000,2,0.0000000,0.0000000,139.7198064,191.0843835
13000,3,0.0000000,0.0000000,333.4064387,207.5607802
13000,4,0.0000000,0.0000000,330.5411807,38.8689949
13000,5,0.0000000,0.0000000,135.7087123,32.6299665
14000,0,0.0000000,0.0000000,211.5128877,185.7231571
14000,2,0.0000000,0.0000000,140.5966320,190.6035749
14000,3,0.0000000,0.0000000,332.8472654,206.7317295
14000,4,0.0000000,0.0000000,329.7876045,39.5263554
14000,5,0.0000000,0.0000000,136.4561216,33.2943303
1500,0,0.0000000,0.0000000,210.5967134,185.3223769
1500,2,0.0000000,0.0000000,141.4734576,190.1227663
1500,3,0.0000000,0.0000000,332.2880920,205.9026788
1500,4,0.0000000,0.0000000,329.0340283,40.1837159
1500,5,0.0000000,0.0000000,137.2035309,33.9586942
1600,0,0.0000000,0.0000000,209.6805392,184.9215967
1600,2,0.0000000,0.0000000,142.3502832,189.6419578
1600,3,0.0000000,0.0000000,331.7289186,205.0736280
1600,4,0.0000000,0.0000000,328.2804520,40.8410765
1600,5,0.0000000,0.0000000,137.9509403,34.6230580
1700,0,0.0000000,0.0000000,208.7643650,184.5208165
1700,2,0.0000000,0.0000000,143.2271088,189.1611492
1700,3,0.0000000,0.0000000,331.1697453,204.2445773
1700,4,0.0000000,0.0000000,327.5268758,41.4984370
1700,5,0.0000000,0.0000000,138.6983496,35.2874218
1800,0,0.0000000,0.0000000,207.8481907,184.1200363
1800,2,0.0000000,0.0000000,144.1039344,188.6803407
1800,3,0.0000000,0.0000000,330.6105719,203.4155265
1800,4,0.0000000,0.0000000,326.7732996,42.1557975
1800,5,0.0000000,0.0000000,139.4457589,35.9517857
1900,0,0.0000000,0.0000000,206.9320165,183.7192561
1900,2,0.0000000,0.0000000,144.9807600,188.1995321
1900,3,0.0000000,0.0000000,330.0513985,202.5864758
1900,4,0.0000000,0.0000000,326.0197234,42.8131581
1900,5,0.0000000,0.0000000,140.1931682,36.6161495
2000,0,0.0000000,0.0000000,206.0158423,183.3184759
2000,2,0.0000000,0.0000000,145.8575856,187.7187235
2000,3,0.0000000,0.0000000,329.4922252,201.7574250
2000,4,0.0000000,0.0000000,325.2661471,43.4705186
2000,5,0.0000000,0.0000000,140.9405775,37.2805134
2100,0,0.0000000,0.0000000,205.0996680,182.9176957
2100,2,0.0000000,0.0000000,146.7344112,187.2379150
2100,3,0.0000000,0.0000000,328.9330518,200.9283743
2100,4,0.0000000,0.0000000,324.5125709,44.1278791
2100,5,0.0000000,0.0000000,141.6879868,37.9448772
2200,0,0.0000000,0.0000000,204.1834938,182.5169155
2200,2,0.0000000,0.0000000,147.6112368,186.7571064
2200,3,0.0000000,0.0000000,328.3738784,200.0993235
2200,4,0.0000000,0.0000000,323.7589947,44.7852397
2200,5,0.0000000,0.0000000,142.4353962,38.6092410
2300,0,0.0000000,0.0000000,203.2673196,182.1161352
2300,2,0.0000000,0.0000000,148.4880624,186.2762979
2300,3,0.0000000,0.0000000,327.8147051,199.2702728
2300,4,0.0000000,0.0000000,323.0054185,45.4426002
2300,5,0.0000000,0.0000000,143.1828055,39.2736049
2400,0,0.0000000,0.0000000,202.3511453,181.7153550
2400,2,0.0000000,0.0000000,149.3648880,185.7954893
2400,3,0.0000000,0.0000000,327.2555317,198.4412220
2400,4,0.0000000,0.0000000,322.2518423,46.0999608
2400,5,0.0000000,0.0000000,143.9302148,39.9379687
2500,0,0.0000000,0.0000000,201.4349711,181.3145748
2500,2,0.0000000,0.0000000,150.2417136,185.3146807
2500,3,0.0000000,0.0000000,326.6963583,197.6121713
2500,4,0.0000000,0.0000000,321.4982660,46.7573213
2500,5,0.0000000,0.0000000,144.6776241,40.6023326
2600,0,0.0000000,0.0000000,200.5187969,180.9137946
2600,2,0.0000000,0.0000000,151.1185392,184.8338722
2600,3,0.0000000,0.0000000,326.1371849,196.7831205
2600,4,0.0000000,0.0000000,320.7446898,47.4146818
2600,5,0.0000000,0.0000000,145.4250334,41.2666964
2700,0,0.0000000,0.0000000,199.6026226,180.5130144
2700,2,0.0000000,0.0000000,151.9953648,184.3530636
2700,3,0.0000000,0.0000000,325.5780116,195.9540698
2700,4,0.0000000,0.0000000,319.9911136,48.0720424
2700,5,0.0000000,0.0000000,146.1724428,41.9310602
2800,0,0.0000000,0.0000000,198.6864484,180.1122342
2800,2,0.0000000,0.0000000,152.8721904,183.8722550
2800,3,0.0000000,0.0000000,325.0188382,195.1250190
2800,4,0.0000000,0.0000000,319.2375374,48.7294029
2800,5,0.0000000,0.0000000,146.9198521,42.5954241
2900,0,0.0000000,0.0000000,197.7702742,179.7114540
2900,2,0.0000000,0.0000000,153.7490160,183.3914465
2900,3,0.0000000,0.0000000,324.4596648,194.2959683
2900,4,0.0000000,0.0000000,318.4839611,49.3867634
2900,5,0.0000000,0.0000000,147.6672614,43.2597879
3000,0,0.0000000,0.0000000,196.8541000,179.3106738
3000,2,0.0000000,0.0000000,154.6258416,182.9106379
3000,3,0.0000000,0.0000000,323.9004915,193.4669175
3000,4,0.0000000,0.0000000,317.7303849,50.0441240
3000,5,0.0000000,0.0000000,148.4146707,43.9241517
3100,0,0.0000000,0.0000000,195.9379257,178.9098936
3100,2,0.0000000,0.0000000,155.5026672,182.4298294
3100,3,0.0000000,0.0000000,323.3413181,192.6378668
3100,4,0.0000000,0.0000000,316.9768087,50.7014845
3100,5,0.0000000,0.0000000,149.1620800,44.5885156
3200,0,0.0000000,0.0000000,195.3819677,178.4721291
3200,2,0.0000000,0.0000000,156.0188760,181.9770303
3200,3,0.0000000,0.0000000,322.7764522,191.8003761
3200,4,0.0000000,0.0000000,316.2155608,51.3655372
3200,5,0.0000000,0.0000000,149.9170982,45.2596428
3300,0,0.0000000,0.0000000,195.0390243,178.0182701
3300,2,0.0000000,0.0000000,156.3224707,181.5493004
3300,3,0.0000000,0.0000000,322.2172788,190.9713253
3300,4,0.0000000,0.0000000,315.4619846,52.0228977
3300,5,0.0000000,0.0000000,150.6645075,45.9240067
3400,0,0.0000000,0.0000000,195.0466502,177.5287893
3400,2,0.0000000,0.0000000,156.2754962,181.1571925
3400,3,0.0000000,0.0000000,321.6581054,190.1422746
3400,4,0.0000000,0.0000000,314.7084084,52.6802582
3400,5,0.0000000,0.0000000,151.4119168,46.5883705
3500,0,0.0000000,0.0000000,194.2592583,177.1106891
3500,2,0.0000000,0.0000000,157.0235395,180.6937039
3500,3,0.0000000,0.0000000,321.0989321,189.3132238
3500,4,0.0000000,0.0000000,313.9548322,53.3376188
3500,5,0.0000000,0.0000000,152.1593262,47.2527344
3600,0,0.0000000,0.0000000,193.9822913,176.6406525
3600,2,0.0000000,0.0000000,157.2611578,180.2821517
3600,3,0.0000000,0.0000000,320.5397587,188.4841731
3600,4,0.0000000,0.0000000,313.2012559,53.9949793
3600,5,0.0000000,0.0000000,152.9067355,47.9170982
3700,0,0.0000000,0.0000000,194.2949762,176.1052743
3700,2,0.0000000,0.0000000,156.9091243,179.9359411
3700,3,0.0000000,0.0000000,319.9805853,187.6551223
3700,4,0.0000000,0.0000000,312.4476797,54.6523398
3700,5,0.0000000,0.0000000,153.6541448,48.5814620
3800,0,0.0000000,0.0000000,194.1482733,175.6084130
3800,2,0.0000000,0.0000000,157.0164785,179.5512137
3800,3,0.0000000,0.0000000,319.4214120,186.8260716
3800,4,0.0000000,0.0000000,311.6941035,55.3097004
3800,5,0.0000000,0.0000000,154.4015541,49.2458259
3900,0,0.0000000,0.0000000,192.9113642,175.2234376
3900,2,0.0000000,0.0000000,158.2140390,179.0546003
3900,3,0.0000000,0.0000000,318.8622386,185.9970208
3900,4,0.0000000,0.0000000,310.9405273,55.9670609
3900,5,0.0000000,0.0000000,155.1489634,49.9101897
4000,0,0.0000000,0.0000000,192.4829371,174.7454848
4000,2,0.0000000,0.0000000,158.6031175,178.6509644
4000,3,0.0000000,0.0000000,318.3030652,185.1679701
4000,4,0.0000000,0.0000000,310.1869510,56.6244215
4000,5,0.0000000,0.0000000,155.8963727,50.5745536
4100,0,0.0000000,0.0000000,192.4815670,174.3686471
4100,2,0.0000000,0.0000000,158.7982824,178.2482019
4100,3,0.0000000,0.0000000,317.7438919,184.3389193
4100,4,0.0000000,0.0000000,309.4333748,57.2817820
4100,5,0.0000000,0.0000000,156.6437821,51.2389174
4200,0,0.0000000,0.0000000,192.8928787,174.4237403
4200,2,0.0000000,0.0000000,159.2637964,177.7123001
4200,3,0.0000000,0.0000000,317.1847185,183.5098686
4200,4,0.0000000,0.0000000,308.6797986,57.9391425
4200,5,0.0000000,0.0000000,157.3911914,51.9032812
4300,0,0.0000000,0.0000000,193.3014799,174.5025202
4300,2,0.0000000,0.0000000,159.7320208,177.1527117
4300,3,0.0000000,0.0000000,316.6255451,182.6808178
4300,4,0.0000000,0.0000000,307.9262224,58.5965031
4300,5,0.0000000,0.0000000,158.1386007,52.5676451
4400,0,0.0000000,0.0000000,193.7062326,174.6079600
4400,2,0.0000000,0.0000000,160.2040936,176.5664633
4400,3,0.0000000,0.0000000,316.0663718,181.8517671
4400,4,0.0000000,0.0000000,307.1726461,59.2538636
4400,5,0.0000000,0.0000000,158.8860100,53.2320089
4500,0,0.0000000,0.0000000,194.1056487,174.7434746
4500,2,0.0000000,0.0000000,160.6815031,175.9501401
4500,3,0.0000000,0.0000000,315.5071984,181.0227163
4500,4,0.0000000,0.0000000,306.4190699,59.9112241
4500,5,0.0000000,0.0000000,159.6334193,53.8963727
4600,0,0.0000000,0.0000000,194.4984664,174.9129735
4600,2,0.0000000,0.0000000,161.1655111,175.2998327
4600,3,0.0000000,0.0000000,314.9480250,180.1936656
4600,4,0.0000000,0.0000000,305.6654937,60.5685847
4600,5,0.0000000,0.0000000,160.3808287,54.5607366
4700,0,0.0000000,0.0000000,194.4991165,175.1151130
4700,2,0.0000000,0.0000000,161.5179288,174.6088448
4700,3,0.0000000,0.0000000,314.3888516,179.3646148
4700,4,0.0000000,0.0000000,304.9119175,61.2259452
4700,5,0.0000000,0.0000000,161.1282380,55.2251004
4800,0,0.0000000,0.0000000,194.4923648,175.3383331
4800,2,0.0000000,0.0000000,161.6764199,173.8564619
4800,3,0.0000000,0.0000000,313.8296783,178.5355641
4800,4,0.0000000,0.0000000,304.1583413,61.8833057
4800,5,0.0000000,0.0000000,161.8756473,55.8894643
4900,0,0.0000000,0.0000000,194.4771190,175.5853990
4900,2,0.0000000,0.0000000,161.9842216,173.0414632
4900,3,0.0000000,0.0000000,313.2705049,177.7065133
4900,4,0.0000000,0.0000000,303.4047650,62.5406663
4900,5,0.0000000,0.0000000,162.6230566,56.5538281
5000,0,0.0000000,0.0000000,194.4506001,175.8593942
5000,2,0.0000000,0.0000000,162.2485752,172.1450313
5000,3,0.0000000,0.0000000,312.7113315,176.8774626
5000,4,0.0000000,0.0000000,302.6511888,63.1980268
5000,5,0.0000000,0.0000000,163.3704659,57.2181919
5100,0,0.0000000,0.0000000,194.4091765,176.1636598
5100,2,0.0000000,0.0000000,162.5995311,171.1677462
5100,3,0.0000000,0.0000000,312.1521582,176.0484118
5100,4,0.0000000,0.0000000,301.8976126,63.8553874
5100,5,0.0000000,0.0000000,164.1178753,57.8825558
5200,0,0.0000000,0.0000000,194.3481268,176.5016767
5200,2,0.0000000,0.0000000,162.9789273,170.0910093
5200,3,0.0000000,0.0000000,311.5929848,175.2193611
5200,4,0.0000000,0.0000000,301.1440364,64.5127479
5200,5,0.0000000,0.0000000,164.8652846,58.5469196
5300,0,0.0000000,0.0000000,194.2613708,176.8768309
5300,2,0.0000000,0.0000000,163.4463942,168.9121501
5300,3,0.0000000,0.0000000,311.0338114,174.3903103
5300,4,0.0000000,0.0000000,300.3904601,65.1701084
5300,5,0.0000000,0.0000000,165.6126939,59.2112835
5400,0,0.0000000,0.0000000,194.1411994,177.2920016
5400,2,0.0000000,0.0000000,163.9984764,167.6175527
5400,3,0.0000000,0.0000000,310.4746381,173.5612596
5400,4,0.0000000,0.0000000,299.6368839,65.8274690
5400,5,0.0000000,0.0000000,166.3601032,59.8756473
5500,0,0.0000000,0.0000000,193.9780779,177.7488960
5500,2,0.0000000,0.0000000,164.6769534,166.2062124
5500,3,0.0000000,0.0000000,309.9154647,172.7322088
5500,4,0.0000000,0.0000000,298.8833077,66.4848295
5500,5,0.0000000,0.0000000,167.1075125,60.5400111
5600,0,0.0000000,0.0000000,193.7606643,178.2470631
5600,2,0.0000000,0.0000000,165.5051496,164.6762904
5600,3,0.0000000,0.0000000,309.3562913,171.9031581
5600,4,0.0000000,0.0000000,298.1297315,67.1421900
5600,5,0.0000000,0.0000000,167.8549218,61.2043750
5700,0,0.0000000,0.0000000,193.4762740,178.7825751
5700,2,0.0000000,0.0000000,166.5240470,163.0406806
5700,3,0.0000000,0.0000000,308.7971180,171.0741074
5700,4,0.0000000,0.0000000,297.3761552,67.7995506
5700,5,0.0000000,0.0000000,168.6023312,61.8687388
5800,0,0.0000000,0.0000000,193.1120939,179.3465283
5800,2,0.0000000,0.0000000,167.7670736,161.3227790
5800,3,0.0000000,0.0000000,308.2379446,170.2450566
5800,4,0.0000000,0.0000000,296.6225790,68.4569111
5800,5,0.0000000,0.0000000,169.3497405,62.5331027
5900,0,0.0000000,0.0000000,192.6574091,179.9237914
5900,2,0.0000000,0.0000000,169.2664537,159.5660298
5900,3,0.0000000,0.0000000,307.6787712,169.4160059
5900,4,0.0000000,0.0000000,296.0000000,69.0000000
5900,5,0.0000000,0.0000000,170.0971498,63.1974665
6000,0,0.0000000,0.0000000,192.1068024,180.4927742
6000,2,0.0000000,0.0000000,171.0369943,157.8305114
6000,3,0.0000000,0.0000000,307.1195978,168.5869551
6000,4,0.0000000,0.0000000,296.0000000,69.0000000
6000,5,0.0000000,0.0000000,170.8445591,63.8618303
6100,0,0.0000000,0.0000000,191.4636258,181.0271091
6100,2,0.0000000,0.0000000,173.0703035,156.1911203
6100,3,0.0000000,0.0000000,306.5604245,167.7579044
6100,4,0.0000000,0.0000000,296.0000000,69.0000000
6100,5,0.0000000,0.0000000,171.5919684,64.5261942
6200,0,0.0000000,0.0000000,190.7422797,181.4996417
6200,2,0.0000000,0.0000000,175.3260342,154.7244989
6200,3,0.0000000,0.0000000,306.0012511,166.9288536
6200,4,0.0000000,0.0000000,296.0000000,69.0000000
6200,5,0.0000000,0.0000000,172.3393778,65.1905580
6300,0,0.0000000,0.0000000,189.9676606,181.8878872
6300,2,0.0000000,0.0000000,177.7447889,153.5188206
6300,3,0.0000000,0.0000000,305.4420777,166.0998029
6300,4,0.0000000,0.0000000,296.0000000,69.0000000
6300,5,0.0000000,0.0000000,173.0867871,65.8549218
6400,0,0.0000000,0.0000000,189.1712047,182.1788488
6400,2,0.0000000,0.0000000,180.2301190,152.6161351
6400,3,0.0000000,0.0000000,304.8829044,165.2707521
6400,4,0.0000000,0.0000000,296.0000000,69.0000000
6400,5,0.0000000,0.0000000,173.8341964,66.5192857
6500,0,0.0000000,0.0000000,188.3848429,182.3710386
6500,2,0.0000000,0.0000000,182.6826464,152.0202236
6500,3,0.0000000,0.0000000,304.3237310,164.4417014
6500,4,0.0000000,0.0000000,296.0000000,69.0000000
6500,5,0.0000000,0.0000000,174.5816057,67.1836495
6600,0,0.0000000,0.0000000,187.6353866,182.4730371
6600,2,0.0000000,0.0000000,185.0192684,151.7038214
6600,3,0.0000000,0.0000000,303.7645576,163.6126506
6600,4,0.0000000,0.0000000,296.0000000,69.0000000
6600,5,0.0000000,0.0000000,175.3290150,67.8480134
6700,0,0.0000000,0.0000000,186.9413361,182.4997706
6700,2,0.0000000,0.0000000,187.1828785,151.6202795
6700,3,0.0000000,0.0000000,303.2053843,162.7835999
6700,4,0.0000000,0.0000000,296.0000000,69.0000000
6700,5,0.0000000,0.0000000,176.0764244,68.5123772
6800,0,0.0000000,0.0000000,186.3125000,182.4684231
6800,2,0.0000000,0.0000000,189.1433713,151.7162138
6800,3,0.0000000,0.0000000,302.6462109,161.9545491
6800,4,0.0000000,0.0000000,296.0000000,69.0000000
6800,5,0.0000000,0.0000000,176.8238337,69.1767410
6900,0,0.0000000,0.0000000,185.7515294,182.3953581
6900,2,0.0000000,0.0000000,190.8927852,151.9409536
6900,3,0.0000000,0.0000000,302.0870375,161.1254984
6900,4,0.0000000,0.0000000,296.0000000,69.0000000
6900,5,0.0000000,0.0000000,177.5712430,69.8411049
7000,0,0.0000000,0.0000000,185.2561534,182.2944499
7000,2,0.0000000,0.0000000,192.4383389,152.2516164
7000,3,0.0000000,0.0000000,301.5278642,160.2964476
7000,4,0.0000000,0.0000000,296.0000000,69.0000000
7000,5,0.0000000,0.0000000,178.3186523,70.5054687
7100,0,0.0000000,0.0000000,184.8212624,182.1765662
7100,2,0.0000000,0.0000000,193.7959813,152.6146475
7100,3,0.0000000,0.0000000,300.9686908,159.4673969
7100,4,0.0000000,0.0000000,296.0000000,69.0000000
7100,5,0.0000000,0.0000000,179.0660616,71.1698326
7200,0,0.0000000,0.0000000,184.4404739,182.0497394
7200,2,0.0000000,0.0000000,194.9855604,153.0052564
7200,3,0.0000000,0.0000000,300.4095174,158.6383461
7200,4,0.0000000,0.0000000,296.0000000,69.0000000
7200,5,0.0000000,0.0000000,179.8134709,71.8341964
7300,0,0.0000000,0.0000000,184.1071485,181.9196394
7300,2,0.0000000,0.0000000,196.0276966,153.4059415
7300,3,0.0000000,0.0000000,299.8503440,157.8092954
7300,4,0.0000000,0.0000000,296.0000000,69.0000000
7300,5,0.0000000,0.0000000,180.0000000,72.0000000
7400,0,0.0000000,0.0000000,183.8149668,181.7901078
7400,2,0.0000000,0.0000000,196.9420076,153.8048350
7400,3,0.0000000,0.0000000,299.2911707,156.9802446
7400,4,0.0000000,0.0000000,296.0000000,69.0000000
7400,5,0.0000000,0.0000000,180.0000000,72.0000000
7500,0,0.0000000,0.0000000,183.5582097,181.6636386
7500,2,0.0000000,0.0000000,197.7462518,154.1942178
7500,3,0.0000000,0.0000000,298.7319973,156.1511939
7500,4,0.0000000,0.0000000,296.0000000,69.0000000
7500,5,0.0000000,0.0000000,180.0000000,72.0000000
7600,0,0.0000000,0.0000000,183.3318544,181.5417664
7600,2,0.0000000,0.0000000,198.6368910,154.2467829
7600,3,0.0000000,0.0000000,298.1728239,155.3221431
7600,4,0.0000000,0.0000000,296.0000000,69.0000000
7600,5,0.0000000,0.0000000,180.0000000,72.0000000
7700,0,0.0000000,0.0000000,183.1315700,181.4253599
7700,2,0.0000000,0.0000000,199.7140010,153.8823809
7700,3,0.0000000,0.0000000,297.6136506,154.4930924
7700,4,0.0000000,0.0000000,296.0000000,69.0000000
7700,5,0.0000000,0.0000000,180.0000000,72.0000000
7800,0,0.0000000,0.0000000,182.9536632,181.3148364
7800,2,0.0000000,0.0000000,200.7687334,153.5120958
7800,3,0.0000000,0.0000000,297.0544772,153.6640416
7800,4,0.0000000,0.0000000,296.0000000,69.0000000
7800,5,0.0000000,0.0000000,180.0000000,72.0000000
7900,0,0.0000000,0.0000000,182.8789762,181.0862955
7900,2,0.0000000,0.0000000,201.7202460,153.2598282
7900,3,0.0000000,0.0000000,296.4953038,152.8349909
7900,4,0.0000000,0.0000000,296.0000000,69.0000000
7900,5,0.0000000,0.0000000,180.0000000,72.0000000
8000,0,0.0000000,0.0000000,183.0242647,180.5896628
8000,2,0.0000000,0.0000000,202.4517831,153.2756523
8000,3,0.0000000,0.0000000,295.9361305,152.0059401
8000,4,0.0000000,0.0000000,296.0000000,69.0000000
8000,5,0.0000000,0.0000000,180.0000000,72.0000000
8100,0,0.0000000,0.0000000,183.1432795,180.1875634
8100,2,0.0000000,0.0000000,203.2095938,153.1969431
8100,3,0.0000000,0.0000000,295.3769571,151.1768894
8100,4,0.0000000,0.0000000,296.0000000,69.0000000
8100,5,0.0000000,0.0000000,180.0000000,72.0000000
8200,0,0.0000000,0.0000000,183.2880957,179.7967710
8200,2,0.0000000,0.0000000,203.9416032,153.1069269
8200,3,0.0000000,0.0000000,294.8177837,150.3478386
8200,4,0.0000000,0.0000000,296.0000000,69.0000000
8200,5,0.0000000,0.0000000,180.0000000,72.0000000
8300,0,0.0000000,0.0000000,183.4554043,179.4166620
8300,2,0.0000000,0.0000000,204.6511202,153.0062274
8300,3,0.0000000,0.0000000,294.2586104,149.5187879
8300,4,0.0000000,0.0000000,296.0000000,69.0000000
8300,5,0.0000000,0.0000000,180.0000000,72.0000000
8400,0,0.0000000,0.0000000,183.6423956,179.0465816
8400,2,0.0000000,0.0000000,205.3409546,152.8954992
8400,3,0.0000000,0.0000000,293.6994370,148.6897371
8400,4,0.0000000,0.0000000,296.0000000,69.0000000
8400,5,0.0000000,0.0000000,180.0000000,72.0000000
8500,0,0.0000000,0.0000000,183.8466764,178.6858739
8500,2,0.0000000,0.0000000,206.0134994,152.7753983
8500,3,0.0000000,0.0000000,293.1402636,147.8606864
8500,4,0.0000000,0.0000000,296.0000000,69.0000000
8500,5,0.0000000,0.0000000,180.0000000,72.0000000
8600,0,0.0000000,0.0000000,184.0662017,178.3338997
8600,2,0.0000000,0.0000000,206.6707997,152.6465640
8600,3,0.0000000,0.0000000,292.5810902,147.0316357
8600,4,0.0000000,0.0000000,296.0000000,69.0000000
8600,5,0.0000000,0.0000000,180.0000000,72.0000000
8700,0,0.0000000,0.0000000,184.1049188,178.2051571
8700,2,0.0000000,0.0000000,207.5089082,152.2944980
8700,3,0.0000000,0.0000000,292.0219169,146.2025849
8700,4,0.0000000,0.0000000,296.0000000,69.0000000
8700,5,0.0000000,0.0000000,180.0000000,72.0000000
8800,0,0.0000000,0.0000000,184.3733412,177.8383894
8800,2,0.0000000,0.0000000,208.1173113,152.1804572
8800,3,0.0000000,0.0000000,291.4627435,145.3735342
8800,4,0.0000000,0.0000000,296.0000000,69.0000000
8800,5,0.0000000,0.0000000,180.0000000,72.0000000
8900,0,0.0000000,0.0000000,183.7911687,178.3901670
8900,2,0.0000000,0.0000000,209.5763094,151.1478710
8900,3,0.0000000,0.0000000,290.9035701,144.5444834
8900,4,0.0000000,0.0000000,296.0000000,69.0000000
8900,5,0.0000000,0.0000000,180.0000000,72.0000000
9000,0,0.0000000,0.0000000,184.1830206,177.9141705
9000,2,0.0000000,0.0000000,210.0612831,151.1430590
9000,3,0.0000000,0.0000000,290.3443968,143.7154327
9000,4,0.0000000,0.0000000,296.0000000,69.0000000
9000,5,0.0000000,0.0000000,180.0000000,72.0000000
9100,0,0.0000000,0.0000000,184.3526839,177.6852250
9100,2,0.0000000,0.0000000,210.7684454,150.8911959
9100,3,0.0000000,0.0000000,289.7852234,142.8863819
9100,4,0.0000000,0.0000000,296.0000000,69.0000000
9100,5,0.0000000,0.0000000,180.0000000,72.0000000
9200,0,0.0000000,0.0000000,184.6433795,177.3465967
9200,2,0.0000000,0.0000000,211.3545754,150.7490156
9200,3,0.0000000,0.0000000,289.2260500,142.0573312
9200,4,0.0000000,0.0000000,296.0000000,69.0000000
9200,5,0.0000000,0.0000000,180.0000000,72.0000000
9300,0,0.0000000,0.0000000,184.7947844,177.1580179
9300,2,0.0000000,0.0000000,212.0799961,150.4567859
9300,3,0.0000000,0.0000000,288.6668767,141.2282804
9300,4,0.0000000,0.0000000,296.0000000,69.0000000
9300,5,0.0000000,0.0000000,180.0000000,72.0000000
9400,0,0.0000000,0.0000000,184.9952127,176.9300369
9400,2,0.0000000,0.0000000,212.7563934,150.2039583
9400,3,0.0000000,0.0000000,288.1077033,140.3992297
9400,4,0.0000000,0.0000000,296.0000000,69.0000000
9400,5,0.0000000,0.0000000,180.0000000,72.0000000
9500,0,0.0000000,0.0000000,185.3072470,176.6046652
9500,2,0.0000000,0.0000000,213.3211847,150.0485215
9500,3,0.0000000,0.0000000,287.5485299,139.5701789
9500,4,0.0000000,0.0000000,296.0000000,69.0000000
9500,5,0.0000000,0.0000000,180.0000000,72.0000000
9600,0,0.0000000,0.0000000,185.5524459,176.3523397
9600,2,0.0000000,0.0000000,213.9528114,149.8200384
9600,3,0.0000000,0.0000000,286.9893566,138.7411282
9600,4,0.0000000,0.0000000,296.0000000,69.0000000
9600,5,0.0000000,0.0000000,180.0000000,72.0000000
9700,0,0.0000000,0.0000000,185.8431772,176.0658956
9700,2,0.0000000,0.0000000,214.5389057,149.6256739
9700,3,0.0000000,0.0000000,286.4301832,137.9120774
9700,4,0.0000000,0.0000000,296.0000000,69.0000000
9700,5,0.0000000,0.0000000,180.0000000,72.0000000
9800,0,0.0000000,0.0000000,186.2843054,175.6508523
9800,2,0.0000000,0.0000000,214.9746031,149.5599086
9800,3,0.0000000,0.0000000,285.8710098,137.0830267
9800,4,0.0000000,0.0000000,296.0000000,69.0000000
9800,5,0.0000000,0.0000000,180.0000000,72.0000000
9900,0,0.0000000,0.0000000,185.9405641,175.9515300
9900,2,0.0000000,0.0000000,216.1951700,148.7784224
9900,3,0.0000000,0.0000000,285.3118364,136.2539759
9900,4,0.0000000,0.0000000,296.0000000,69.0000000
9900,5,0.0000000,0.0000000,180.0000000,72.0000000
10000,0,0.0000000,0.0000000,186.7287649,175.2407418
10000,2,0.0000000,0.0000000,216.2837948,149.0084020
10000,3,0.0000000,0.0000000,284.7526631,135.4249252
10000,4,0.0000000,0.0000000,296.0000000,69.0000000
10000,5,0.0000000,0.0000000,180.0000000,72.0000000
10100,0,0.0000000,0.0000000,186.8854240,175.1005547
10100,2,0.0000000,0.0000000,217.0039613,148.6677806
10100,3,0.0000000,0.0000000,284.1934897,134.5958744
10100,4,0.0000000,0.0000000,296.0000000,69.0000000
10100,5,0.0000000,0.0000000,180.0000000,72.0000000
10200,0,0.0000000,0.0000000,186.9988453,175.0010134
10200,2,0.0000000,0.0000000,217.7585292,148.2913588
10200,3,0.0000000,0.0000000,283.6399515,133.7751786
10200,4,0.0000000,0.0000000,296.0000000,69.0000000
10200,5,0.0000000,0.0000000,180.0000000,72.0000000
10300,0,0.0000000,0.0000000,186.9999884,175.0000102
10300,2,0.0000000,0.0000000,218.6341227,147.8116022
10300,3,0.0000000,0.0000000,283.0808349,132.9462121
10300,4,0.0000000,0.0000000,296.0000000,69.0000000
10300,5,0.0000000,0.0000000,180.0000000,72.0000000
10400,0,0.0000000,0.0000000,186.9999999,175.0000001
10400,2,0.0000000,0.0000000,219.5109359,147.3308043
10400,3,0.0000000,0.0000000,282.5216621,132.1171622
10400,4,0.0000000,0.0000000,296.0000000,69.0000000
10400,5,0.0000000,0.0000000,180.0000000,72.0000000
10500,0,0.0000000,0.0000000,187.0000000,175.0000000
10500,2,0.0000000,0.0000000,220.3877613,146.8499958
10500,3,0.0000000,0.0000000,281.9624888,131.2881114
10500,4,0.0000000,0.0000000,296.0000000,69.0000000
10500,5,0.0000000,0.0000000,180.0000000,72.0000000
10600,0,0.0000000,0.0000000,187.0000000,175.0000000
10600,2,0.0000000,0.0000000,221.2645869,146.3691873
10600,3,0.0000000,0.0000000,281.4033154,130.4590607
10600,4,0.0000000,0.0000000,296.0000000,69.0000000
10600,5,0.0000000,0.0000000,180.0000000,72.0000000
10700,0,0.0000000,0.0000000,187.0000000,175.0000000
10700,2,0.0000000,0.0000000,222.1414125,145.8883787
10700,3,0.0000000,0.0000000,280.8441420,129.6300099
10700,4,0.0000000,0.0000000,296.0000000,69.0000000
10700,5,0.0000000,0.0000000,180.0000000,72.0000000
10800,0,0.0000000,0.0000000,187.0000000,175.0000000
10800,2,0.0000000,0.0000000,223.0182381,145.4075701
10800,3,0.0000000,0.0000000,280.2849687,128.8009592
10800,4,0.0000000,0.0000000,296.0000000,69.0000000
10800,5,0.0000000,0.0000000,180.0000000,72.0000000
10900,0,0.0000000,0.0000000,187.0000000,175.0000000
10900,2,0.0000000,0.0000000,223.8950637,144.9267616
10900,3,0.0000000,0.0000000,279.7257953,127.9719084
10900,4,0.0000000,0.0000000,296.0000000,69.0000000
10900,5,0.0000000,0.0000000,180.0000000,72.0000000
11000,0,0.0000000,0.0000000,187.0000000,175.0000000
11000,2,0.0000000,0.0000000,224.7718893,144.4459530
11000,3,0.0000000,0.0000000,279.1666219,127.1428577
11000,4,0.0000000,0.0000000,296.0000000,69.0000000
11000,5,0.0000000,0.0000000,180.0000000,72.0000000
11100,0,0.0000000,0.0000000,187.0000000,175.0000000
11100,2,0.0000000,0.0000000,225.6487149,143.9651444
11100,3,0.0000000,0.0000000,278.6074486,126.3138069
11100,4,0.0000000,0.0000000,296.0000000,69.0000000
11100,5,0.0000000,0.0000000,180.0000000,72.0000000
11200,0,0.0000000,0.0000000,187.0000000,175.0000000
11200,2,0.0000000,0.0000000,226.5255405,143.4843359
11200,3,0.0000000,0.0000000,278.0482752,125.4847562
11200,4,0.0000000,0.0000000,296.0000000,69.0000000
11200,5,0.0000000,0.0000000,180.0000000,72.0000000
11300,0,0.0000000,0.0000000,187.0000000,175.0000000
11300,2,0.0000000,0.0000000,227.4023661,143.0035273
11300,3,0.0000000,0.0000000,277.4891018,124.6557054
11300,4,0.0000000,0.0000000,296.0000000,69.0000000
11300,5,0.0000000,0.0000000,180.0000000,72.0000000
11400,0,0.0000000,0.0000000,187.0000000,175.0000000
11400,2,0.0000000,0.0000000,228.2791917,142.5227188
11400,3,0.0000000,0.0000000,276.9299285,123.8266547
11400,4,0.0000000,0.0000000,296.0000000,69.0000000
11400,5,0.0000000,0.0000000,180.0000000,72.0000000
11500,0,0.0000000,0.0000000,187.0000000,175.0000000
11500,2,0.0000000,0.0000000,229.1560173,142.0419102
11500,3,0.0000000,0.0000000,276.3707551,122.9976039
11500,4,0.0000000,0.0000000,296.0000000,69.0000000
11500,5,0.0000000,0.0000000,180.0000000,72.0000000
11600,0,0.0000000,0.0000000,187.0000000,175.0000000
11600,2,0.0000000,0.0000000,230.0328429,141.5611016
11600,3,0.0000000,0.0000000,275.8115817,122.1685532
11600,4,0.0000000,0.0000000,296.0000000,69.0000000
11600,5,0.0000000,0.0000000,180.0000000,72.0000000
11700,0,0.0000000,0.0000000,187.0000000,175.0000000
11700,2,0.0000000,0.0000000,230.9096685,141.0802931
11700,3,0.0000000,0.0000000,275.2524083,121.3395024
11700,4,0.0000000,0.0000000,296.0000000,69.0000000
11700,5,0.0000000,0.0000000,180.0000000,72.0000000
11800,0,0.0000000,0.0000000,187.0000000,175.0000000
11800,2,0.0000000,0.0000000,231.7864941,140.5994845
11800,3,0.0000000,0.0000000,274.6932350,120.5104517
11800,4,0.0000000,0.0000000,296.0000000,69.0000000
11800,5,0.0000000,0.0000000,180.0000000,72.0000000
11900,0,0.0000000,0.0000000,187.0000000,175.0000000
11900,2,0.0000000,0.0000000,232.6633197,140.1186760
11900,3,0.0000000,0.0000000,274.1340616,119.6814009
11900,4,0.0000000,0.0000000,296.0000000,69.0000000
11900,5,0.0000000,0.0000000,180.0000000,72.0000000
12000,0,0.0000000,0.0000000,187.0000000,175.0000000
12000,2,0.0000000,0.0000000,233.5401453,139.6378674
12000,3,0.0000000,0.0000000,273.5748882,118.8523502
12000,4,0.0000000,0.0000000,296.0000000,69.0000000
12000,5,0.0000000,0.0000000,180.0000000,72.0000000
12100,0,0.0000000,0.0000000,187.0000000,175.0000000
12100,2,0.0000000,0.0000000,234.4169709,139.1570588
12100,3,0.0000000,0.0000000,273.0157149,118.0232994
12100,4,0.0000000,0.0000000,296.0000000,69.0000000
12100,5,0.0000000,0.0000000,180.0000000,72.0000000
12200,0,0.0000000,0.0000000,187.0000000,175.0000000
12200,2,0.0000000,0.0000000,235.2937965,138.6762503
12200,3,0.0000000,0.0000000,273.0001584,118.0002348
12200,4,0.0000000,0.0000000,296.0000000,69.0000000
12200,5,0.0000000,0.0000000,180.0000000,72.0000000
12300,0,0.0000000,0.0000000,187.0000000,175.0000000
12300,2,0.0000000,0.0000000,236.1706221,138.1954417
12300,3,0.0000000,0.0000000,273.0000016,118.0000024
12300,4,0.0000000,0.0000000,296.0000000,69.0000000
12300,5,0.0000000,0.0000000,180.0000000,72.0000000
12400,0,0.0000000,0.0000000,187.0000000,175.0000000
12400,2,0.0000000,0.0000000,237.0474477,137.7146331
12400,3,0.0000000,0.0000000,273.0000000,118.0000000
12400,4,0.0000000,0.0000000,296.0000000,69.0000000
12400,5,0.0000000,0.0000000,180.0000000,72.0000000
12500,0,0.0000000,0.0000000,187.0000000,175.0000000
12500,2,0.0000000,0.0000000,237.9242733,137.2338246
12500,3,0.0000000,0.0000000,273.0000000,118.0000000
12500,4,0.0000000,0.0000000,296.0000000,69.0000000
12500,5,0.0000000,0.0000000,180.0000000,72.0000000
12600,0,0.0000000,0.0000000,187.0000000,175.0000000
12600,2,0.0000000,0.0000000,238.3551320,136.9975626
12600,3,0.0000000,0.0000000,273.4548932,117.7505587
12600,4,0.0000000,0.0000000,296.0000000,69.0000000
12600,5,0.0000000,0.0000000,180.0000000,72.0000000
12700,0,0.0000000,0.0000000,187.0000000,175.0000000
12700,2,0.0000000,0.0000000,238.8164605,136.7445924
12700,3,0.0000000,0.0000000,273.8703903,117.5227203
12700,4,0.0000000,0.0000000,296.0000000,69.0000000
12700,5,0.0000000,0.0000000,180.0000000,72.0000000
12800,0,0.0000000,0.0000000,187.0000000,175.0000000
12800,2,0.0000000,0.0000000,239.2143183,136.5264265
12800,3,0.0000000,0.0000000,274.3493581,117.2600776
12800,4,0.0000000,0.0000000,296.0000000,69.0000000
12800,5,0.0000000,0.0000000,180.0000000,72.0000000
12900,0,0.0000000,0.0000000,187.0000000,175.0000000
12900,2,0.0000000,0.0000000,239.6159623,136.3061845
12900,3,0.0000000,0.0000000,274.8245397,116.9995111
12900,4,0.0000000,0.0000000,296.0000000,69.0000000
12900,5,0.0000000,0.0000000,180.0000000,72.0000000
13000,0,0.0000000,0.0000000,187.0000000,175.0000000
13000,2,0.0000000,0.0000000,240.1086337,136.0360274
13000,3,0.0000000,0.0000000,275.2086939,116.7888596
13000,4,0.0000000,0.0000000,296.0000000,69.0000000
13000,5,0.0000000,0.0000000,180.0000000,72.0000000
13100,0,0.0000000,0.0000000,187.0000000,175.0000000
13100,2,0.0000000,0.0000000,240.6016074,135.7657046
13100,3,0.0000000,0.0000000,275.5925458,116.5783738
13100,4,0.0000000,0.0000000,296.0000000,69.0000000
13100,5,0.0000000,0.0000000,180.0000000,72.0000000
13200,0,0.0000000,0.0000000,187.0000000,175.0000000
13200,2,0.0000000,0.0000000,240.9950768,135.5499451
13200,3,0.0000000,0.0000000,276.0759020,116.3133248
13200,4,0.0000000,0.0000000,296.0000000,69.0000000
13200,5,0.0000000,0.0000000,180.0000000,72.0000000
13300,0,0.0000000,0.0000000,187.0000000,175.0000000
13300,2,0.0000000,0.0000000,241.5151672,135.2647528
13300,3,0.0000000,0.0000000,276.4326372,116.1177085
13300,4,0.0000000,0.0000000,296.0000000,69.0000000
13300,5,0.0000000,0.0000000,180.0000000,72.0000000
13400,0,0.0000000,0.0000000,187.0000000,175.0000000
13400,2,0.0000000,0.0000000,241.7039066,135.1612573
13400,3,0.0000000,0.0000000,277.1207234,115.7403955
13400,4,0.0000000,0.0000000,296.0000000,69.0000000
13400,5,0.0000000,0.0000000,180.0000000,72.0000000
13500,0,0.0000000,0.0000000,187.0000000,175.0000000
13500,2,0.0000000,0.0000000,242.2643919,134.8539143
13500,3,0.0000000,0.0000000,277.4370636,115.5669299
13500,4,0.0000000,0.0000000,296.0000000,69.0000000
13500,5,0.0000000,0.0000000,180.0000000,72.0000000
13600,0,0.0000000,0.0000000,187.0000000,175.0000000
13600,2,0.0000000,0.0000000,242.7525337,134.5862411
13600,3,0.0000000,0.0000000,277.8257474,115.3537945
13600,4,0.0000000,0.0000000,296.0000000,69.0000000
13600,5,0.0000000,0.0000000,180.0000000,72.0000000
13700,0,0.0000000,0.0000000,187.0000000,175.0000000
13700,2,0.0000000,0.0000000,243.0915345,134.4003495
13700,3,0.0000000,0.0000000,278.3635722,115.0588776
13700,4,0.0000000,0.0000000,296.0000000,69.0000000
13700,5,0.0000000,0.0000000,180.0000000,72.0000000
13800,0,0.0000000,0.0000000,187.0000000,175.0000000
13800,2,0.0000000,0.0000000,243.5235261,134.1634663
13800,3,0.0000000,0.0000000,278.8084062,114.8149522
13800,4,0.0000000,0.0000000,296.0000000,69.0000000
13800,5,0.0000000,0.0000000,180.0000000,72.0000000
13900,0,0.0000000,0.0000000,187.0000000,175.0000000
13900,2,0.0000000,0.0000000,244.1941580,133.7957244
13900,3,0.0000000,0.0000000,279.0145999,114.7018856
13900,4,0.0000000,0.0000000,296.0000000,69.0000000
13900,5,0.0000000,0.0000000,180.0000000,72.0000000
14000,0,0.0000000,0.0000000,187.0000000,175.0000000
14000,2,0.0000000,0.0000000,244.3771669,133.6953712
14000,3,0.0000000,0.0000000,279.7084167,114.3214302
14000,4,0.0000000,0.0000000,296.0000000,69.0000000
14000,5,0.0000000,0.0000000,180.0000000,72.0000000
14100,0,0.0000000,0.0000000,187.0000000,175.0000000
14100,2,0.0000000,0.0000000,244.6155272,133.5646660
14100,3,0.0000000,0.0000000,280.3468819,113.9713269
14100,4,0.0000000,0.0000000,296.0000000,69.0000000
14100,5,0.0000000,0.0000000,180.0000000,72.0000000
14200,0,0.0000000,0.0000000,187.0000000,175.0000000
14200,2,0.0000000,0.0000000,244.8538876,133.4339607
14200,3,0.0000000,0.0000000,280.9853472,113.6212235
14200,4,0.0000000,0.0000000,296.0000000,69.0000000
14200,5,0.0000000,0.0000000,180.0000000,72.0000000
14300,0,0.0000000,0.0000000,187.0000000,175.0000000
14300,2,0.0000000,0.0000000,245.0922479,133.3032555
14300,3,0.0000000,0.0000000,281.6238124,113.2711202
14300,4,0.0000000,0.0000000,296.0000000,69.0000000
14300,5,0.0000000,0.0000000,180.0000000,72.0000000
14400,0,0.0000000,0.0000000,187.0000000,175.0000000
14400,2,0.0000000,0.0000000,245.3306083,133.1725502
14400,3,0.0000000,0.0000000,282.2622776,112.9210169
14400,4,0.0000000,0.0000000,296.0000000,69.0000000
14400,5,0.0000000,0.0000000,180.0000000,72.0000000
14500,0,0.0000000,0.0000000,187.0000000,175.0000000
14500,2,0.0000000,0.0000000,245.5689687,133.0418450
14500,3,0.0000000,0.0000000,282.9007429,112.5709136
14500,4,0.0000000,0.0000000,296.0000000,69.0000000
14500,5,0.0000000,0.0000000,180.0000000,72.0000000
1460,0,0.0000000,0.0000000,187.0000000,175.0000000
1460,2,0.0000000,0.0000000,245.6388843,133.0035067
1460,3,0.0000000,0.0000000,283.7076529,112.1284433
1460,4,0.0000000,0.0000000,296.0000000,69.0000000
1460,5,0.0000000,0.0000000,180.0000000,72.0000000
1470,0,0.0000000,0.0000000,187.0000000,175.0000000
1470,2,0.0000000,0.0000000,246.0974191,132.7520684
1470,3,0.0000000,0.0000000,283.9603200,111.9898930
1470,4,0.0000000,0.0000000,296.0000000,69.0000000
1470,5,0.0000000,0.0000000,180.0000000,72.0000000
1480,0,0.0000000,0.0000000,187.0000000,175.0000000
1480,2,0.0000000,0.0000000,246.3549488,132.6108517
1480,3,0.0000000,0.0000000,283.9603200,111.9898930
1480,4,0.0000000,0.0000000,296.0000000,69.0000000
1480,5,0.0000000,0.0000000,180.0000000,72.0000000
1490,0,0.0000000,0.0000000,187.0000000,175.0000000
1490,2,0.0000000,0.0000000,246.5511612,132.5032583
1490,3,0.0000000,0.0000000,283.9603200,111.9898930
1490,4,0.0000000,0.0000000,296.0000000,69.0000000
1490,5,0.0000000,0.0000000,180.0000000,72.0000000
1500,0,0.0000000,0.0000000,187.0000000,175.0000000
1500,2,0.0000000,0.0000000,246.7841640,132.3754909
1500,3,0.0000000,0.0000000,283.9603200,111.9898930
1500,4,0.0000000,0.0000000,296.0000000,69.0000000
1500,5,0.0000000,0.0000000,180.0000000,72.0000000
1510,0,0.0000000,0.0000000,187.0000000,175.0000000
1510,2,0.0000000,0.0000000,246.9950926,132.2598279
1510,3,0.0000000,0.0000000,283.9603200,111.9898930
1510,4,0.0000000,0.0000000,296.0000000,69.0000000
1510,5,0.0000000,0.0000000,180.0000000,72.0000000
1520,0,0.0000000,0.0000000,187.0000000,175.0000000
1520,2,0.0000000,0.0000000,247.2192657,132.1369023
1520,3,0.0000000,0.0000000,283.9603200,111.9898930
1520,4,0.0000000,0.0000000,296.0000000,69.0000000
1520,5,0.0000000,0.0000000,180.0000000,72.0000000
1530,0,0.0000000,0.0000000,187.0000000,175.0000000
1530,2,0.0000000,0.0000000,247.4354921,132.0183342
1530,3,0.0000000,0.0000000,283.9603200,111.9898930
1530,4,0.0000000,0.0000000,296.0000000,69.0000000
1530,5,0.0000000,0.0000000,180.0000000,72.0000000
1540,0,0.0000000,0.0000000,187.0000000,175.0000000
1540,2,0.0000000,0.0000000,247.6564865,131.8971516
1540,3,0.0000000,0.0000000,283.9603200,111.9898930
1540,4,0.0000000,0.0000000,296.0000000,69.0000000
1540,5,0.0000000,0.0000000,180.0000000,72.0000000
1550,0,0.0000000,0.0000000,187.0000000,175.0000000
1550,2,0.0000000,0.0000000,247.8746201,131.7775378
1550,3,0.0000000,0.0000000,283.9603200,111.9898930
1550,4,0.0000000,0.0000000,296.0000000,69.0000000
1550,5,0.0000000,0.0000000,180.0000000,72.0000000
1560,0,0.0000000,0.0000000,187.0000000,175.0000000
1560,2,0.0000000,0.0000000,248.0944701,131.6569827
1560,3,0.0000000,0.0000000,283.9603200,111.9898930
1560,4,0.0000000,0.0000000,296.0000000,69.0000000
1560,5,0.0000000,0.0000000,180.0000000,72.0000000
1570,0,0.0000000,0.0000000,187.0000000,175.0000000
1570,2,0.0000000,0.0000000,248.3132903,131.5369923
1570,3,0.0000000,0.0000000,283.9603200,111.9898930
1570,4,0.0000000,0.0000000,296.0000000,69.0000000
1570,5,0.0000000,0.0000000,180.0000000,72.0000000
1580,0,0.0000000,0.0000000,187.0000000,175.0000000
1580,2,0.0000000,0.0000000,248.5327285,131.4166631
1580,3,0.0000000,0.0000000,283.9603200,111.9898930
1580,4,0.0000000,0.0000000,296.0000000,69.0000000
1580,5,0.0000000,0.0000000,180.0000000,72.0000000
1590,0,0.0000000,0.0000000,187.0000000,175.0000000
1590,2,0.0000000,0.0000000,248.7517958,131.2965372
1590,3,0.0000000,0.0000000,283.9603200,111.9898930
1590,4,0.0000000,0.0000000,296.0000000,69.0000000
1590,5,0.0000000,0.0000000,180.0000000,72.0000000
1600,0,0.0000000,0.0000000,187.0000000,175.0000000
1600,2,0.0000000,0.0000000,248.9710856,131.1762893
1600,3,0.0000000,0.0000000,284.0608674,111.9347576
1600,4,0.0000000,0.0000000,296.0000000,69.0000000
1600,5,0.0000000,0.0000000,180.0000000,72.0000000
1610,0,0.0000000,0.0000000,187.0000000,175.0000000
1610,2,0.0000000,0.0000000,249.5239479,130.8731265
1610,3,0.0000000,0.0000000,284.4555052,111.7183574
1610,4,0.0000000,0.0000000,296.0000000,69.0000000
1610,5,0.0000000,0.0000000,180.0000000,72.0000000
1620,0,0.0000000,0.0000000,187.0000000,175.0000000
1620,2,0.0000000,0.0000000,250.0043047,130.6097222
1620,3,0.0000000,0.0000000,284.8193466,111.5188445
1620,4,0.0000000,0.0000000,296.0000000,69.0000000
1620,5,0.0000000,0.0000000,180.0000000,72.0000000
1630,0,0.0000000,0.0000000,187.0000000,175.0000000
1630,2,0.0000000,0.0000000,250.5123348,130.3311431
1630,3,0.0000000,0.0000000,285.2005951,111.3097864
1630,4,0.0000000,0.0000000,296.0000000,69.0000000
1630,5,0.0000000,0.0000000,180.0000000,72.0000000
1640,0,0.0000000,0.0000000,187.0000000,175.0000000
1640,2,0.0000000,0.0000000,251.0114308,130.0574631
1640,3,0.0000000,0.0000000,285.5743043,111.1048624
1640,4,0.0000000,0.0000000,296.0000000,69.0000000
1640,5,0.0000000,0.0000000,180.0000000,72.0000000
1650,0,0.0000000,0.0000000,187.0000000,175.0000000
1650,2,0.0000000,0.0000000,251.5082779,129.7850164
1650,3,0.0000000,0.0000000,285.9470473,110.9004682
1650,4,0.0000000,0.0000000,296.0000000,69.0000000
1650,5,0.0000000,0.0000000,180.0000000,72.0000000
1660,0,0.0000000,0.0000000,187.0000000,175.0000000
1660,2,0.0000000,0.0000000,251.5082779,129.7850164
1660,3,0.0000000,0.0000000,285.9470473,110.9004682
1660,4,0.0000000,0.0000000,296.0000000,69.0000000
1660,5,0.0000000,0.0000000,180.0000000,72.0000000
1670,0,0.0000000,0.0000000,187.0000000,175.0000000
1670,2,0.0000000,0.0000000,251.5082779,129.7850164
1670,3,0.0000000,0.0000000,285.9470473,110.9004682
1670,4,0.0000000,0.0000000,296.0000000,69.0000000
1670,5,0.0000000,0.0000000,180.0000000,72.0000000
1680,0,0.0000000,0.0000000,187.0000000,175.0000000
1680,2,0.0000000,0.0000000,251.5082779,129.7850164
1680,3,0.0000000,0.0000000,285.9470473,110.9004682
1680,4,0.0000000,0.0000000,296.0000000,69.0000000
1680,5,0.0000000,0.0000000,180.0000000,72.0000000
1690,0,0.0000000,0.0000000,187.0000000,175.0000000
1690,2,0.0000000,0.0000000,251.5082779,129.7850164
1690,3,0.0000000,0.0000000,285.9470473,110.9004682
1690,4,0.0000000,0.0000000,296.0000000,69.0000000
1690,5,0.0000000,0.0000000,180.0000000,72.0000000
1700,0,0.0000000,0.0000000,187.0000000,175.0000000
1700,2,0.0000000,0.0000000,251.5082779,129.7850164
1700,3,0.0000000,0.0000000,285.9470473,110.9004682
1700,4,0.0000000,0.0000000,296.0000000,69.0000000
1700,5,0.0000000,0.0000000,180.0000000,72.0000000
1710,0,0.0000000,0.0000000,187.0000000,175.0000000
1710,2,0.0000000,0.0000000,251.5082779,129.7850164
1710,3,0.0000000,0.0000000,285.9470473,110.9004682
1710,4,0.0000000,0.0000000,296.0000000,69.0000000
1710,5,0.0000000,0.0000000,180.0000000,72.0000000
1720,0,0.0000000,0.0000000,187.0000000,175.0000000
1720,2,0.0000000,0.0000000,251.5082779,129.7850164
1720,3,0.0000000,0.0000000,285.9470473,110.9004682
1720,4,0.0000000,0.0000000,296.0000000,69.0000000
1720,5,0.0000000,0.0000000,180.0000000,72.0000000
1730,0,0.0000000,0.0000000,187.0000000,175.0000000
1730,2,0.0000000,0.0000000,251.5082779,129.7850164
1730,3,0.0000000,0.0000000,285.9470473,110.9004682
1730,4,0.0000000,0.0000000,296.0000000,69.0000000
1730,5,0.0000000,0.0000000,180.0000000,72.0000000
1740,0,0.0000000,0.0000000,187.0000000,175.0000000
1740,2,0.0000000,0.0000000,251.5082779,129.7850164
1740,3,0.0000000,0.0000000,285.9470473,110.9004682
1740,4,0.0000000,0.0000000,296.0000000,69.0000000
1740,5,0.0000000,0.0000000,180.0000000,72.0000000
1750,0,0.0000000,0.0000000,187.0000000,175.0000000
1750,2,0.0000000,0.0000000,251.5082779,129.7850164
1750,3,0.0000000,0.0000000,285.9470473,110.9004682
1750,4,0.0000000,0.0000000,296.0000000,69.0000000
1750,5,0.0000000,0.0000000,180.0000000,72.0000000
1760,0,0.0000000,0.0000000,187.0000000,175.0000000
1760,2,0.0000000,0.0000000,251.5082779,129.7850164
1760,3,0.0000000,0.0000000,285.9470473,110.9004682
1760,4,0.0000000,0.0000000,296.0000000,69.0000000
1760,5,0.0000000,0.0000000,180.0000000,72.0000000
1770,0,0.0000000,0.0000000,187.0000000,175.0000000
1770,2,0.0000000,0.0000000,251.5082779,129.7850164
1770,3,0.0000000,0.0000000,285.9470473,110.9004682
1770,4,0.0000000,0.0000000,296.0000000,69.0000000
1770,5,0.0000000,0.0000000,180.0000000,72.0000000
1780,0,0.0000000,0.0000000,187.0000000,175.0000000
1780,2,0.0000000,0.0000000,251.5082779,129.7850164
1780,3,0.0000000,0.0000000,285.9470473,110.9004682
1780,4,0.0000000,0.0000000,296.0000000,69.0000000
1780,5,0.0000000,0.0000000,180.0000000,72.0000000
1790,0,0.0000000,0.0000000,187.0000000,175.0000000
1790,2,0.0000000,0.0000000,251.5082779,129.7850164
1790,3,0.0000000,0.0000000,285.9470473,110.9004682
1790,4,0.0000000,0.0000000,296.0000000,69.0000000
1790,5,0.0000000,0.0000000,180.0000000,72.0000000
1800,0,0.0000000,0.0000000,187.0000000,175.0000000
1800,2,0.0000000,0.0000000,251.5082779,129.7850164
1800,3,0.0000000,0.0000000,285.9470473,110.9004682
1800,4,0.0000000,0.0000000,296.0000000,69.0000000
1800,5,0.0000000,0.0000000,180.0000000,72.0000000
1810,0,0.0000000,0.0000000,187.0000000,175.0000000
1810,2,0.0000000,0.0000000,251.5082779,129.7850164
1810,3,0.0000000,0.0000000,285.9470473,110.9004682
1810,4,0.0000000,0.0000000,296.0000000,69.0000000
1810,5,0.0000000,0.0000000,180.0000000,72.0000000
1820,0,0.0000000,0.0000000,187.0000000,175.0000000
1820,2,0.0000000,0.0000000,251.5082779,129.7850164
1820,3,0.0000000,0.0000000,285.9470473,110.9004682
1820,4,0.0000000,0.0000000,296.0000000,69.0000000
1820,5,0.0000000,0.0000000,180.0000000,72.0000000
1830,0,0.0000000,0.0000000,187.0000000,175.0000000
1830,2,0.0000000,0.0000000,251.5082779,129.7850164
1830,3,0.0000000,0.0000000,285.9470473,110.9004682
1830,4,0.0000000,0.0000000,296.0000000,69.0000000
1830,5,0.0000000,0.0000000,180.0000000,72.0000000
1840,0,0.0000000,0.0000000,187.0000000,175.0000000
1840,2,0.0000000,0.0000000,251.5082779,129.7850164
1840,3,0.0000000,0.0000000,285.9470473,110.9004682
1840,4,0.0000000,0.0000000,296.0000000,69.0000000
1840,5,0.0000000,0.0000000,180.0000000,72.0000000
1850,0,0.0000000,0.0000000,187.0000000,175.0000000
1850,2,0.0000000,0.0000000,251.5082779,129.7850164
1850,3,0.0000000,0.0000000,285.9470473,110.9004682
1850,4,0.0000000,0.0000000,296.0000000,69.0000000
1850,5,0.0000000,0.0000000,180.0000000,72.0000000
1860,0,0.0000000,0.0000000,187.0000000,175.0000000
1860,2,0.0000000,0.0000000,251.5082779,129.7850164
1860,3,0.0000000,0.0000000,285.9470473,110.9004682
1860,4,0.0000000,0.0000000,296.0000000,69.0000000
1860,5,0.0000000,0.0000000,180.0000000,72.0000000
1870,0,0.0000000,0.0000000,187.0000000,175.0000000
1870,2,0.0000000,0.0000000,251.5082779,129.7850164
1870,3,0.0000000,0.0000000,285.9470473,110.9004682
1870,4,0.0000000,0.0000000,296.0000000,69.0000000
1870,5,0.0000000,0.0000000,180.0000000,72.0000000
1880,0,0.0000000,0.0000000,187.0000000,175.0000000
1880,2,0.0000000,0.0000000,251.5082779,129.7850164
1880,3,0.0000000,0.0000000,285.9470473,110.9004682
1880,4,0.0000000,0.0000000,296.0000000,69.0000000
1880,5,0.0000000,0.0000000,180.0000000,72.0000000
1890,0,0.0000000,0.0000000,187.0000000,175.0000000
1890,2,0.0000000,0.0000000,251.5082779,129.7850164
1890,3,0.0000000,0.0000000,285.9470473,110.9004682
1890,4,0.0000000,0.0000000,296.0000000,69.0000000
1890,5,0.0000000,0.0000000,180.0000000,72.0000000
1900,0,0.0000000,0.0000000,187.0000000,175.0000000
1900,2,0.0000000,0.0000000,251.5082779,129.7850164
1900,3,0.0000000,0.0000000,285.9470473,110.9004682
1900,4,0.0000000,0.0000000,296.0000000,69.0000000
1900,5,0.0000000,0.0000000,180.0000000,72.0000000
1910,0,0.0000000,0.0000000,187.0000000,175.0000000
1910,2,0.0000000,0.0000000,251.5082779,129.7850164
1910,3,0.0000000,0.0000000,285.9470473,110.9004682
1910,4,0.0000000,0.0000000,296.0000000,69.0000000
1910,5,0.0000000,0.0000000,180.0000000,72.0000000
1920,0,0.0000000,0.0000000,187.0000000,175.0000000
1920,2,0.0000000,0.0000000,251.5082779,129.7850164
1920,3,0.0000000,0.0000000,285.9470473,110.9004682
1920,4,0.0000000,0.0000000,296.0000000,69.0000000
1920,5,0.0000000,0.0000000,180.0000000,72.0000000
1930,0,0.0000000,0.0000000,187.0000000,175.0000000
1930,2,0.0000000,0.0000000,251.5082779,129.7850164
1930,3,0.0000000,0.0000000,285.9470473,110.9004682
1930,4,0.0000000,0.0000000,296.0000000,69.0000000
1930,5,0.0000000,0.0000000,180.0000000,72.0000000
1940,0,0.0000000,0.0000000,187.0000000,175.0000000
1940,2,0.0000000,0.0000000,251.5082779,129.7850164
1940,3,0.0000000,0.0000000,285.9470473,110.9004682
1940,4,0.0000000,0.0000000,296.0000000,69.0000000
1940,5,0.0000000,0.0000000,180.0000000,72.0000000
1950,0,0.0000000,0.0000000,187.0000000,175.0000000
1950,2,0.0000000,0.0000000,251.5082779,129.7850164
1950,3,0.0000000,0.0000000,285.9470473,110.9004682
1950,4,0.0000000,0.0000000,296.0000000,69.0000000
1950,5,0.0000000,0.0000000,180.0000000,72.0000000
1960,0,0.0000000,0.0000000,187.0000000,175.0000000
1960,2,0.0000000,0.0000000,251.5082779,129.7850164
1960,3,0.0000000,0.0000000,285.9470473,110.9004682
1960,4,0.0000000,0.0000000,296.0000000,69.0000000
1960,5,0.0000000,0.0000000,180.0000000,72.0000000
1970,0,0.0000000,0.0000000,187.0000000,175.0000000
1970,2,0.0000000,0.0000000,251.5082779,129.7850164
1970,3,0.0000000,0.0000000,285.9470473,110.9004682
1970,4,0.0000000,0.0000000,296.0000000,69.0000000
1970,5,0.0000000,0.0000000,180.0000000,72.0000000
1980,0,0.0000000,0.0000000,187.0000000,175.0000000
1980,2,0.0000000,0.0000000,251.5082779,129.7850164
1980,3,0.0000000,0.0000000,285.9470473,110.9004682
1980,4,0.0000000,0.0000000,296.0000000,69.0000000
1980,5,0.0000000,0.0000000,180.0000000,72.0000000
1990,0,0.0000000,0.0000000,187.0000000,175.0000000
1990,2,0.0000000,0.0000000,251.5082779,129.7850164
1990,3,0.0000000,0.0000000,285.9470473,110.9004682
1990,4,0.0000000,0.0000000,296.0000000,69.0000000
1990,5,0.0000000,0.0000000,180.0000000,72.0000000
2000,0,0.0000000,0.0000000,187.0000000,175.0000000
2000,2,0.0000000,0.0000000,251.5082779,129.7850164
2000,3,0.0000000,0.0000000,285.9470473,110.9004682
2000,4,0.0000000,0.0000000,296.0000000,69.0000000
2000,5,0.0000000,0.0000000,180.0000000,72.0000000
2010,0,0.0000000,0.0000000,187.0000000,175.0000000
2010,2,0.0000000,0.0000000,251.5082779,129.7850164
2010,3,0.0000000,0.0000000,285.9470473,110.9004682
2010,4,0.0000000,0.0000000,296.0000000,69.0000000
2010,5,0.0000000,0.0000000,180.0000000,72.0000000
2020,0,0.0000000,0.0000000,187.0000000,175.0000000
2020,2,0.0000000,0.0000000,251.5082779,129.7850164
2020,3,0.0000000,0.0000000,285.9470473,110.9004682
2020,4,0.0000000,0.0000000,296.0000000,69.0000000
2020,5,0.0000000,0.0000000,180.0000000,72.0000000
2030,0,0.0000000,0.0000000,187.0000000,175.0000000
2030,2,0.0000000,0.0000000,251.5082779,129.7850164
2030,3,0.0000000,0.0000000,285.9470473,110.9004682
2030,4,0.0000000,0.0000000,296.0000000,69.0000000
2030,5,0.0000000,0.0000000,180.0000000,72.0000000
2040,0,0.0000000,0.0000000,187.0000000,175.0000000
2040,2,0.0000000,0.0000000,251.5082779,129.7850164
2040,3,0.0000000,0.0000000,285.9470473,110.9004682
2040,4,0.0000000,0.0000000,296.0000000,69.0000000
2040,5,0.0000000,0.0000000,180.0000000,72.0000000
2050,0,0.0000000,0.0000000,187.0000000,175.0000000
2050,2,0.0000000,0.0000000,251.5082779,129.7850164
2050,3,0.0000000,0.0000000,285.9470473,110.9004682
2050,4,0.0000000,0.0000000,296.0000000,69.0000000
2050,5,0.0000000,0.0000000,180.0000000,72.0000000
2060,0,0.0000000,0.0000000,187.0000000,175.0000000
2060,2,0.0000000,0.0000000,251.5082779,129.7850164
2060,3,0.0000000,0.0000000,285.9470473,110.9004682
2060,4,0.0000000,0.0000000,296.0000000,69.0000000
2060,5,0.0000000,0.0000000,180.0000000,72.0000000
2070,0,0.0000000,0.0000000,187.0000000,175.0000000
2070,2,0.0000000,0.0000000,251.5082779,129.7850164
2070,3,0.0000000,0.0000000,285.9470473,110.9004682
2070,4,0.0000000,0.0000000,296.0000000,69.0000000
2070,5,0.0000000,0.0000000,180.0000000,72.0000000
2080,0,0.0000000,0.0000000,187.0000000,175.0000000
2080,2,0.0000000,0.0000000,251.5082779,129.7850164
2080,3,0.0000000,0.0000000,285.9470473,110.9004682
2080,4,0.0000000,0.0000000,296.0000000,69.0000000
2080,5,0.0000000,0.0000000,180.0000000,72.0000000
2090,0,0.0000000,0.0000000,187.0000000,175.0000000
2090,2,0.0000000,0.0000000,251.5082779,129.7850164
2090,3,0.0000000,0.0000000,285.9470473,110.9004682
2090,4,0.0000000,0.0000000,296.0000000,69.0000000
2090,5,0.0000000,0.0000000,180.0000000,72.0000000
2100,0,0.0000000,0.0000000,187.0000000,175.0000000
2100,2,0.0000000,0.0000000,251.5082779,129.7850164
2100,3,0.0000000,0.0000000,285.9470473,110.9004682
2100,4,0.0000000,0.0000000,296.0000000,69.0000000
2100,5,0.0000000,0.0000000,180.0000000,72.0000000
2110,0,0.0000000,0.0000000,187.0000000,175.0000000
2110,2,0.0000000,0.0000000,251.5082779,129.7850164
2110,3,0.0000000,0.0000000,285.9470473,110.9004682
2110,4,0.0000000,0.0000000,296.0000000,69.0000000
2110,5,0.0000000,0.0000000,180.0000000,72.0000000
2120,0,0.0000000,0.0000000,187.0000000,175.0000000
2120,2,0.0000000,0.0000000,251.5082779,129.7850164
2120,3,0.0000000,0.0000000,285.9470473,110.9004682
2120,4,0.0000000,0.0000000,296.0000000,69.0000000
2120,5,0.0000000,0.0000000,180.0000000,72.0000000
2130,0,0.0000000,0.0000000,187.0000000,175.0000000
2130,2,0.0000000,0.0000000,251.5082779,129.7850164
2130,3,0.0000000,0.0000000,285.9470473,110.9004682
2130,4,0.0000000,0.0000000,296.0000000,69.0000000
2130,5,0.0000000,0.0000000,180.0000000,72.0000000
2140,0,0.0000000,0.0000000,187.0000000,175.0000000
2140,2,0.0000000,0.0000000,251.5082779,129.7850164
2140,3,0.0000000,0.0000000,285.9470473,110.9004682
2140,4,0.0000000,0.0000000,296.0000000,69.0000000
2140,5,0.0000000,0.0000000,180.0000000,72.0000000
2150,0,0.0000000,0.0000000,187.0000000,175.0000000
2150,2,0.0000000,0.0000000,251.5082779,129.7850164
2150,3,0.0000000,0.0000000,285.9470473,110.9004682
2150,4,0.0000000,0.0000000,296.0000000,69.0000000
2150,5,0.0000000,0.0000000,180.0000000,72.0000000
2160,0,0.0000000,0.0000000,187.0000000,175.0000000
2160,2,0.0000000,0.0000000,251.5082779,129.7850164
2160,3,0.0000000,0.0000000,285.9470473,110.9004682
2160,4,0.0000000,0.0000000,296.0000000,69.0000000
2160,5,0.0000000,0.0000000,180.0000000,72.0000000
2170,0,0.0000000,0.0000000,187.0000000,175.0000000
2170,2,0.0000000,0.0000000,251.5082779,129.7850164
2170,3,0.0000000,0.0000000,285.9470473,110.9004682
2170,4,0.0000000,0.0000000,296.0000000,69.0000000
2170,5,0.0000000,0.0000000,180.0000000,72.0000000
2180,0,0.0000000,0.0000000,187.0000000,175.0000000
2180,2,0.0000000,0.0000000,251.5082779,129.7850164
2180,3,0.0000000,0.0000000,285.9470473,110.9004682
2180,4,0.0000000,0.0000000,296.0000000,69.0000000
2180,5,0.0000000,0.0000000,180.0000000,72.0000000
2190,0,0.0000000,0.0000000,187.0000000,175.0000000
2190,2,0.0000000,0.0000000,251.5082779,129.7850164
2190,3,0.0000000,0.0000000,285.9470473,110.9004682
2190,4,0.0000000,0.0000000,296.0000000,69.0000000
2190,5,0.0000000,0.0000000,180.0000000,72.0000000
2200,0,0.0000000,0.0000000,187.0000000,175.0000000
2200,2,0.0000000,0.0000000,251.5082779,129.7850164
2200,3,0.0000000,0.0000000,285.9470473,110.9004682
2200,4,0.0000000,0.0000000,296.0000000,69.0000000
2200,5,0.0000000,0.0000000,180.0000000,72.0000000
2210,0,0.0000000,0.0000000,187.0000000,175.0000000
2210,2,0.0000000,0.0000000,251.5082779,129.7850164
2210,3,0.0000000,0.0000000,285.9470473,110.9004682
2210,4,0.0000000,0.0000000,296.0000000,69.0000000
2210,5,0.0000000,0.0000000,180.0000000,72.0000000
2220,0,0.0000000,0.0000000,187.0000000,175.0000000
2220,2,0.0000000,0.0000000,251.5082779,129.7850164
2220,3,0.0000000,0.0000000,285.9470473,110.9004682
2220,4,0.0000000,0.0000000,296.0000000,69.0000000
2220,5,0.0000000,0.0000000,180.0000000,72.0000000
2230,0,0.0000000,0.0000000,187.0000000,175.0000000
2230,2,0.0000000,0.0000000,251.5082779,129.7850164
2230,3,0.0000000,0.0000000,285.9470473,110.9004682
2230,4,0.0000000,0.0000000,296.0000000,69.0000000
2230,5,0.0000000,0.0000000,180.0000000,72.0000000
2240,0,0.0000000,0.0000000,187.0000000,175.0000000
2240,2,0.0000000,0.0000000,251.5082779,129.7850164
2240,3,0.0000000,0.0000000,285.9470473,110.9004682
2240,4,0.0000000,0.0000000,296.0000000,69.0000000
2240,5,0.0000000,0.0000000,180.0000000,72.0000000
2250,0,0.0000000,0.0000000,187.0000000,175.0000000
2250,2,0.0000000,0.0000000,251.5082779,129.7850164
2250,3,0.0000000,0.0000000,285.9470473,110.9004682
2250,4,0.0000000,0.0000000,296.0000000,69.0000000
2250,5,0.0000000,0.0000000,180.0000000,72.0000000
2260,0,0.0000000,0.0000000,187.0000000,175.0000000
2260,2,0.0000000,0.0000000,251.5082779,129.7850164
2260,3,0.0000000,0.0000000,285.9470473,110.9004682
2260,4,0.0000000,0.0000000,296.0000000,69.0000000
2260,5,0.0000000,0.0000000,180.0000000,72.0000000
2270,0,0.0000000,0.0000000,187.0000000,175.0000000
2270,2,0.0000000,0.0000000,251.5082779,129.7850164
2270,3,0.0000000,0.0000000,285.9470473,110.9004682
2270,4,0.0000000,0.0000000,296.0000000,69.0000000
2270,5,0.0000000,0.0000000,180.0000000,72.0000000
2280,0,0.0000000,0.0000000,187.0000000,175.0000000
2280,2,0.0000000,0.0000000,251.5082779,129.7850164
2280,3,0.0000000,0.0000000,285.9470473,110.9004682
2280,4,0.0000000,0.0000000,296.0000000,69.0000000
2280,5,0.0000000,0.0000000,180.0000000,72.0000000
2290,0,0.0000000,0.0000000,187.0000000,175.0000000
2290,2,0.0000000,0.0000000,251.5082779,129.7850164
2290,3,0.0000000,0.0000000,285.9470473,110.9004682
2290,4,0.0000000,0.0000000,296.0000000,69.0000000
2290,5,0.0000000,0.0000000,180.0000000,72.0000000
2300,0,0.0000000,0.0000000,187.0000000,175.0000000
2300,2,0.0000000,0.0000000,251.5082779,129.7850164
2300,3,0.0000000,0.0000000,285.9470473,110.9004682
2300,4,0.0000000,0.0000000,296.0000000,69.0000000
2300,5,0.0000000,0.0000000,180.0000000,72.0000000
2310,0,0.0000000,0.0000000,187.0000000,175.0000000
2310,2,0.0000000,0.0000000,251.5082779,129.7850164
2310,3,0.0000000,0.0000000,285.9470473,110.9004682
2310,4,0.0000000,0.0000000,296.0000000,69.0000000
2310,5,0.0000000,0.0000000,180.0000000,72.0000000
2320,0,0.0000000,0.0000000,187.0000000,175.0000000
2320,2,0.0000000,0.0000000,251.5082779,129.7850164
2320,3,0.0000000,0.0000000,285.9470473,110.9004682
2320,4,0.0000000,0.0000000,296.0000000,69.0000000
2320,5,0.0000000,0.0000000,180.0000000,72.0000000
2330,0,0.0000000,0.0000000,187.0000000,175.0000000
2330,2,0.0000000,0.0000000,251.5082779,129.7850164
2330,3,0.0000000,0.0000000,285.9470473,110.9004682
2330,4,0.0000000,0.0000000,296.0000000,69.0000000
2330,5,0.0000000,0.0000000,180.0000000,72.0000000
2340,0,0.0000000,0.0000000,187.0000000,175.0000000
2340,2,0.0000000,0.0000000,251.5082779,129.7850164
2340,3,0.0000000,0.0000000,285.9470473,110.9004682
2340,4,0.0000000,0.0000000,296.0000000,69.0000000
2340,5,0.0000000,0.0000000,180.0000000,72.0000000
2350,0,0.0000000,0.0000000,187.0000000,175.0000000
2350,2,0.0000000,0.0000000,251.5082779,129.7850164
2350,3,0.0000000,0.0000000,285.9470473,110.9004682
2350,4,0.0000000,0.0000000,296.0000000,69.0000000
2350,5,0.0000000,0.0000000,180.0000000,72.0000000
2360,0,0.0000000,0.0000000,187.0000000,175.0000000
2360,2,0.0000000,0.0000000,251.5082779,129.7850164
2360,3,0.0000000,0.0000000,285.9470473,110.9004682
2360,4,0.0000000,0.0000000,296.0000000,69.0000000
2360,5,0.0000000,0.0000000,180.0000000,72.0000000
2370,0,0.0000000,0.0000000,187.0000000,175.0000000
2370,2,0.0000000,0.0000000,251.5082779,129.7850164
2370,3,0.0000000,0.0000000,285.9470473,110.9004682
2370,4,0.0000000,0.0000000,296.0000000,69.0000000
2370,5,0.0000000,0.0000000,180.0000000,72.0000000
2380,0,0.0000000,0.0000000,187.0000000,175.0000000
2380,2,0.0000000,0.0000000,251.5082779,129.7850164
2380,3,0.0000000,0.0000000,285.9470473,110.9004682
2380,4,0.0000000,0.0000000,296.0000000,69.0000000
2380,5,0.0000000,0.0000000,180.0000000,72.0000000
2390,0,0.0000000,0.0000000,187.0000000,175.0000000
2390,2,0.0000000,0.0000000,251.5082779,129.7850164
2390,3,0.0000000,0.0000000,285.9470473,110.9004682
2390,4,0.0000000,0.0000000,296.0000000,69.0000000
2390,5,0.0000000,0.0000000,180.0000000,72.0000000
2400,0,0.0000000,0.0000000,187.0000000,175.0000000
2400,2,0.0000000,0.0000000,251.5082779,129.7850164
2400,3,0.0000000,0.0000000,285.9470473,110.9004682
2400,4,0.0000000,0.0000000,296.0000000,69.0000000
2400,5,0.0000000,0.0000000,180.0000000,72.0000000
2410,0,0.0000000,0.0000000,187.0000000,175.0000000
2410,2,0.0000000,0.0000000,251.5082779,129.7850164
2410,3,0.0000000,0.0000000,285.9470473,110.9004682
2410,4,0.0000000,0.0000000,296.0000000,69.0000000
2410,5,0.0000000,0.0000000,180.0000000,72.0000000
2420,0,0.0000000,0.0000000,187.0000000,175.0000000
2420,2,0.0000000,0.0000000,251.5082779,129.7850164
2420,3,0.0000000,0.0000000,285.9470473,110.9004682
2420,4,0.0000000,0.0000000,296.0000000,69.0000000
2420,5,0.0000000,0.0000000,180.0000000,72.0000000
2430,0,0.0000000,0.0000000,187.0000000,175.0000000
2430,2,0.0000000,0.0000000,251.5082779,129.7850164
2430,3,0.0000000,0.0000000,285.9470473,110.9004682
2430,4,0.0000000,0.0000000,296.0000000,69.0000000
2430,5,0.0000000,0.0000000,180.0000000,72.0000000
2440,0,0.0000000,0.0000000,187.0000000,175.0000000
2440,2,0.0000000,0.0000000,251.5082779,129.7850164
2440,3,0.0000000,0.0000000,285.9470473,110.9004682
2440,4,0.0000000,0.0000000,296.0000000,69.0000000
2440,5,0.0000000,0.0000000,180.0000000,72.0000000
2450,0,0.0000000,0.0000000,187.0000000,175.0000000
2450,2,0.0000000,0.0000000,251.5082779,129.7850164
2450,3,0.0000000,0.0000000,285.9470473,110.9004682
2450,4,0.0000000,0.0000000,296.0000000,69.0000000
2450,5,0.0000000,0.0000000,180.0000000,72.0000000
2460,0,0.0000000,0.0000000,187.0000000,175.0000000
2460,2,0.0000000,0.0000000,251.5082779,129.7850164
2460,3,0.0000000,0.0000000,285.9470473,110.9004682
2460,4,0.0000000,0.0000000,296.0000000,69.0000000
2460,5,0.0000000,0.0000000,180.0000000,72.0000000
2470,0,0.0000000,0.0000000,187.0000000,175.0000000
2470,2,0.0000000,0.0000000,251.5082779,129.7850164
2470,3,0.0000000,0.0000000,285.9470473,110.9004682
2470,4,0.0000000,0.0000000,296.0000000,69.0000000
2470,5,0.0000000,0.0000000,180.0000000,72.0000000
2480,0,0.0000000,0.0000000,187.0000000,175.0000000
2480,2,0.0000000,0.0000000,251.5082779,129.7850164
2480,3,0.0000000,0.0000000,285.9470473,110.9004682
2480,4,0.0000000,0.0000000,296.0000000,69.0000000
2480,5,0.0000000,0.0000000,180.0000000,72.0000000
2490,0,0.0000000,0.0000000,187.0000000,175.0000000
2490,2,0.0000000,0.0000000,251.5082779,129.7850164
2490,3,0.0000000,0.0000000,285.9470473,110.9004682
2490,4,0.0000000,0.0000000,296.0000000,69.0000000
2490,5,0.0000000,0.0000000,180.0000000,72.0000000
2500,0,0.0000000,0.0000000,187.0000000,175.0000000
2500,2,0.0000000,0.0000000,251.5082779,129.7850164
2500,3,0.0000000,0.0000000,285.9470473,110.9004682
2500,4,0.0000000,0.0000000,296.0000000,69.0000000
2500,5,0.0000000,0.0000000,180.0000000,72.0000000
2510,0,0.0000000,0.0000000,187.0000000,175.0000000
2510,2,0.0000000,0.0000000,251.5082779,129.7850164
2510,3,0.0000000,0.0000000,285.9470473,110.9004682
2510,4,0.0000000,0.0000000,296.0000000,69.0000000
2510,5,0.0000000,0.0000000,180.0000000,72.0000000
2520,0,0.0000000,0.0000000,187.0000000,175.0000000
2520,2,0.0000000,0.0000000,251.5082779,129.7850164
2520,3,0.0000000,0.0000000,285.9470473,110.9004682
2520,4,0.0000000,0.0000000,296.0000000,69.0000000
2520,5,0.0000000,0.0000000,180.0000000,72.0000000
2530,0,0.0000000,0.0000000,187.0000000,175.0000000
2530,2,0.0000000,0.0000000,251.5082779,129.7850164
2530,3,0.0000000,0.0000000,285.9470473,110.9004682
2530,4,0.0000000,0.0000000,296.0000000,69.0000000
2530,5,0.0000000,0.0000000,180.0000000,72.0000000
2540,0,0.0000000,0.0000000,187.0000000,175.0000000
2540,2,0.0000000,0.0000000,251.5082779,129.7850164
2540,3,0.0000000,0.0000000,285.9470473,110.9004682
2540,4,0.0000000,0.0000000,296.0000000,69.0000000
2540,5,0.0000000,0.0000000,180.0000000,72.0000000
2550,0,0.0000000,0.0000000,187.0000000,175.0000000
2550,2,0.0000000,0.0000000,251.5082779,129.7850164
2550,3,0.0000000,0.0000000,285.9470473,110.9004682
2550,4,0.0000000,0.0000000,296.0000000,69.0000000
2550,5,0.0000000,0.0000000,180.0000000,72.0000000
2560,0,0.0000000,0.0000000,187.0000000,175.0000000
2560,2,0.0000000,0.0000000,251.5082779,129.7850164
2560,3,0.0000000,0.0000000,285.9470473,110.9004682
2560,4,0.0000000,0.0000000,296.0000000,69.0000000
2560,5,0.0000000,0.0000000,180.0000000,72.0000000
2570,0,0.0000000,0.0000000,187.0000000,175.0000000
2570,2,0.0000000,0.0000000,251.5082779,129.7850164
2570,3,0.0000000,0.0000000,285.9470473,110.9004682
2570,4,0.0000000,0.0000000,296.0000000,69.0000000
2570,5,0.0000000,0.0000000,180.0000000,72.0000000
2580,0,0.0000000,0.0000000,187.0000000,175.0000000
2580,2,0.0000000,0.0000000,251.5082779,129.7850164
2580,3,0.0000000,0.0000000,285.9470473,110.9004682
2580,4,0.0000000,0.0000000,296.0000000,69.0000000
2580,5,0.0000000,0.0000000,180.0000000,72.0000000
2590,0,0.0000000,0.0000000,187.0000000,175.0000000
2590,2,0.0000000,0.0000000,251.5082779,129.7850164
2590,3,0.0000000,0.0000000,285.9470473,110.9004682
2590,4,0.0000000,0.0000000,296.0000000,69.0000000
2590,5,0.0000000,0.0000000,180.0000000,72.0000000
2600,0,0.0000000,0.0000000,187.0000000,175.0000000
2600,2,0.0000000,0.0000000,251.5082779,129.7850164
2600,3,0.0000000,0.0000000,285.9470473,110.9004682
2600,4,0.0000000,0.0000000,296.0000000,69.0000000
2600,5,0.0000000,0.0000000,180.0000000,72.0000000
2610,0,0.0000000,0.0000000,187.0000000,175.0000000
2610,2,0.0000000,0.0000000,251.5082779,129.7850164
2610,3,0.0000000,0.0000000,285.9470473,110.9004682
2610,4,0.0000000,0.0000000,296.0000000,69.0000000
2610,5,0.0000000,0.0000000,180.0000000,72.0000000
2620,0,0.0000000,0.0000000,187.0000000,175.0000000
2620,2,0.0000000,0.0000000,251.5082779,129.7850164
2620,3,0.0000000,0.0000000,285.9470473,110.9004682
2620,4,0.0000000,0.0000000,296.0000000,69.0000000
2620,5,0.0000000,0.0000000,180.0000000,72.0000000
2630,0,0.0000000,0.0000000,187.0000000,175.0000000
2630,2,0.0000000,0.0000000,251.5082779,129.7850164
2630,3,0.0000000,0.0000000,285.9470473,110.9004682
2630,4,0.0000000,0.0000000,296.0000000,69.0000000
2630,5,0.0000000,0.0000000,180.0000000,72.0000000
2640,0,0.0000000,0.0000000,187.0000000,175.0000000
2640,2,0.0000000,0.0000000,251.5082779,129.7850164
2640,3,0.0000000,0.0000000,285.9470473,110.9004682
2640,4,0.0000000,0.0000000,296.0000000,69.0000000
2640,5,0.0000000,0.0000000,180.0000000,72.0000000
2650,0,0.0000000,0.0000000,187.0000000,175.0000000
2650,2,0.0000000,0.0000000,251.5082779,129.7850164
2650,3,0.0000000,0.0000000,285.9470473,110.9004682
2650,4,0.0000000,0.0000000,296.0000000,69.0000000
2650,5,0.0000000,0.0000000,180.0000000,72.0000000
2660,0,0.0000000,0.0000000,187.0000000,175.0000000
2660,2,0.0000000,0.0000000,251.5082779,129.7850164
2660,3,0.0000000,0.0000000,285.9470473,110.9004682
2660,4,0.0000000,0.0000000,296.0000000,69.0000000
2660,5,0.0000000,0.0000000,180.0000000,72.0000000
2670,0,0.0000000,0.0000000,187.0000000,175.0000000
2670,2,0.0000000,0.0000000,251.5082779,129.7850164
2670,3,0.0000000,0.0000000,285.9470473,110.9004682
2670,4,0.0000000,0.0000000,296.0000000,69.0000000
2670,5,0.0000000,0.0000000,180.0000000,72.0000000
2680,0,0.0000000,0.0000000,187.0000000,175.0000000
2680,2,0.0000000,0.0000000,251.5082779,129.7850164
2680,3,0.0000000,0.0000000,285.9470473,110.9004682
2680,4,0.0000000,0.0000000,296.0000000,69.0000000
2680,5,0.0000000,0.0000000,180.0000000,72.0000000
2690,0,0.0000000,0.0000000,187.0000000,175.0000000
2690,2,0.0000000,0.0000000,251.5082779,129.7850164
2690,3,0.0000000,0.0000000,285.9470473,110.9004682
2690,4,0.0000000,0.0000000,296.0000000,69.0000000
2690,5,0.0000000,0.0000000,180.0000000,72.0000000
2700,0,0.0000000,0.0000000,187.0000000,175.0000000
2700,2,0.0000000,0.0000000,251.5082779,129.7850164
2700,3,0.0000000,0.0000000,285.9470473,110.9004682
2700,4,0.0000000,0.0000000,296.0000000,69.0000000
2700,5,0.0000000,0.0000000,180.0000000,72.0000000
2710,0,0.0000000,0.0000000,187.0000000,175.0000000
2710,2,0.0000000,0.0000000,251.5082779,129.7850164
2710,3,0.0000000,0.0000000,285.9470473,110.9004682
2710,4,0.0000000,0.0000000,296.0000000,69.0000000
2710,5,0.0000000,0.0000000,180.0000000,72.0000000
2720,0,0.0000000,0.0000000,187.0000000,175.0000000
2720,2,0.0000000,0.0000000,251.5082779,129.7850164
2720,3,0.0000000,0.0000000,285.9470473,110.9004682
2720,4,0.0000000,0.0000000,296.0000000,69.0000000
2720,5,0.0000000,0.0000000,180.0000000,72.0000000
2730,0,0.0000000,0.0000000,187.0000000,175.0000000
2730,2,0.0000000,0.0000000,251.5082779,129.7850164
2730,3,0.0000000,0.0000000,285.9470473,110.9004682
2730,4,0.0000000,0.0000000,296.0000000,69.0000000
2730,5,0.0000000,0.0000000,180.0000000,72.0000000
2740,0,0.0000000,0.0000000,187.0000000,175.0000000
2740,2,0.0000000,0.0000000,251.5082779,129.7850164
2740,3,0.0000000,0.0000000,285.9470473,110.9004682
2740,4,0.0000000,0.0000000,296.0000000,69.0000000
2740,5,0.0000000,0.0000000,180.0000000,72.0000000
2750,0,0.0000000,0.0000000,187.0000000,175.0000000
2750,2,0.0000000,0.0000000,251.5082779,129.7850164
2750,3,0.0000000,0.0000000,285.9470473,110.9004682
2750,4,0.0000000,0.0000000,296.0000000,69.0000000
2750,5,0.0000000,0.0000000,180.0000000,72.0000000
2760,0,0.0000000,0.0000000,187.0000000,175.0000000
2760,2,0.0000000,0.0000000,251.5082779,129.7850164
2760,3,0.0000000,0.0000000,285.9470473,110.9004682
2760,4,0.0000000,0.0000000,296.0000000,69.0000000
2760,5,0.0000000,0.0000000,180.0000000,72.0000000
2770,0,0.0000000,0.0000000,187.0000000,175.0000000
2770,2,0.0000000,0.0000000,251.5082779,129.7850164
2770,3,0.0000000,0.0000000,285.9470473,110.9004682
2770,4,0.0000000,0.0000000,296.0000000,69.0000000
2770,5,0.0000000,0.0000000,180.0000000,72.0000000
2780,0,0.0000000,0.0000000,187.0000000,175.0000000
2780,2,0.0000000,0.0000000,251.5082779,129.7850164
2780,3,0.0000000,0.0000000,285.9470473,110.9004682
2780,4,0.0000000,0.0000000,296.0000000,69.0000000
2780,5,0.0000000,0.0000000,180.0000000,72.0000000
2790,0,0.0000000,0.0000000,187.0000000,175.0000000
2790,2,0.0000000,0.0000000,251.5082779,129.7850164
2790,3,0.0000000,0.0000000,285.9470473,110.9004682
2790,4,0.0000000,0.0000000,296.0000000,69.0000000
2790,5,0.0000000,0.0000000,180.0000000,72.0000000
2800,0,0.0000000,0.0000000,187.0000000,175.0000000
2800,2,0.0000000,0.0000000,251.5082779,129.7850164
2800,3,0.0000000,0.0000000,285.9470473,110.9004682
2800,4,0.0000000,0.0000000,296.0000000,69.0000000
2800,5,0.0000000,0.0000000,180.0000000,72.0000000
2810,0,0.0000000,0.0000000,187.0000000,175.0000000
2810,2,0.0000000,0.0000000,251.5082779,129.7850164
2810,3,0.0000000,0.0000000,285.9470473,110.9004682
2810,4,0.0000000,0.0000000,296.0000000,69.0000000
2810,5,0.0000000,0.0000000,180.0000000,72.0000000
2820,0,0.0000000,0.0000000,187.0000000,175.0000000
2820,2,0.0000000,0.0000000,251.5082779,129.7850164
2820,3,0.0000000,0.0000000,285.9470473,110.9004682
2820,4,0.0000000,0.0000000,296.0000000,69.0000000
2820,5,0.0000000,0.0000000,180.0000000,72.0000000
2830,0,0.0000000,0.0000000,187.0000000,175.0000000
2830,2,0.0000000,0.0000000,251.5082779,129.7850164
2830,3,0.0000000,0.0000000,285.9470473,110.9004682
2830,4,0.0000000,0.0000000,296.0000000,69.0000000
2830,5,0.0000000,0.0000000,180.0000000,72.0000000
2840,0,0.0000000,0.0000000,187.0000000,175.0000000
2840,2,0.0000000,0.0000000,251.5082779,129.7850164
2840,3,0.0000000,0.0000000,285.9470473,110.9004682
2840,4,0.0000000,0.0000000,296.0000000,69.0000000
2840,5,0.0000000,0.0000000,180.0000000,72.0000000
2850,0,0.0000000,0.0000000,187.0000000,175.0000000
2850,2,0.0000000,0.0000000,251.5082779,129.7850164
2850,3,0.0000000,0.0000000,285.9470473,110.9004682
2850,4,0.0000000,0.0000000,296.0000000,69.0000000
2850,5,0.0000000,0.0000000,180.0000000,72.0000000
2860,0,0.0000000,0.0000000,187.0000000,175.0000000
2860,2,0.0000000,0.0000000,251.5082779,129.7850164
2860,3,0.0000000,0.0000000,285.9470473,110.9004682
2860,4,0.0000000,0.0000000,296.0000000,69.0000000
2860,5,0.0000000,0.0000000,180.0000000,72.0000000
2870,0,0.0000000,0.0000000,187.0000000,175.0000000
2870,2,0.0000000,0.0000000,251.5082779,129.7850164
2870,3,0.0000000,0.0000000,285.9470473,110.9004682
2870,4,0.0000000,0.0000000,296.0000000,69.0000000
2870,5,0.0000000,0.0000000,180.0000000,72.0000000
2880,0,0.0000000,0.0000000,187.0000000,175.0000000
2880,2,0.0000000,0.0000000,251.5082779,129.7850164
2880,3,0.0000000,0.0000000,285.9470473,110.9004682
2880,4,0.0000000,0.0000000,296.0000000,69.0000000
2880,5,0.0000000,0.0000000,180.0000000,72.0000000
2890,0,0.0000000,0.0000000,187.0000000,175.0000000
2890,2,0.0000000,0.0000000,251.5082779,129.7850164
2890,3,0.0000000,0.0000000,285.9470473,110.9004682
2890,4,0.0000000,0.0000000,296.0000000,69.0000000
2890,5,0.0000000,0.0000000,180.0000000,72.0000000
2900,0,0.0000000,0.0000000,187.0000000,175.0000000
2900,2,0.0000000,0.0000000,251.5082779,129.7850164
2900,3,0.0000000,0.0000000,285.9470473,110.9004682
2900,4,0.0000000,0.0000000,296.0000000,69.0000000
2900,5,0.0000000,0.0000000,180.0000000,72.0000000
2910,0,0.0000000,0.0000000,187.0000000,175.0000000
2910,2,0.0000000,0.0000000,251.5082779,129.7850164
2910,3,0.0000000,0.0000000,285.9470473,110.9004682
2910,4,0.0000000,0.0000000,296.0000000,69.0000000
2910,5,0.0000000,0.0000000,180.0000000,72.0000000
2920,0,0.0000000,0.0000000,187.0000000,175.0000000
2920,2,0.0000000,0.0000000,251.5082779,129.7850164
2920,3,0.0000000,0.0000000,285.9470473,110.9004682
2920,4,0.0000000,0.0000000,296.0000000,69.0000000
2920,5,0.0000000,0.0000000,180.0000000,72.0000000
2930,0,0.0000000,0.0000000,187.0000000,175.0000000
2930,2,0.0000000,0.0000000,251.5082779,129.7850164
2930,3,0.0000000,0.0000000,285.9470473,110.9004682
2930,4,0.0000000,0.0000000,296.0000000,69.0000000
2930,5,0.0000000,0.0000000,180.0000000,72.0000000
2940,0,0.0000000,0.0000000,187.0000000,175.0000000
2940,2,0.0000000,0.0000000,251.5082779,129.7850164
2940,3,0.0000000,0.0000000,285.9470473,110.9004682
2940,4,0.0000000,0.0000000,296.0000000,69.0000000
2940,5,0.0000000,0.0000000,180.0000000,72.0000000
2950,0,0.0000000,0.0000000,187.0000000,175.0000000
2950,2,0.0000000,0.0000000,251.5082779,129.7850164
2950,3,0.0000000,0.0000000,285.9470473,110.9004682
2950,4,0.0000000,0.0000000,296.0000000,69.0000000
2950,5,0.0000000,0.0000000,180.0000000,72.0000000
2960,0,0.0000000,0.0000000,187.0000000,175.0000000
2960,2,0.0000000,0.0000000,251.5082779,129.7850164
2960,3,0.0000000,0.0000000,285.9470473,110.9004682
2960,4,0.0000000,0.0000000,296.0000000,69.0000000
2960,5,0.0000000,0.0000000,180.0000000,72.0000000
2970,0,0.0000000,0.0000000,187.0000000,175.0000000
2970,2,0.0000000,0.0000000,251.5082779,129.7850164
2970,3,0.0000000,0.0000000,285.9470473,110.9004682
2970,4,0.0000000,0.0000000,296.0000000,69.0000000
2970,5,0.0000000,0.0000000,180.0000000,72.0000000
2980,0,0.0000000,0.0000000,187.0000000,175.0000000
2980,2,0.0000000,0.0000000,251.5082779,129.7850164
2980,3,0.0000000,0.0000000,285.9470473,110.9004682
2980,4,0.0000000,0.0000000,296.0000000,69.0000000
2980,5,0.0000000,0.0000000,180.0000000,72.0000000
2990,0,0.0000000,0.0000000,187.0000000,175.0000000
2990,2,0.0000000,0.0000000,251.5082779,129.7850164
2990,3,0.0000000,0.0000000,285.9470473,110.9004682
2990,4,0.0000000,0.0000000,296.0000000,69.0000000
2990,5,0.0000000,0.0000000,180.0000000,72.0000000
3000,0,0.0000000,0.0000000,187.0000000,175.0000000
3000,2,0.0000000,0.0000000,251.5082779,129.7850164
3000,3,0.0000000,0.0000000,285.9470473,110.9004682
3000,4,0.0000000,0.0000000,296.0000000,69.0000000
3000,5,0.0000000,0.0000000,180.0000000,72.0000000
3010,0,0.0000000,0.0000000,187.0000000,175.0000000
3010,2,0.0000000,0.0000000,251.5082779,129.7850164
3010,3,0.0000000,0.0000000,285.9470473,110.9004682
3010,4,0.0000000,0.0000000,296.0000000,69.0000000
3010,5,0.0000000,0.0000000,180.0000000,72.0000000
3020,0,0.0000000,0.0000000,187.0000000,175.0000000
3020,2,0.0000000,0.0000000,251.5082779,129.7850164
3020,3,0.0000000,0.0000000,285.9470473,110.9004682
3020,4,0.0000000,0.0000000,296.0000000,69.0000000
3020,5,0.0000000,0.0000000,180.0000000,72.0000000
3030,0,0.0000000,0.0000000,187.0000000,175.0000000
3030,2,0.0000000,0.0000000,251.5082779,129.7850164
3030,3,0.0000000,0.0000000,285.9470473,110.9004682
3030,4,0.0000000,0.0000000,296.0000000,69.0000000
3030,5,0.0000000,0.0000000,180.0000000,72.0000000
3040,0,0.0000000,0.0000000,187.0000000,175.0000000
3040,2,0.0000000,0.0000000,251.5082779,129.7850164
3040,3,0.0000000,0.0000000,285.9470473,110.9004682
3040,4,0.0000000,0.0000000,296.0000000,69.0000000
3040,5,0.0000000,0.0000000,180.0000000,72.0000000
3050,0,0.0000000,0.0000000,187.0000000,175.0000000
3050,2,0.0000000,0.0000000,251.5082779,129.7850164
3050,3,0.0000000,0.0000000,285.9470473,110.9004682
3050,4,0.0000000,0.0000000,296.0000000,69.0000000
3050,5,0.0000000,0.0000000,180.0000000,72.0000000
3060,0,0.0000000,0.0000000,187.0000000,175.0000000
3060,2,0.0000000,0.0000000,251.5082779,129.7850164
3060,3,0.0000000,0.0000000,285.9470473,110.9004682
3060,4,0.0000000,0.0000000,296.0000000,69.0000000
3060,5,0.0000000,0.0000000,180.0000000,72.0000000
3070,0,0.0000000,0.0000000,187.0000000,175.0000000
3070,2,0.0000000,0.0000000,251.5082779,129.7850164
3070,3,0.0000000,0.0000000,285.9470473,110.9004682
3070,4,0.0000000,0.0000000,296.0000000,69.0000000
3070,5,0.0000000,0.0000000,180.0000000,72.0000000
3080,0,0.0000000,0.0000000,187.0000000,175.0000000
3080,2,0.0000000,0.0000000,251.5082779,129.7850164
3080,3,0.0000000,0.0000000,285.9470473,110.9004682
3080,4,0.0000000,0.0000000,296.0000000,69.0000000
3080,5,0.0000000,0.0000000,180.0000000,72.0000000
3090,0,0.0000000,0.0000000,187.0000000,175.0000000
3090,2,0.0000000,0.0000000,251.5082779,129.7850164
3090,3,0.0000000,0.0000000,285.9470473,110.9004682
3090,4,0.0000000,0.0000000,295.9261367,69.1573610
3090,5,0.0000000,0.0000000,180.0000000,72.0000000
3100,0,0.0000000,0.0000000,187.0000000,175.0000000
3100,2,0.0000000,0.0000000,251.5082779,129.7850164
3100,3,0.0000000,0.0000000,285.9470473,110.9004682
3100,4,0.0000000,0.0000000,295.5012295,70.0625980
3100,5,0.0000000,0.0000000,180.0000000,72.0000000
3110,0,0.0000000,0.0000000,187.0000000,175.0000000
3110,2,0.0000000,0.0000000,251.5082779,129.7850164
3110,3,0.0000000,0.0000000,285.9470473,110.9004682
3110,4,0.0000000,0.0000000,295.0763224,70.9678349
3110,5,0.0000000,0.0000000,180.0000000,72.0000000
3120,0,0.0000000,0.0000000,187.0000000,175.0000000
3120,2,0.0000000,0.0000000,251.4937330,129.7584445
3120,3,0.0000000,0.0000000,285.9558251,110.9164671
3120,4,0.0000000,0.0000000,294.6514153,71.8730718
3120,5,0.0000000,0.0000000,180.0000000,72.0000000
3130,0,0.0000000,0.0000000,187.0000000,175.0000000
3130,2,0.0000000,0.0000000,250.5673445,127.8198963
3130,3,0.0000000,0.0000000,286.6032695,112.0451680
3130,4,0.0000000,0.0000000,294.2265081,72.7783088
3130,5,0.0000000,0.0000000,180.0000000,72.0000000
3140,0,0.0000000,0.0000000,187.0000000,175.0000000
3140,2,0.0000000,0.0000000,249.9164443,125.9790297
3140,3,0.0000000,0.0000000,287.1156324,113.1208101
3140,4,0.0000000,0.0000000,293.8016010,73.6835457
3140,5,0.0000000,0.0000000,180.0000000,72.0000000
3150,0,0.0000000,0.0000000,187.0000000,175.0000000
3150,2,0.0000000,0.0000000,249.4494870,124.2331777
3150,3,0.0000000,0.0000000,287.5181913,114.1574312
3150,4,0.0000000,0.0000000,293.3766938,74.5887827
3150,5,0.0000000,0.0000000,180.0000000,72.0000000
3160,0,0.0000000,0.0000000,187.0000000,175.0000000
3160,2,0.0000000,0.0000000,249.1357565,122.5621794
3160,3,0.0000000,0.0000000,287.8305024,115.1648206
3160,4,0.0000000,0.0000000,292.9517867,75.4940196
3160,5,0.0000000,0.0000000,180.0000000,72.0000000
3170,0,0.0000000,0.0000000,187.0000000,175.0000000
3170,2,0.0000000,0.0000000,248.9446007,120.9545273
3170,3,0.0000000,0.0000000,288.0652837,116.1496548
3170,4,0.0000000,0.0000000,292.5268796,76.3992566
3170,5,0.0000000,0.0000000,180.0000000,72.0000000
3180,0,0.0000000,0.0000000,187.0000000,175.0000000
3180,2,0.0000000,0.0000000,248.8648002,119.3996111
3180,3,0.0000000,0.0000000,288.2309993,117.1167475
3180,4,0.0000000,0.0000000,292.1019724,77.3044935
3180,5,0.0000000,0.0000000,180.0000000,72.0000000
3190,0,0.0000000,0.0000000,187.0000000,175.0000000
3190,2,0.0000000,0.0000000,248.8825911,117.8903250
3190,3,0.0000000,0.0000000,288.3333377,118.0697290
3190,4,0.0000000,0.0000000,291.6770653,78.2097304
3190,5,0.0000000,0.0000000,180.0000000,72.0000000
3200,0,0.0000000,0.0000000,187.0000000,175.0000000
3200,2,0.0000000,0.0000000,248.9916341,116.4207359
3200,3,0.0000000,0.0000000,288.3759189,119.0114240
3200,4,0.0000000,0.0000000,291.2521582,79.1149674
3200,5,0.0000000,0.0000000,180.0000000,72.0000000
3210,0,0.0000000,0.0000000,187.0000000,175.0000000
3210,2,0.0000000,0.0000000,249.1715756,114.9667158
3210,3,0.0000000,0.0000000,288.3485115,119.9538221
3210,4,0.0000000,0.0000000,290.8272521,80.0201987
3210,5,0.0000000,0.0000000,180.0000000,72.0000000
3220,0,0.0000000,0.0000000,187.0000000,175.0000000
3220,2,0.0000000,0.0000000,249.5636125,112.7817666
3220,3,0.0000000,0.0000000,288.0927181,121.3605234
3220,4,0.0000000,0.0000000,290.4023559,80.9253755
3220,5,0.0000000,0.0000000,180.0000000,72.0000000
3230,0,0.0000000,0.0000000,187.0000000,175.0000000
3230,2,0.0000000,0.0000000,250.1583626,110.6339419
3230,3,0.0000000,0.0000000,287.7065054,122.7426712
3230,4,0.0000000,0.0000000,289.9774506,81.8306005
3230,5,0.0000000,0.0000000,179.4391197,71.5014398
3240,0,0.0000000,0.0000000,187.0000000,175.0000000
3240,2,0.0000000,0.0000000,250.9619732,108.5220345
3240,3,0.0000000,0.0000000,287.1860583,124.1011274
3240,4,0.0000000,0.0000000,289.5525480,82.7358109
3240,5,0.0000000,0.0000000,178.6917104,70.8370759
3250,0,0.0000000,0.0000000,187.0000000,175.0000000
3250,2,0.0000000,0.0000000,251.9869903,106.4472366
3250,3,0.0000000,0.0000000,286.5234269,125.4351864
3250,4,0.0000000,0.0000000,289.1276505,83.6409942
3250,5,0.0000000,0.0000000,177.9443011,70.1727121
3260,0,0.0000000,0.0000000,187.0000000,175.0000000
3260,2,0.0000000,0.0000000,252.5394557,105.7697196
3260,3,0.0000000,0.0000000,285.9090448,126.2019006
3260,4,0.0000000,0.0000000,288.9768646,83.9469223
3260,5,0.0000000,0.0000000,177.1968918,69.5083482
3270,0,0.0000000,0.0000000,187.0000000,175.0000000
3270,2,0.0000000,0.0000000,252.9060181,107.3047931
3270,3,0.0000000,0.0000000,286.5851523,126.5542486
3270,4,0.0000000,0.0000000,289.0682766,83.6999348
3270,5,0.0000000,0.0000000,176.4494825,68.8439844
3280,0,0.0000000,0.0000000,187.0000000,175.0000000
3280,2,0.0000000,0.0000000,254.5947846,110.0818640
3280,3,0.0000000,0.0000000,288.7275115,126.9522373
3280,4,0.0000000,0.0000000,289.2854691,83.2467036
3280,5,0.0000000,0.0000000,175.7020731,68.1796206
3290,0,0.0000000,0.0000000,187.0000000,175.0000000
3290,2,0.0000000,0.0000000,255.3291681,111.2556591
3290,3,0.0000000,0.0000000,289.4783419,127.2848631
3290,4,0.0000000,0.0000000,289.5353239,82.7725707
3290,5,0.0000000,0.0000000,174.9546638,67.5152567
3300,0,0.0000000,0.0000000,187.0000000,175.0000000
3300,2,0.0000000,0.0000000,255.1958274,111.5892132
3300,3,0.0000000,0.0000000,289.3069367,127.6005502
3300,4,0.0000000,0.0000000,289.6959746,82.4303150
3300,5,0.0000000,0.0000000,174.2072545,66.8508929
3310,0,0.0000000,0.0000000,187.0000000,175.0000000
3310,2,0.0000000,0.0000000,255.0611013,111.9002552
3310,3,0.0000000,0.0000000,289.1537349,127.9029199
3310,4,0.0000000,0.0000000,289.4273503,83.0026015
3310,5,0.0000000,0.0000000,173.4598452,66.1865291
3320,0,0.0000000,0.0000000,187.0000000,175.0000000
3320,2,0.0000000,0.0000000,254.8752882,112.0672295
3320,3,0.0000000,0.0000000,289.1440017,128.1525440
3320,4,0.0000000,0.0000000,289.2990167,83.2760079
3320,5,0.0000000,0.0000000,172.7124359,65.5221652
3330,0,0.0000000,0.0000000,187.0000000,175.0000000
3330,2,0.0000000,0.0000000,254.8574415,112.2610382
3330,3,0.0000000,0.0000000,289.0063104,128.2900991
3330,4,0.0000000,0.0000000,289.1858128,83.5171815
3330,5,0.0000000,0.0000000,171.9650265,64.8578014
3340,0,0.0000000,0.0000000,187.0000000,175.0000000
3340,2,0.0000000,0.0000000,254.7859941,112.4296823
3340,3,0.0000000,0.0000000,288.9222236,128.4528104
3340,4,0.0000000,0.0000000,289.0751034,83.7530407
3340,5,0.0000000,0.0000000,171.2176172,64.1934375
3350,0,0.0000000,0.0000000,187.0000000,175.0000000
3350,2,0.0000000,0.0000000,254.6691384,112.6066163
3350,3,0.0000000,0.0000000,288.8607712,128.6557501
3350,4,0.0000000,0.0000000,288.9489897,84.0217177
3350,5,0.0000000,0.0000000,170.4702079,63.5290737
3360,0,0.0000000,0.0000000,187.0000000,175.0000000
3360,2,0.0000000,0.0000000,254.6122525,112.7770956
3360,3,0.0000000,0.0000000,288.7659692,128.8084320
3360,4,0.0000000,0.0000000,288.8312995,84.2724488
3360,5,0.0000000,0.0000000,169.7227986,62.8647099
3370,0,0.0000000,0.0000000,187.0000000,175.0000000
3370,2,0.0000000,0.0000000,254.5350359,112.9455299
3370,3,0.0000000,0.0000000,288.6857298,128.9754475
3370,4,0.0000000,0.0000000,288.7093977,84.5321528
3370,5,0.0000000,0.0000000,168.9753893,62.2003460
3380,0,0.0000000,0.0000000,187.0000000,175.0000000
3380,2,0.0000000,0.0000000,254.4658705,113.1020088
3380,3,0.0000000,0.0000000,288.6095435,129.1286309
3380,4,0.0000000,0.0000000,288.5749310,84.8186253
3380,5,0.0000000,0.0000000,168.2279800,61.5359822
3390,0,0.0000000,0.0000000,187.0000000,175.0000000
3390,2,0.0000000,0.0000000,254.3634329,113.2834207
3390,3,0.0000000,0.0000000,288.5354346,129.3233398
3390,4,0.0000000,0.0000000,288.4357226,85.1151996
3390,5,0.0000000,0.0000000,167.4805706,60.8716183
3400,0,0.0000000,0.0000000,187.0000000,175.0000000
3400,2,0.0000000,0.0000000,254.3032251,113.4601736
3400,3,0.0000000,0.0000000,288.4379287,129.4825855
3400,4,0.0000000,0.0000000,288.2977064,85.4092341
3400,5,0.0000000,0.0000000,166.7331613,60.2072545
3410,0,0.0000000,0.0000000,187.0000000,175.0000000
3410,2,0.0000000,0.0000000,254.2851300,113.5295845
3410,3,0.0000000,0.0000000,288.3960932,129.5408529
3410,4,0.0000000,0.0000000,288.2319508,85.5493223
3410,5,0.0000000,0.0000000,165.9857520,59.5428907
3420,0,0.0000000,0.0000000,187.0000000,175.0000000
3420,2,0.0000000,0.0000000,254.2098465,113.6530243
3420,3,0.0000000,0.0000000,288.3492323,129.6776340
3420,4,0.0000000,0.0000000,288.1251744,85.7768023
3420,5,0.0000000,0.0000000,165.2383427,58.8785268
3430,0,0.0000000,0.0000000,187.0000000,175.0000000
3430,2,0.0000000,0.0000000,254.1859418,113.7751626
3430,3,0.0000000,0.0000000,288.2705462,129.7740586
3430,4,0.0000000,0.0000000,288.0029006,86.0372987
3430,5,0.0000000,0.0000000,164.4909334,58.2141630
3440,0,0.0000000,0.0000000,187.0000000,175.0000000
3440,2,0.0000000,0.0000000,254.1556952,113.8232684
3440,3,0.0000000,0.0000000,288.2528640,129.8280619
3440,4,0.0000000,0.0000000,287.9611006,86.1263509
3440,5,0.0000000,0.0000000,163.7435240,57.5497991
3450,0,0.0000000,0.0000000,187.0000000,175.0000000
3450,2,0.0000000,0.0000000,254.0735114,113.9892077
3450,3,0.0000000,0.0000000,288.1777176,129.9973045
3450,4,0.0000000,0.0000000,287.8080866,86.4523373
3450,5,0.0000000,0.0000000,162.9961147,56.8854353
3460,0,0.0000000,0.0000000,187.0000000,175.0000000
3460,2,0.0000000,0.0000000,254.0683913,114.0559353
3460,3,0.0000000,0.0000000,288.1296565,130.0438761
3460,4,0.0000000,0.0000000,287.7334949,86.6112499
3460,5,0.0000000,0.0000000,162.2487054,56.2210715
3470,0,0.0000000,0.0000000,187.0000000,175.0000000
3470,2,0.0000000,0.0000000,254.0214089,114.1434268
3470,3,0.0000000,0.0000000,288.0923681,130.1359179
3470,4,0.0000000,0.0000000,287.6526358,86.7835150
3470,5,0.0000000,0.0000000,161.5012961,55.5567076
3480,0,0.0000000,0.0000000,187.0000000,175.0000000
3480,2,0.0000000,0.0000000,253.9748576,114.2666814
3480,3,0.0000000,0.0000000,288.0272924,130.2504773
3480,4,0.0000000,0.0000000,287.5274857,87.0501392
3480,5,0.0000000,0.0000000,160.7538868,54.8923438
3490,0,0.0000000,0.0000000,187.0000000,175.0000000
3490,2,0.0000000,0.0000000,253.9595344,114.3287196
3490,3,0.0000000,0.0000000,287.9893576,130.3019019
3490,4,0.0000000,0.0000000,287.4586248,87.1968428
3490,5,0.0000000,0.0000000,160.0064775,54.2279800
3500,0,0.0000000,0.0000000,187.0000000,175.0000000
3500,2,0.0000000,0.0000000,253.9008016,114.4363455
3500,3,0.0000000,0.0000000,287.9440876,130.4158471
3500,4,0.0000000,0.0000000,287.3569395,87.4134767
3500,5,0.0000000,0.0000000,159.2590681,53.5636161
3510,0,0.0000000,0.0000000,187.0000000,175.0000000
3510,2,0.0000000,0.0000000,253.8734492,114.5377479
3510,3,0.0000000,0.0000000,287.8835561,130.5016756
3510,4,0.0000000,0.0000000,287.2412772,87.6598876
3510,5,0.0000000,0.0000000,158.5116588,52.8992523
3520,0,0.0000000,0.0000000,187.0000000,175.0000000
3520,2,0.0000000,0.0000000,253.8512099,114.5927088
3520,3,0.0000000,0.0000000,287.8554844,130.5538989
3520,4,0.0000000,0.0000000,287.1825647,87.7849710
3520,5,0.0000000,0.0000000,157.7642495,52.2348884
3530,0,0.0000000,0.0000000,187.0000000,175.0000000
3530,2,0.0000000,0.0000000,253.7920961,114.7147189
3530,3,0.0000000,0.0000000,287.7993924,130.6773273
3530,4,0.0000000,0.0000000,287.0580235,88.0502978
3530,5,0.0000000,0.0000000,157.0168402,51.5705246
3540,0,0.0000000,0.0000000,187.0000000,175.0000000
3540,2,0.0000000,0.0000000,253.7811888,114.7832924
3540,3,0.0000000,0.0000000,287.7536087,130.7295303
3540,4,0.0000000,0.0000000,286.9680398,88.2420021
3540,5,0.0000000,0.0000000,156.2694309,50.9061608
3550,0,0.0000000,0.0000000,187.0000000,175.0000000
3550,2,0.0000000,0.0000000,253.7440532,114.8538634
3550,3,0.0000000,0.0000000,287.7230459,130.8031864
3550,4,0.0000000,0.0000000,286.8964987,88.3944158
3550,5,0.0000000,0.0000000,155.5220215,50.2417969
3560,0,0.0000000,0.0000000,187.0000000,175.0000000
3560,2,0.0000000,0.0000000,253.6992426,114.9664352
3560,3,0.0000000,0.0000000,287.6650761,130.9095815
3560,4,0.0000000,0.0000000,286.7672372,88.6697990
3560,5,0.0000000,0.0000000,154.7746122,49.5774331
3570,0,0.0000000,0.0000000,187.0000000,175.0000000
3570,2,0.0000000,0.0000000,253.6908827,115.0149784
3570,3,0.0000000,0.0000000,287.6330738,130.9470273
3570,4,0.0000000,0.0000000,286.6989062,88.8153737
3570,5,0.0000000,0.0000000,154.0272029,48.9130692
3580,0,0.0000000,0.0000000,187.0000000,175.0000000
3580,2,0.0000000,0.0000000,253.6449021,115.1051493
3580,3,0.0000000,0.0000000,287.5930842,131.0400103
3580,4,0.0000000,0.0000000,286.6023424,89.0210966
3580,5,0.0000000,0.0000000,153.2797936,48.2487054
3590,0,0.0000000,0.0000000,187.0000000,175.0000000
3590,2,0.0000000,0.0000000,253.6185348,115.1899061
3590,3,0.0000000,0.0000000,287.5447285,131.1144460
3590,4,0.0000000,0.0000000,286.4904332,89.2595118
3590,5,0.0000000,0.0000000,152.5323843,47.5843416
3600,0,0.0000000,0.0000000,187.0000000,175.0000000
3600,2,0.0000000,0.0000000,253.6006678,115.2417730
3600,3,0.0000000,0.0000000,287.5162436,131.1613290
3600,4,0.0000000,0.0000000,286.4223693,89.4045176
3600,5,0.0000000,0.0000000,151.7849749,46.9199777
3610,0,0.0000000,0.0000000,187.0000000,175.0000000
3610,2,0.0000000,0.0000000,253.5595339,115.3338307
3610,3,0.0000000,0.0000000,287.4717058,131.2517890
3610,4,0.0000000,0.0000000,286.3114846,89.6407501
3610,5,0.0000000,0.0000000,151.0375656,46.2556139
3620,0,0.0000000,0.0000000,187.0000000,175.0000000
3620,2,0.0000000,0.0000000,253.5426214,115.3952848
3620,3,0.0000000,0.0000000,287.4352357,131.3040630
3620,4,0.0000000,0.0000000,286.2209663,89.8335935
3620,5,0.0000000,0.0000000,150.2901563,45.5912501
3630,0,0.0000000,0.0000000,187.0000000,175.0000000
3630,2,0.0000000,0.0000000,253.5188566,115.4533940
3630,3,0.0000000,0.0000000,287.4057169,131.3594713
3630,4,0.0000000,0.0000000,286.1448037,89.9958530
3630,5,0.0000000,0.0000000,149.5427470,44.9268862
3640,0,0.0000000,0.0000000,187.0000000,175.0000000
3640,2,0.0000000,0.0000000,253.5188566,115.4533940
3640,3,0.0000000,0.0000000,287.4057169,131.3594713
3640,4,0.0000000,0.0000000,286.1448037,89.9958530
3640,5,0.0000000,0.0000000,148.7953377,44.2625224
3650,0,0.0000000,0.0000000,187.0000000,175.0000000
3650,2,0.0000000,0.0000000,253.5188566,115.4533940
3650,3,0.0000000,0.0000000,287.4057169,131.3594713
3650,4,0.0000000,0.0000000,286.1448037,89.9958530
3650,5,0.0000000,0.0000000,148.0479284,43.5981585
3660,0,0.0000000,0.0000000,187.0000000,175.0000000
3660,2,0.0000000,0.0000000,253.5188566,115.4533940
3660,3,0.0000000,0.0000000,287.4057169,131.3594713
3660,4,0.0000000,0.0000000,286.1448037,89.9958530
3660,5,0.0000000,0.0000000,147.3005190,42.9337947
3670,0,0.0000000,0.0000000,187.0000000,175.0000000
3670,2,0.0000000,0.0000000,253.5188566,115.4533940
3670,3,0.0000000,0.0000000,287.4057169,131.3594713
3670,4,0.0000000,0.0000000,286.1448037,89.9958530
3670,5,0.0000000,0.0000000,146.5531097,42.2694309
3680,0,0.0000000,0.0000000,187.0000000,175.0000000
3680,2,0.0000000,0.0000000,253.5188566,115.4533940
3680,3,0.0000000,0.0000000,287.4057169,131.3594713
3680,4,0.0000000,0.0000000,286.1448037,89.9958530
3680,5,0.0000000,0.0000000,145.8057004,41.6050670
3690,0,0.0000000,0.0000000,187.0000000,175.0000000
3690,2,0.0000000,0.0000000,253.5188566,115.4533940
3690,3,0.0000000,0.0000000,287.4057169,131.3594713
3690,4,0.0000000,0.0000000,286.1448037,89.9958530
3690,5,0.0000000,0.0000000,145.0582911,40.9407032
3700,0,0.0000000,0.0000000,187.0000000,175.0000000
3700,2,0.0000000,0.0000000,253.5188566,115.4533940
3700,3,0.0000000,0.0000000,287.4057169,131.3594713
3700,4,0.0000000,0.0000000,286.1448037,89.9958530
3700,5,0.0000000,0.0000000,144.3108818,40.2763393
3710,0,0.0000000,0.0000000,187.0000000,175.0000000
3710,2,0.0000000,0.0000000,253.5188566,115.4533940
3710,3,0.0000000,0.0000000,287.4057169,131.3594713
3710,4,0.0000000,0.0000000,286.1448037,89.9958530
3710,5,0.0000000,0.0000000,143.5634724,39.6119755
3720,0,0.0000000,0.0000000,187.0000000,175.0000000
3720,2,0.0000000,0.0000000,253.5188566,115.4533940
3720,3,0.0000000,0.0000000,287.4057169,131.3594713
3720,4,0.0000000,0.0000000,286.1448037,89.9958530
3720,5,0.0000000,0.0000000,142.8160631,38.9476117
3730,0,0.0000000,0.0000000,187.0000000,175.0000000
3730,2,0.0000000,0.0000000,253.5188566,115.4533940
3730,3,0.0000000,0.0000000,287.4057169,131.3594713
3730,4,0.0000000,0.0000000,286.1448037,89.9958530
3730,5,0.0000000,0.0000000,142.0686538,38.2832478
3740,0,0.0000000,0.0000000,187.0000000,175.0000000
3740,2,0.0000000,0.0000000,253.5188566,115.4533940
3740,3,0.0000000,0.0000000,287.4057169,131.3594713
3740,4,0.0000000,0.0000000,286.1448037,89.9958530
3740,5,0.0000000,0.0000000,141.3212445,37.6188840
3750,0,0.0000000,0.0000000,187.0000000,175.0000000
3750,2,0.0000000,0.0000000,253.5188566,115.4533940
3750,3,0.0000000,0.0000000,287.4057169,131.3594713
3750,4,0.0000000,0.0000000,286.1448037,89.9958530
3750,5,0.0000000,0.0000000,140.5738352,36.9545201
3760,0,0.0000000,0.0000000,187.0000000,175.0000000
3760,2,0.0000000,0.0000000,253.5188566,115.4533940
3760,3,0.0000000,0.0000000,287.4057169,131.3594713
3760,4,0.0000000,0.0000000,286.1448037,89.9958530
3760,5,0.0000000,0.0000000,139.8264258,36.2901563
3770,0,0.0000000,0.0000000,187.0000000,175.0000000
3770,2,0.0000000,0.0000000,253.5188566,115.4533940
3770,3,0.0000000,0.0000000,287.4057169,131.3594713
3770,4,0.0000000,0.0000000,286.1448037,89.9958530
3770,5,0.0000000,0.0000000,139.0790165,35.6257925
3780,0,0.0000000,0.0000000,187.0000000,175.0000000
3780,2,0.0000000,0.0000000,253.5188566,115.4533940
3780,3,0.0000000,0.0000000,287.4057169,131.3594713
3780,4,0.0000000,0.0000000,286.1448037,89.9958530
3780,5,0.0000000,0.0000000,138.3316072,34.9614286
3790,0,0.0000000,0.0000000,187.0000000,175.0000000
3790,2,0.0000000,0.0000000,253.5188566,115.4533940
3790,3,0.0000000,0.0000000,287.4057169,131.3594713
3790,4,0.0000000,0.0000000,286.1448037,89.9958530
3790,5,0.0000000,0.0000000,137.5841979,34.2970648
3800,0,0.0000000,0.0000000,187.0000000,175.0000000
3800,2,0.0000000,0.0000000,253.5188566,115.4533940
3800,3,0.0000000,0.0000000,287.4057169,131.3594713
3800,4,0.0000000,0.0000000,286.1448037,89.9958530
3800,5,0.0000000,0.0000000,136.8367886,33.6327010
3810,0,0.0000000,0.0000000,187.0000000,175.0000000
3810,2,0.0000000,0.0000000,253.5188566,115.4533940
3810,3,0.0000000,0.0000000,287.4057169,131.3594713
3810,4,0.0000000,0.0000000,286.1448037,89.9958530
3810,5,0.0000000,0.0000000,136.0893793,32.9683371
3820,0,0.0000000,0.0000000,187.0000000,175.0000000
3820,2,0.0000000,0.0000000,253.5188566,115.4533940
3820,3,0.0000000,0.0000000,287.4057169,131.3594713
3820,4,0.0000000,0.0000000,286.1448037,89.9958530
3820,5,0.0000000,0.0000000,135.3419699,32.3039733
3830,0,0.0000000,0.0000000,187.0000000,175.0000000
3830,2,0.0000000,0.0000000,253.5188566,115.4533940
3830,3,0.0000000,0.0000000,287.4057169,131.3594713
3830,4,0.0000000,0.0000000,286.1448037,89.9958530
3830,5,0.0000000,0.0000000,134.5945606,31.6396094
3840,0,0.0000000,0.0000000,187.0000000,175.0000000
3840,2,0.0000000,0.0000000,253.5188566,115.4533940
3840,3,0.0000000,0.0000000,287.4057169,131.3594713
3840,4,0.0000000,0.0000000,286.1448037,89.9958530
3840,5,0.0000000,0.0000000,133.8471513,30.9752456
3850,0,0.0000000,0.0000000,187.0000000,175.0000000
3850,2,0.0000000,0.0000000,253.5188566,115.4533940
3850,3,0.0000000,0.0000000,287.4057169,131.3594713
3850,4,0.0000000,0.0000000,286.1448037,89.9958530
3850,5,0.0000000,0.0000000,133.0997420,30.3108818
3860,0,0.0000000,0.0000000,187.0000000,175.0000000
3860,2,0.0000000,0.0000000,253.5188566,115.4533940
3860,3,0.0000000,0.0000000,287.4057169,131.3594713
3860,4,0.0000000,0.0000000,286.1448037,89.9958530
3860,5,0.0000000,0.0000000,132.3523327,29.6465179
3870,0,0.0000000,0.0000000,187.0000000,175.0000000
3870,2,0.0000000,0.0000000,253.5188566,115.4533940
3870,3,0.0000000,0.0000000,287.4057169,131.3594713
3870,4,0.0000000,0.0000000,286.1448037,89.9958530
3870,5,0.0000000,0.0000000,131.6049233,28.9821541
3880,0,0.0000000,0.0000000,187.0000000,175.0000000
3880,2,0.0000000,0.0000000,253.5188566,115.4533940
3880,3,0.0000000,0.0000000,287.4057169,131.3594713
3880,4,0.0000000,0.0000000,286.1448037,89.9958530
3880,5,0.0000000,0.0000000,130.8575140,28.3177902
3890,0,0.0000000,0.0000000,187.0000000,175.0000000
3890,2,0.0000000,0.0000000,253.5188566,115.4533940
3890,3,0.0000000,0.0000000,287.4057169,131.3594713
3890,4,0.0000000,0.0000000,286.1448037,89.9958530
3890,5,0.0000000,0.0000000,130.1101047,27.6534264
3900,0,0.0000000,0.0000000,187.0000000,175.0000000
3900,2,0.0000000,0.0000000,253.5188566,115.4533940
3900,3,0.0000000,0.0000000,287.4057169,131.3594713
3900,4,0.0000000,0.0000000,286.1448037,89.9958530
3900,5,0.0000000,0.0000000,129.3626954,26.9890626
3910,0,0.0000000,0.0000000,187.0000000,175.0000000
3910,2,0.0000000,0.0000000,253.5188566,115.4533940
3910,3,0.0000000,0.0000000,287.4057169,131.3594713
3910,4,0.0000000,0.0000000,286.1448037,89.9958530
3910,5,0.0000000,0.0000000,128.6152861,26.3246987
3920,0,0.0000000,0.0000000,187.0000000,175.0000000
3920,2,0.0000000,0.0000000,253.5188566,115.4533940
3920,3,0.0000000,0.0000000,287.4057169,131.3594713
3920,4,0.0000000,0.0000000,286.1448037,89.9958530
3920,5,0.0000000,0.0000000,127.8678767,25.6603349
3930,0,0.0000000,0.0000000,187.0000000,175.0000000
3930,2,0.0000000,0.0000000,253.5188566,115.4533940
3930,3,0.0000000,0.0000000,287.4057169,131.3594713
3930,4,0.0000000,0.0000000,286.1448037,89.9958530
3930,5,0.0000000,0.0000000,127.1204674,24.9959710
3940,0,0.0000000,0.0000000,187.0000000,175.0000000
3940,2,0.0000000,0.0000000,253.5188566,115.4533940
3940,3,0.0000000,0.0000000,287.4057169,131.3594713
3940,4,0.0000000,0.0000000,286.1448037,89.9958530
3940,5,0.0000000,0.0000000,126.3730581,24.3316072
3950,0,0.0000000,0.0000000,187.0000000,175.0000000
3950,2,0.0000000,0.0000000,253.5188566,115.4533940
3950,3,0.0000000,0.0000000,287.4057169,131.3594713
3950,4,0.0000000,0.0000000,286.1448037,89.9958530
3950,5,0.0000000,0.0000000,126.0000000,24.0000000
3960,0,0.0000000,0.0000000,187.0000000,175.0000000
3960,2,0.0000000,0.0000000,253.5188566,115.4533940
3960,3,0.0000000,0.0000000,287.4057169,131.3594713
3960,4,0.0000000,0.0000000,286.1448037,89.9958530
3960,5,0.0000000,0.0000000,126.0000000,24.0000000
3970,0,0.0000000,0.0000000,187.0000000,175.0000000
3970,2,0.0000000,0.0000000,253.5188566,115.4533940
3970,3,0.0000000,0.0000000,287.4057169,131.3594713
3970,4,0.0000000,0.0000000,286.1448037,89.9958530
3970,5,0.0000000,0.0000000,126.0000000,24.0000000
3980,0,0.0000000,0.0000000,187.0000000,175.0000000
3980,2,0.0000000,0.0000000,253.5188566,115.4533940
3980,3,0.0000000,0.0000000,287.4057169,131.3594713
3980,4,0.0000000,0.0000000,286.1448037,89.9958530
3980,5,0.0000000,0.0000000,126.0000000,24.0000000
3990,0,0.0000000,0.0000000,187.0000000,175.0000000
3990,2,0.0000000,0.0000000,253.5188566,115.4533940
3990,3,0.0000000,0.0000000,287.4057169,131.3594713
3990,4,0.0000000,0.0000000,286.1448037,89.9958530
3990,5,0.0000000,0.0000000,126.0000000,24.0000000
4000,0,0.0000000,0.0000000,187.0000000,175.0000000
4000,2,0.0000000,0.0000000,253.5188566,115.4533940
4000,3,0.0000000,0.0000000,287.4057169,131.3594713
4000,4,0.0000000,0.0000000,286.1448037,89.9958530
4000,5,0.0000000,0.0000000,126.0000000,24.0000000
4010,0,0.0000000,0.0000000,187.0000000,175.0000000
4010,2,0.0000000,0.0000000,253.5188566,115.4533940
4010,3,0.0000000,0.0000000,287.4057169,131.3594713
4010,4,0.0000000,0.0000000,286.1448037,89.9958530
4010,5,0.0000000,0.0000000,126.0000000,24.0000000
4020,0,0.0000000,0.0000000,187.0000000,175.0000000
4020,2,0.0000000,0.0000000,253.5188566,115.4533940
4020,3,0.0000000,0.0000000,287.4057169,131.3594713
4020,4,0.0000000,0.0000000,286.1448037,89.9958530
4020,5,0.0000000,0.0000000,126.0000000,24.0000000
4030,0,0.0000000,0.0000000,187.0000000,175.0000000
4030,2,0.0000000,0.0000000,253.5188566,115.4533940
4030,3,0.0000000,0.0000000,287.4057169,131.3594713
4030,4,0.0000000,0.0000000,286.1448037,89.9958530
4030,5,0.0000000,0.0000000,126.0000000,24.0000000
4040,0,0.0000000,0.0000000,187.0000000,175.0000000
4040,2,0.0000000,0.0000000,253.5188566,115.4533940
4040,3,0.0000000,0.0000000,287.4057169,131.3594713
4040,4,0.0000000,0.0000000,286.1448037,89.9958530
4040,5,0.0000000,0.0000000,126.0000000,24.0000000
4050,0,0.0000000,0.0000000,187.0000000,175.0000000
4050,2,0.0000000,0.0000000,253.5188566,115.4533940
4050,3,0.0000000,0.0000000,287.4057169,131.3594713
4050,4,0.0000000,0.0000000,286.1448037,89.9958530
4050,5,0.0000000,0.0000000,126.0000000,24.0000000
4060,0,0.0000000,0.0000000,187.0000000,175.0000000
4060,2,0.0000000,0.0000000,253.5188566,115.4533940
4060,3,0.0000000,0.0000000,287.4057169,131.3594713
4060,4,0.0000000,0.0000000,286.1448037,89.9958530
4060,5,0.0000000,0.0000000,126.0000000,24.0000000
4070,0,0.0000000,0.0000000,187.0000000,175.0000000
4070,2,0.0000000,0.0000000,253.5188566,115.4533940
4070,3,0.0000000,0.0000000,287.4057169,131.3594713
4070,4,0.0000000,0.0000000,286.1448037,89.9958530
4070,5,0.0000000,0.0000000,126.0000000,24.0000000
4080,0,0.0000000,0.0000000,187.0000000,175.0000000
4080,2,0.0000000,0.0000000,253.5188566,115.4533940
4080,3,0.0000000,0.0000000,287.4057169,131.3594713
4080,4,0.0000000,0.0000000,286.1448037,89.9958530
4080,5,0.0000000,0.0000000,126.0000000,24.0000000
4090,0,0.0000000,0.0000000,187.0000000,175.0000000
4090,2,0.0000000,0.0000000,253.5188566,115.4533940
4090,3,0.0000000,0.0000000,287.4057169,131.3594713
4090,4,0.0000000,0.0000000,286.1448037,89.9958530
4090,5,0.0000000,0.0000000,126.0000000,24.0000000
4100,0,0.0000000,0.0000000,187.0000000,175.0000000
4100,2,0.0000000,0.0000000,253.5188566,115.4533940
4100,3,0.0000000,0.0000000,287.4057169,131.3594713
4100,4,0.0000000,0.0000000,286.1448037,89.9958530
4100,5,0.0000000,0.0000000,126.0000000,24.0000000
4110,0,0.0000000,0.0000000,187.0000000,175.0000000
4110,2,0.0000000,0.0000000,253.5188566,115.4533940
4110,3,0.0000000,0.0000000,287.4057169,131.3594713
4110,4,0.0000000,0.0000000,286.1448037,89.9958530
4110,5,0.0000000,0.0000000,126.0000000,24.0000000
4120,0,0.0000000,0.0000000,187.0000000,175.0000000
4120,2,0.0000000,0.0000000,253.5188566,115.4533940
4120,3,0.0000000,0.0000000,287.4057169,131.3594713
4120,4,0.0000000,0.0000000,286.1448037,89.9958530
4120,5,0.0000000,0.0000000,126.0000000,24.0000000
4130,0,0.0000000,0.0000000,187.0000000,175.0000000
4130,2,0.0000000,0.0000000,253.5188566,115.4533940
4130,3,0.0000000,0.0000000,287.4057169,131.3594713
4130,4,0.0000000,0.0000000,286.1448037,89.9958530
4130,5,0.0000000,0.0000000,126.0000000,24.0000000
4140,0,0.0000000,0.0000000,187.0000000,175.0000000
4140,2,0.0000000,0.0000000,253.5188566,115.4533940
4140,3,0.0000000,0.0000000,287.4057169,131.3594713
4140,4,0.0000000,0.0000000,286.1448037,89.9958530
4140,5,0.0000000,0.0000000,126.0000000,24.0000000
4150,0,0.0000000,0.0000000,187.0000000,175.0000000
4150,2,0.0000000,0.0000000,253.5188566,115.4533940
4150,3,0.0000000,0.0000000,287.4057169,131.3594713
4150,4,0.0000000,0.0000000,286.1448037,89.9958530
4150,5,0.0000000,0.0000000,126.0000000,24.0000000
4160,0,0.0000000,0.0000000,187.0000000,175.0000000
4160,2,0.0000000,0.0000000,253.5188566,115.4533940
4160,3,0.0000000,0.0000000,287.4057169,131.3594713
4160,4,0.0000000,0.0000000,286.1448037,89.9958530
4160,5,0.0000000,0.0000000,126.0000000,24.0000000
4170,0,0.0000000,0.0000000,187.0000000,175.0000000
4170,2,0.0000000,0.0000000,253.5188566,115.4533940
4170,3,0.0000000,0.0000000,287.4057169,131.3594713
4170,4,0.0000000,0.0000000,286.1448037,89.9958530
4170,5,0.0000000,0.0000000,126.0000000,24.0000000
4180,0,0.0000000,0.0000000,187.0000000,175.0000000
4180,2,0.0000000,0.0000000,253.5188566,115.4533940
4180,3,0.0000000,0.0000000,287.4057169,131.3594713
4180,4,0.0000000,0.0000000,286.1448037,89.9958530
4180,5,0.0000000,0.0000000,126.0000000,24.0000000
4190,0,0.0000000,0.0000000,187.0000000,175.0000000
4190,2,0.0000000,0.0000000,253.5188566,115.4533940
4190,3,0.0000000,0.0000000,287.4057169,131.3594713
4190,4,0.0000000,0.0000000,286.1448037,89.9958530
4190,5,0.0000000,0.0000000,126.0000000,24.0000000
4200,0,0.0000000,0.0000000,187.0000000,175.0000000
4200,2,0.0000000,0.0000000,253.5188566,115.4533940
4200,3,0.0000000,0.0000000,287.4057169,131.3594713
4200,4,0.0000000,0.0000000,286.1448037,89.9958530
4200,5,0.0000000,0.0000000,126.0000000,24.0000000
4210,0,0.0000000,0.0000000,187.0000000,175.0000000
4210,2,0.0000000,0.0000000,253.5188566,115.4533940
4210,3,0.0000000,0.0000000,287.4057169,131.3594713
4210,4,0.0000000,0.0000000,286.1448037,89.9958530
4210,5,0.0000000,0.0000000,126.0000000,24.0000000
4220,0,0.0000000,0.0000000,187.0000000,175.0000000
4220,2,0.0000000,0.0000000,253.5188566,115.4533940
4220,3,0.0000000,0.0000000,287.4057169,131.3594713
4220,4,0.0000000,0.0000000,286.1448037,89.9958530
4220,5,0.0000000,0.0000000,126.0000000,24.0000000
4230,0,0.0000000,0.0000000,187.0000000,175.0000000
4230,2,0.0000000,0.0000000,253.5188566,115.4533940
4230,3,0.0000000,0.0000000,287.4057169,131.3594713
4230,4,0.0000000,0.0000000,286.1448037,89.9958530
4230,5,0.0000000,0.0000000,126.0000000,24.0000000
4240,0,0.0000000,0.0000000,187.0000000,175.0000000
4240,2,0.0000000,0.0000000,253.5188566,115.4533940
4240,3,0.0000000,0.0000000,287.4057169,131.3594713
4240,4,0.0000000,0.0000000,286.1448037,89.9958530
4240,5,0.0000000,0.0000000,126.0000000,24.0000000
4250,0,0.0000000,0.0000000,187.0000000,175.0000000
4250,2,0.0000000,0.0000000,253.5188566,115.4533940
4250,3,0.0000000,0.0000000,287.4057169,131.3594713
4250,4,0.0000000,0.0000000,286.1448037,89.9958530
4250,5,0.0000000,0.0000000,126.0000000,24.0000000
4260,0,0.0000000,0.0000000,187.0000000,175.0000000
4260,2,0.0000000,0.0000000,253.5188566,115.4533940
4260,3,0.0000000,0.0000000,287.4057169,131.3594713
4260,4,0.0000000,0.0000000,286.1448037,89.9958530
4260,5,0.0000000,0.0000000,126.0000000,24.0000000
4270,0,0.0000000,0.0000000,187.0000000,175.0000000
4270,2,0.0000000,0.0000000,253.5188566,115.4533940
4270,3,0.0000000,0.0000000,287.4057169,131.3594713
4270,4,0.0000000,0.0000000,286.1448037,89.9958530
4270,5,0.0000000,0.0000000,126.0000000,24.0000000
4280,0,0.0000000,0.0000000,187.0000000,175.0000000
4280,2,0.0000000,0.0000000,253.5188566,115.4533940
4280,3,0.0000000,0.0000000,287.4057169,131.3594713
4280,4,0.0000000,0.0000000,286.1448037,89.9958530
4280,5,0.0000000,0.0000000,126.0000000,24.0000000
4290,0,0.0000000,0.0000000,187.0000000,175.0000000
4290,2,0.0000000,0.0000000,253.5188566,115.4533940
4290,3,0.0000000,0.0000000,287.4057169,131.3594713
4290,4,0.0000000,0.0000000,286.1448037,89.9958530
4290,5,0.0000000,0.0000000,126.0000000,24.0000000
4300,0,0.0000000,0.0000000,187.0000000,175.0000000
4300,2,0.0000000,0.0000000,253.5188566,115.4533940
4300,3,0.0000000,0.0000000,287.4057169,131.3594713
4300,4,0.0000000,0.0000000,286.1448037,89.9958530
4300,5,0.0000000,0.0000000,126.0000000,24.0000000
4310,0,0.0000000,0.0000000,187.0000000,175.0000000
4310,2,0.0000000,0.0000000,253.5188566,115.4533940
4310,3,0.0000000,0.0000000,287.4057169,131.3594713
4310,4,0.0000000,0.0000000,286.1448037,89.9958530
4310,5,0.0000000,0.0000000,126.0000000,24.0000000
4320,0,0.0000000,0.0000000,187.0000000,175.0000000
4320,2,0.0000000,0.0000000,253.5188566,115.4533940
4320,3,0.0000000,0.0000000,287.4057169,131.3594713
4320,4,0.0000000,0.0000000,286.1448037,89.9958530
4320,5,0.0000000,0.0000000,126.0000000,24.0000000
4330,0,0.0000000,0.0000000,187.0000000,175.0000000
4330,2,0.0000000,0.0000000,253.5188566,115.4533940
4330,3,0.0000000,0.0000000,287.4057169,131.3594713
4330,4,0.0000000,0.0000000,286.1448037,89.9958530
4330,5,0.0000000,0.0000000,126.0000000,24.0000000
4340,0,0.0000000,0.0000000,187.0000000,175.0000000
4340,2,0.0000000,0.0000000,253.5188566,115.4533940
4340,3,0.0000000,0.0000000,287.4057169,131.3594713
4340,4,0.0000000,0.0000000,286.1448037,89.9958530
4340,5,0.0000000,0.0000000,126.0000000,24.0000000
4350,0,0.0000000,0.0000000,187.0000000,175.0000000
4350,2,0.0000000,0.0000000,253.5188566,115.4533940
4350,3,0.0000000,0.0000000,287.4057169,131.3594713
4350,4,0.0000000,0.0000000,286.1448037,89.9958530
4350,5,0.0000000,0.0000000,126.0000000,24.0000000
4360,0,0.0000000,0.0000000,187.0000000,175.0000000
4360,2,0.0000000,0.0000000,253.5188566,115.4533940
4360,3,0.0000000,0.0000000,287.4057169,131.3594713
4360,4,0.0000000,0.0000000,286.1448037,89.9958530
4360,5,0.0000000,0.0000000,126.0000000,24.0000000
4370,0,0.0000000,0.0000000,187.0000000,175.0000000
4370,2,0.0000000,0.0000000,253.5188566,115.4533940
4370,3,0.0000000,0.0000000,287.4057169,131.3594713
4370,4,0.0000000,0.0000000,286.1448037,89.9958530
4370,5,0.0000000,0.0000000,126.0000000,24.0000000
4380,0,0.0000000,0.0000000,187.0000000,175.0000000
4380,2,0.0000000,0.0000000,253.5188566,115.4533940
4380,3,0.0000000,0.0000000,287.4057169,131.3594713
4380,4,0.0000000,0.0000000,286.1448037,89.9958530
4380,5,0.0000000,0.0000000,126.0000000,24.0000000
4390,0,0.0000000,0.0000000,187.0000000,175.0000000
4390,2,0.0000000,0.0000000,253.5188566,115.4533940
4390,3,0.0000000,0.0000000,287.4057169,131.3594713
4390,4,0.0000000,0.0000000,286.1448037,89.9958530
4390,5,0.0000000,0.0000000,126.0000000,24.0000000
4400,0,0.0000000,0.0000000,187.0000000,175.0000000
4400,2,0.0000000,0.0000000,253.5188566,115.4533940
4400,3,0.0000000,0.0000000,287.4057169,131.3594713
4400,4,0.0000000,0.0000000,286.1448037,89.9958530
4400,5,0.0000000,0.0000000,126.0000000,24.0000000
4410,0,0.0000000,0.0000000,187.0000000,175.0000000
4410,2,0.0000000,0.0000000,253.5188566,115.4533940
4410,3,0.0000000,0.0000000,287.4057169,131.3594713
4410,4,0.0000000,0.0000000,286.1448037,89.9958530
4410,5,0.0000000,0.0000000,126.0000000,24.0000000
4420,0,0.0000000,0.0000000,187.0000000,175.0000000
4420,2,0.0000000,0.0000000,253.5188566,115.4533940
4420,3,0.0000000,0.0000000,287.4057169,131.3594713
4420,4,0.0000000,0.0000000,286.1448037,89.9958530
4420,5,0.0000000,0.0000000,126.0000000,24.0000000
4430,0,0.0000000,0.0000000,187.0000000,175.0000000
4430,2,0.0000000,0.0000000,253.5188566,115.4533940
4430,3,0.0000000,0.0000000,287.4057169,131.3594713
4430,4,0.0000000,0.0000000,286.1448037,89.9958530
4430,5,0.0000000,0.0000000,126.0000000,24.0000000
4440,0,0.0000000,0.0000000,187.0000000,175.0000000
4440,2,0.0000000,0.0000000,253.5188566,115.4533940
4440,3,0.0000000,0.0000000,287.4057169,131.3594713
4440,4,0.0000000,0.0000000,286.1448037,89.9958530
4440,5,0.0000000,0.0000000,126.0000000,24.0000000
4450,0,0.0000000,0.0000000,187.0000000,175.0000000
4450,2,0.0000000,0.0000000,253.5188566,115.4533940
4450,3,0.0000000,0.0000000,287.4057169,131.3594713
4450,4,0.0000000,0.0000000,286.1448037,89.9958530
4450,5,0.0000000,0.0000000,126.0000000,24.0000000
4460,0,0.0000000,0.0000000,187.0000000,175.0000000
4460,2,0.0000000,0.0000000,253.5188566,115.4533940
4460,3,0.0000000,0.0000000,287.4057169,131.3594713
4460,4,0.0000000,0.0000000,286.1448037,89.9958530
4460,5,0.0000000,0.0000000,126.0000000,24.0000000
4470,0,0.0000000,0.0000000,187.0000000,175.0000000
4470,2,0.0000000,0.0000000,253.5188566,115.4533940
4470,3,0.0000000,0.0000000,287.4057169,131.3594713
4470,4,0.0000000,0.0000000,286.1448037,89.9958530
4470,5,0.0000000,0.0000000,126.0000000,24.0000000
4480,0,0.0000000,0.0000000,187.0000000,175.0000000
4480,2,0.0000000,0.0000000,253.5188566,115.4533940
4480,3,0.0000000,0.0000000,287.4057169,131.3594713
4480,4,0.0000000,0.0000000,286.1448037,89.9958530
4480,5,0.0000000,0.0000000,126.0000000,24.0000000
4490,0,0.0000000,0.0000000,187.0000000,175.0000000
4490,2,0.0000000,0.0000000,253.5188566,115.4533940
4490,3,0.0000000,0.0000000,287.4057169,131.3594713
4490,4,0.0000000,0.0000000,286.1448037,89.9958530
4490,5,0.0000000,0.0000000,126.0000000,24.0000000
4500,0,0.0000000,0.0000000,187.0000000,175.0000000
4500,2,0.0000000,0.0000000,253.5188566,115.4533940
4500,3,0.0000000,0.0000000,287.4057169,131.3594713
4500,4,0.0000000,0.0000000,286.1448037,89.9958530
4500,5,0.0000000,0.0000000,126.0000000,24.0000000
4510,0,0.0000000,0.0000000,187.0000000,175.0000000
4510,2,0.0000000,0.0000000,253.5188566,115.4533940
4510,3,0.0000000,0.0000000,287.4057169,131.3594713
4510,4,0.0000000,0.0000000,286.1448037,89.9958530
4510,5,0.0000000,0.0000000,126.0000000,24.0000000
4520,0,0.0000000,0.0000000,187.0000000,175.0000000
4520,2,0.0000000,0.0000000,253.5188566,115.4533940
4520,3,0.0000000,0.0000000,287.4057169,131.3594713
4520,4,0.0000000,0.0000000,286.1448037,89.9958530
4520,5,0.0000000,0.0000000,126.0000000,24.0000000
4530,0,0.0000000,0.0000000,187.0000000,175.0000000
4530,2,0.0000000,0.0000000,253.5188566,115.4533940
4530,3,0.0000000,0.0000000,287.4057169,131.3594713
4530,4,0.0000000,0.0000000,286.1448037,89.9958530
4530,5,0.0000000,0.0000000,126.0000000,24.0000000
4540,0,0.0000000,0.0000000,187.0000000,175.0000000
4540,2,0.0000000,0.0000000,253.5188566,115.4533940
4540,3,0.0000000,0.0000000,287.4057169,131.3594713
4540,4,0.0000000,0.0000000,286.1448037,89.9958530
4540,5,0.0000000,0.0000000,126.0000000,24.0000000
4550,0,0.0000000,0.0000000,187.0000000,175.0000000
4550,2,0.0000000,0.0000000,253.5188566,115.4533940
4550,3,0.0000000,0.0000000,287.4057169,131.3594713
4550,4,0.0000000,0.0000000,286.1448037,89.9958530
4550,5,0.0000000,0.0000000,126.0000000,24.0000000
4560,0,0.0000000,0.0000000,187.0000000,175.0000000
4560,2,0.0000000,0.0000000,253.5188566,115.4533940
4560,3,0.0000000,0.0000000,287.4057169,131.3594713
4560,4,0.0000000,0.0000000,286.1448037,89.9958530
4560,5,0.0000000,0.0000000,126.0000000,24.0000000
4570,0,0.0000000,0.0000000,187.0000000,175.0000000
4570,2,0.0000000,0.0000000,253.5188566,115.4533940
4570,3,0.0000000,0.0000000,287.4057169,131.3594713
4570,4,0.0000000,0.0000000,286.1448037,89.9958530
4570,5,0.0000000,0.0000000,126.0000000,24.0000000
4580,0,0.0000000,0.0000000,187.0000000,175.0000000
4580,2,0.0000000,0.0000000,253.5188566,115.4533940
4580,3,0.0000000,0.0000000,287.4057169,131.3594713
4580,4,0.0000000,0.0000000,286.1448037,89.9958530
4580,5,0.0000000,0.0000000,126.0000000,24.0000000
4590,0,0.0000000,0.0000000,187.0000000,175.0000000
4590,2,0.0000000,0.0000000,253.5188566,115.4533940
4590,3,0.0000000,0.0000000,287.4057169,131.3594713
4590,4,0.0000000,0.0000000,286.1448037,89.9958530
4590,5,0.0000000,0.0000000,126.0000000,24.0000000
4600,0,0.0000000,0.0000000,187.0000000,175.0000000
4600,2,0.0000000,0.0000000,253.5188566,115.4533940
4600,3,0.0000000,0.0000000,287.4057169,131.3594713
4600,4,0.0000000,0.0000000,286.1448037,89.9958530
4600,5,0.0000000,0.0000000,126.0000000,24.0000000
4610,0,0.0000000,0.0000000,187.0000000,175.0000000
4610,2,0.0000000,0.0000000,253.5188566,115.4533940
4610,3,0.0000000,0.0000000,287.4057169,131.3594713
4610,4,0.0000000,0.0000000,286.1448037,89.9958530
4610,5,0.0000000,0.0000000,126.0000000,24.0000000
4620,0,0.0000000,0.0000000,187.0000000,175.0000000
4620,2,0.0000000,0.0000000,253.5188566,115.4533940
4620,3,0.0000000,0.0000000,287.4057169,131.3594713
4620,4,0.0000000,0.0000000,286.1448037,89.9958530
4620,5,0.0000000,0.0000000,126.0000000,24.0000000
4630,0,0.0000000,0.0000000,187.0000000,175.0000000
4630,2,0.0000000,0.0000000,253.5188566,115.4533940
4630,3,0.0000000,0.0000000,287.4057169,131.3594713
4630,4,0.0000000,0.0000000,286.1448037,89.9958530
4630,5,0.0000000,0.0000000,126.0000000,24.0000000
4640,0,0.0000000,0.0000000,187.0000000,175.0000000
4640,2,0.0000000,0.0000000,253.5188566,115.4533940
4640,3,0.0000000,0.0000000,287.4057169,131.3594713
4640,4,0.0000000,0.0000000,286.1448037,89.9958530
4640,5,0.0000000,0.0000000,126.0000000,24.0000000
4650,0,0.0000000,0.0000000,187.0000000,175.0000000
4650,2,0.0000000,0.0000000,253.5188566,115.4533940
4650,3,0.0000000,0.0000000,287.4057169,131.3594713
4650,4,0.0000000,0.0000000,286.1448037,89.9958530
4650,5,0.0000000,0.0000000,126.0000000,24.0000000
4660,0,0.0000000,0.0000000,187.0000000,175.0000000
4660,2,0.0000000,0.0000000,253.5188566,115.4533940
4660,3,0.0000000,0.0000000,287.4057169,131.3594713
4660,4,0.0000000,0.0000000,286.1448037,89.9958530
4660,5,0.0000000,0.0000000,126.0000000,24.0000000
4670,0,0.0000000,0.0000000,187.0000000,175.0000000
4670,2,0.0000000,0.0000000,253.5188566,115.4533940
4670,3,0.0000000,0.0000000,287.4057169,131.3594713
4670,4,0.0000000,0.0000000,286.1448037,89.9958530
4670,5,0.0000000,0.0000000,126.0000000,24.0000000
4680,0,0.0000000,0.0000000,187.0000000,175.0000000
4680,2,0.0000000,0.0000000,253.5188566,115.4533940
4680,3,0.0000000,0.0000000,287.4057169,131.3594713
4680,4,0.0000000,0.0000000,286.1448037,89.9958530
4680,5,0.0000000,0.0000000,126.0000000,24.0000000
4690,0,0.0000000,0.0000000,187.0000000,175.0000000
4690,2,0.0000000,0.0000000,253.5188566,115.4533940
4690,3,0.0000000,0.0000000,287.4057169,131.3594713
4690,4,0.0000000,0.0000000,286.1448037,89.9958530
4690,5,0.0000000,0.0000000,126.0000000,24.0000000
4700,0,0.0000000,0.0000000,187.0000000,175.0000000
4700,2,0.0000000,0.0000000,253.5188566,115.4533940
4700,3,0.0000000,0.0000000,287.4057169,131.3594713
4700,4,0.0000000,0.0000000,286.1448037,89.9958530
4700,5,0.0000000,0.0000000,126.0000000,24.0000000
4710,0,0.0000000,0.0000000,187.0000000,175.0000000
4710,2,0.0000000,0.0000000,253.5188566,115.4533940
4710,3,0.0000000,0.0000000,287.4057169,131.3594713
4710,4,0.0000000,0.0000000,286.1448037,89.9958530
4710,5,0.0000000,0.0000000,126.0000000,24.0000000
4720,0,0.0000000,0.0000000,187.0000000,175.0000000
4720,2,0.0000000,0.0000000,253.5188566,115.4533940
4720,3,0.0000000,0.0000000,287.4057169,131.3594713
4720,4,0.0000000,0.0000000,286.1448037,89.9958530
4720,5,0.0000000,0.0000000,126.0000000,24.0000000
4730,0,0.0000000,0.0000000,187.0000000,175.0000000
4730,2,0.0000000,0.0000000,253.5188566,115.4533940
4730,3,0.0000000,0.0000000,287.4057169,131.3594713
4730,4,0.0000000,0.0000000,286.1448037,89.9958530
4730,5,0.0000000,0.0000000,126.0000000,24.0000000
4740,0,0.0000000,0.0000000,187.0000000,175.0000000
4740,2,0.0000000,0.0000000,253.5188566,115.4533940
4740,3,0.0000000,0.0000000,287.4057169,131.3594713
4740,4,0.0000000,0.0000000,286.1448037,89.9958530
4740,5,0.0000000,0.0000000,126.0000000,24.0000000
4750,0,0.0000000,0.0000000,187.0000000,175.0000000
4750,2,0.0000000,0.0000000,253.5188566,115.4533940
4750,3,0.0000000,0.0000000,287.4057169,131.3594713
4750,4,0.0000000,0.0000000,286.1448037,89.9958530
4750,5,0.0000000,0.0000000,126.0000000,24.0000000
4760,0,0.0000000,0.0000000,187.0000000,175.0000000
4760,2,0.0000000,0.0000000,253.5188566,115.4533940
4760,3,0.0000000,0.0000000,287.4057169,131.3594713
4760,4,0.0000000,0.0000000,286.1448037,89.9958530
4760,5,0.0000000,0.0000000,126.0000000,24.0000000
4770,0,0.0000000,0.0000000,187.0000000,175.0000000
4770,2,0.0000000,0.0000000,253.5188566,115.4533940
4770,3,0.0000000,0.0000000,287.4057169,131.3594713
4770,4,0.0000000,0.0000000,286.1448037,89.9958530
4770,5,0.0000000,0.0000000,126.0000000,24.0000000
4780,0,0.0000000,0.0000000,187.0000000,175.0000000
4780,2,0.0000000,0.0000000,253.5188566,115.4533940
4780,3,0.0000000,0.0000000,287.4057169,131.3594713
4780,4,0.0000000,0.0000000,286.1448037,89.9958530
4780,5,0.0000000,0.0000000,126.0000000,24.0000000
4790,0,0.0000000,0.0000000,187.0000000,175.0000000
4790,2,0.0000000,0.0000000,253.5188566,115.4533940
4790,3,0.0000000,0.0000000,287.4057169,131.3594713
4790,4,0.0000000,0.0000000,286.1448037,89.9958530
4790,5,0.0000000,0.0000000,126.0000000,24.0000000
4800,0,0.0000000,0.0000000,187.0000000,175.0000000
4800,2,0.0000000,0.0000000,253.5188566,115.4533940
4800,3,0.0000000,0.0000000,287.4057169,131.3594713
4800,4,0.0000000,0.0000000,286.1448037,89.9958530
4800,5,0.0000000,0.0000000,126.0000000,24.0000000
4810,0,0.0000000,0.0000000,187.0000000,175.0000000
4810,2,0.0000000,0.0000000,253.5188566,115.4533940
4810,3,0.0000000,0.0000000,287.4057169,131.3594713
4810,4,0.0000000,0.0000000,286.1448037,89.9958530
4810,5,0.0000000,0.0000000,126.0000000,24.0000000
4820,0,0.0000000,0.0000000,187.0000000,175.0000000
4820,2,0.0000000,0.0000000,253.5188566,115.4533940
4820,3,0.0000000,0.0000000,287.4057169,131.3594713
4820,4,0.0000000,0.0000000,286.1448037,89.9958530
4820,5,0.0000000,0.0000000,126.0000000,24.0000000
4830,0,0.0000000,0.0000000,187.0000000,175.0000000
4830,2,0.0000000,0.0000000,253.5188566,115.4533940
4830,3,0.0000000,0.0000000,287.4057169,131.3594713
4830,4,0.0000000,0.0000000,286.1448037,89.9958530
4830,5,0.0000000,0.0000000,126.0000000,24.0000000
4840,0,0.0000000,0.0000000,187.0000000,175.0000000
4840,2,0.0000000,0.0000000,253.5188566,115.4533940
4840,3,0.0000000,0.0000000,287.4057169,131.3594713
4840,4,0.0000000,0.0000000,286.1448037,89.9958530
4840,5,0.0000000,0.0000000,126.0000000,24.0000000
4850,0,0.0000000,0.0000000,187.0000000,175.0000000
4850,2,0.0000000,0.0000000,253.5188566,115.4533940
4850,3,0.0000000,0.0000000,287.4057169,131.3594713
4850,4,0.0000000,0.0000000,286.1448037,89.9958530
4850,5,0.0000000,0.0000000,126.0000000,24.0000000
4860,0,0.0000000,0.0000000,187.0000000,175.0000000
4860,2,0.0000000,0.0000000,253.5188566,115.4533940
4860,3,0.0000000,0.0000000,287.4057169,131.3594713
4860,4,0.0000000,0.0000000,286.1448037,89.9958530
4860,5,0.0000000,0.0000000,126.0000000,24.0000000
4870,0,0.0000000,0.0000000,187.0000000,175.0000000
4870,2,0.0000000,0.0000000,253.5188566,115.4533940
4870,3,0.0000000,0.0000000,287.4057169,131.3594713
4870,4,0.0000000,0.0000000,286.1448037,89.9958530
4870,5,0.0000000,0.0000000,126.0000000,24.0000000
4880,0,0.0000000,0.0000000,187.0000000,175.0000000
4880,2,0.0000000,0.0000000,253.5188566,115.4533940
4880,3,0.0000000,0.0000000,287.4057169,131.3594713
4880,4,0.0000000,0.0000000,286.1448037,89.9958530
4880,5,0.0000000,0.0000000,126.0000000,24.0000000
4890,0,0.0000000,0.0000000,187.0000000,175.0000000
4890,2,0.0000000,0.0000000,253.5188566,115.4533940
4890,3,0.0000000,0.0000000,287.4057169,131.3594713
4890,4,0.0000000,0.0000000,286.1448037,89.9958530
4890,5,0.0000000,0.0000000,126.0000000,24.0000000
4900,0,0.0000000,0.0000000,187.0000000,175.0000000
4900,2,0.0000000,0.0000000,253.5188566,115.4533940
4900,3,0.0000000,0.0000000,287.4057169,131.3594713
4900,4,0.0000000,0.0000000,286.1448037,89.9958530
4900,5,0.0000000,0.0000000,126.0000000,24.0000000
4910,0,0.0000000,0.0000000,187.0000000,175.0000000
4910,2,0.0000000,0.0000000,253.5188566,115.4533940
4910,3,0.0000000,0.0000000,287.4057169,131.3594713
4910,4,0.0000000,0.0000000,286.1448037,89.9958530
4910,5,0.0000000,0.0000000,126.0000000,24.0000000
4920,0,0.0000000,0.0000000,187.0000000,175.0000000
4920,2,0.0000000,0.0000000,253.5188566,115.4533940
4920,3,0.0000000,0.0000000,287.4057169,131.3594713
4920,4,0.0000000,0.0000000,286.1448037,89.9958530
4920,5,0.0000000,0.0000000,126.0000000,24.0000000
4930,0,0.0000000,0.0000000,187.0000000,175.0000000
4930,2,0.0000000,0.0000000,253.5188566,115.4533940
4930,3,0.0000000,0.0000000,287.4057169,131.3594713
4930,4,0.0000000,0.0000000,286.1448037,89.9958530
4930,5,0.0000000,0.0000000,126.0000000,24.0000000
4940,0,0.0000000,0.0000000,187.0000000,175.0000000
4940,2,0.0000000,0.0000000,253.5188566,115.4533940
4940,3,0.0000000,0.0000000,287.4057169,131.3594713
4940,4,0.0000000,0.0000000,286.1448037,89.9958530
4940,5,0.0000000,0.0000000,126.0000000,24.0000000
4950,0,0.0000000,0.0000000,187.0000000,175.0000000
4950,2,0.0000000,0.0000000,253.5188566,115.4533940
4950,3,0.0000000,0.0000000,287.4057169,131.3594713
4950,4,0.0000000,0.0000000,286.1448037,89.9958530
4950,5,0.0000000,0.0000000,126.0000000,24.0000000
4960,0,0.0000000,0.0000000,187.0000000,175.0000000
4960,2,0.0000000,0.0000000,253.5188566,115.4533940
4960,3,0.0000000,0.0000000,287.4057169,131.3594713
4960,4,0.0000000,0.0000000,286.1448037,89.9958530
4960,5,0.0000000,0.0000000,126.0000000,24.0000000
4970,0,0.0000000,0.0000000,187.0000000,175.0000000
4970,2,0.0000000,0.0000000,253.5188566,115.4533940
4970,3,0.0000000,0.0000000,287.4057169,131.3594713
4970,4,0.0000000,0.0000000,286.1448037,89.9958530
4970,5,0.0000000,0.0000000,126.0000000,24.0000000
4980,0,0.0000000,0.0000000,187.0000000,175.0000000
4980,2,0.0000000,0.0000000,253.5188566,115.4533940
4980,3,0.0000000,0.0000000,287.4057169,131.3594713
4980,4,0.0000000,0.0000000,286.1448037,89.9958530
4980,5,0.0000000,0.0000000,126.0000000,24.0000000
4990,0,0.0000000,0.0000000,187.0000000,175.0000000
4990,2,0.0000000,0.0000000,253.5188566,115.4533940
4990,3,0.0000000,0.0000000,287.4057169,131.3594713
4990,4,0.0000000,0.0000000,286.1448037,89.9958530
4990,5,0.0000000,0.0000000,126.0000000,24.0000000
5000,0,0.0000000,0.0000000,187.0000000,175.0000000
5000,2,0.0000000,0.0000000,253.5188566,115.4533940
5000,3,0.0000000,0.0000000,287.4057169,131.3594713
5000,4,0.0000000,0.0000000,286.1448037,89.9958530
5000,5,0.0000000,0.0000000,126.0000000,24.0000000
5010,0,0.0000000,0.0000000,187.0000000,175.0000000
5010,2,0.0000000,0.0000000,253.5188566,115.4533940
5010,3,0.0000000,0.0000000,287.4057169,131.3594713
5010,4,0.0000000,0.0000000,286.1448037,89.9958530
5010,5,0.0000000,0.0000000,126.0000000,24.0000000
5020,0,0.0000000,0.0000000,187.0000000,175.0000000
5020,2,0.0000000,0.0000000,253.5188566,115.4533940
5020,3,0.0000000,0.0000000,287.4057169,131.3594713
5020,4,0.0000000,0.0000000,286.1448037,89.9958530
5020,5,0.0000000,0.0000000,126.0000000,24.0000000
5030,0,0.0000000,0.0000000,187.0000000,175.0000000
5030,2,0.0000000,0.0000000,253.5188566,115.4533940
5030,3,0.0000000,0.0000000,287.4057169,131.3594713
5030,4,0.0000000,0.0000000,286.1448037,89.9958530
5030,5,0.0000000,0.0000000,126.0000000,24.0000000
5040,0,0.0000000,0.0000000,187.0000000,175.0000000
5040,2,0.0000000,0.0000000,253.5188566,115.4533940
5040,3,0.0000000,0.0000000,287.4057169,131.3594713
5040,4,0.0000000,0.0000000,286.1448037,89.9958530
5040,5,0.0000000,0.0000000,126.0000000,24.0000000
5050,0,0.0000000,0.0000000,187.0000000,175.0000000
5050,2,0.0000000,0.0000000,253.5188566,115.4533940
5050,3,0.0000000,0.0000000,287.4057169,131.3594713
5050,4,0.0000000,0.0000000,286.1448037,89.9958530
5050,5,0.0000000,0.0000000,126.0000000,24.0000000
5060,0,0.0000000,0.0000000,187.0000000,175.0000000
5060,2,0.0000000,0.0000000,253.5188566,115.4533940
5060,3,0.0000000,0.0000000,287.4057169,131.3594713
5060,4,0.0000000,0.0000000,286.1448037,89.9958530
5060,5,0.0000000,0.0000000,126.0000000,24.0000000
5070,0,0.0000000,0.0000000,187.0000000,175.0000000
5070,2,0.0000000,0.0000000,253.5188566,115.4533940
5070,3,0.0000000,0.0000000,287.4057169,131.3594713
5070,4,0.0000000,0.0000000,286.1448037,89.9958530
5070,5,0.0000000,0.0000000,126.0000000,24.0000000
5080,0,0.0000000,0.0000000,187.0000000,175.0000000
5080,2,0.0000000,0.0000000,253.5188566,115.4533940
5080,3,0.0000000,0.0000000,287.4057169,131.3594713
5080,4,0.0000000,0.0000000,286.1448037,89.9958530
5080,5,0.0000000,0.0000000,126.0000000,24.0000000
5090,0,0.0000000,0.0000000,187.0000000,175.0000000
5090,2,0.0000000,0.0000000,253.5188566,115.4533940
5090,3,0.0000000,0.0000000,287.4057169,131.3594713
5090,4,0.0000000,0.0000000,286.1448037,89.9958530
5090,5,0.0000000,0.0000000,126.0000000,24.0000000
5100,0,0.0000000,0.0000000,187.0000000,175.0000000
5100,2,0.0000000,0.0000000,253.5188566,115.4533940
5100,3,0.0000000,0.0000000,287.4057169,131.3594713
5100,4,0.0000000,0.0000000,286.1448037,89.9958530
5100,5,0.0000000,0.0000000,126.0000000,24.0000000
5110,0,0.0000000,0.0000000,187.0000000,175.0000000
5110,2,0.0000000,0.0000000,253.5188566,115.4533940
5110,3,0.0000000,0.0000000,287.4057169,131.3594713
5110,4,0.0000000,0.0000000,286.1448037,89.9958530
5110,5,0.0000000,0.0000000,126.0000000,24.0000000
5120,0,0.0000000,0.0000000,187.0000000,175.0000000
5120,2,0.0000000,0.0000000,253.5188566,115.4533940
5120,3,0.0000000,0.0000000,287.4057169,131.3594713
5120,4,0.0000000,0.0000000,286.1448037,89.9958530
5120,5,0.0000000,0.0000000,126.0000000,24.0000000
5130,0,0.0000000,0.0000000,187.0000000,175.0000000
5130,2,0.0000000,0.0000000,253.5188566,115.4533940
5130,3,0.0000000,0.0000000,287.4057169,131.3594713
5130,4,0.0000000,0.0000000,286.1448037,89.9958530
5130,5,0.0000000,0.0000000,126.0000000,24.0000000
5140,0,0.0000000,0.0000000,187.0000000,175.0000000
5140,2,0.0000000,0.0000000,253.5188566,115.4533940
5140,3,0.0000000,0.0000000,287.4057169,131.3594713
5140,4,0.0000000,0.0000000,286.1448037,89.9958530
5140,5,0.0000000,0.0000000,126.0000000,24.0000000
5150,0,0.0000000,0.0000000,187.0000000,175.0000000
5150,2,0.0000000,0.0000000,253.5188566,115.4533940
5150,3,0.0000000,0.0000000,287.4057169,131.3594713
5150,4,0.0000000,0.0000000,286.1448037,89.9958530
5150,5,0.0000000,0.0000000,126.0000000,24.0000000
5160,0,0.0000000,0.0000000,187.0000000,175.0000000
5160,2,0.0000000,0.0000000,253.5188566,115.4533940
5160,3,0.0000000,0.0000000,287.4057169,131.3594713
5160,4,0.0000000,0.0000000,286.1448037,89.9958530
5160,5,0.0000000,0.0000000,126.0000000,24.0000000
5170,0,0.0000000,0.0000000,187.0000000,175.0000000
5170,2,0.0000000,0.0000000,253.5188566,115.4533940
5170,3,0.0000000,0.0000000,287.4057169,131.3594713
5170,4,0.0000000,0.0000000,286.1448037,89.9958530
5170,5,0.0000000,0.0000000,126.0000000,24.0000000
5180,0,0.0000000,0.0000000,187.0000000,175.0000000
5180,2,0.0000000,0.0000000,253.5188566,115.4533940
5180,3,0.0000000,0.0000000,287.4057169,131.3594713
5180,4,0.0000000,0.0000000,286.1448037,89.9958530
5180,5,0.0000000,0.0000000,126.0000000,24.0000000
5190,0,0.0000000,0.0000000,187.0000000,175.0000000
5190,2,0.0000000,0.0000000,253.5188566,115.4533940
5190,3,0.0000000,0.0000000,287.4057169,131.3594713
5190,4,0.0000000,0.0000000,286.1448037,89.9958530
5190,5,0.0000000,0.0000000,126.0000000,24.0000000
5200,0,0.0000000,0.0000000,187.0000000,175.0000000
5200,2,0.0000000,0.0000000,253.5188566,115.4533940
5200,3,0.0000000,0.0000000,287.4057169,131.3594713
5200,4,0.0000000,0.0000000,286.1448037,89.9958530
5200,5,0.0000000,0.0000000,126.0000000,24.0000000
5210,0,0.0000000,0.0000000,187.0000000,175.0000000
5210,2,0.0000000,0.0000000,253.5188566,115.4533940
5210,3,0.0000000,0.0000000,287.4057169,131.3594713
5210,4,0.0000000,0.0000000,286.1448037,89.9958530
5210,5,0.0000000,0.0000000,126.0000000,24.0000000
5220,0,0.0000000,0.0000000,187.0000000,175.0000000
5220,2,0.0000000,0.0000000,253.5188566,115.4533940
5220,3,0.0000000,0.0000000,287.4057169,131.3594713
5220,4,0.0000000,0.0000000,286.1448037,89.9958530
5220,5,0.0000000,0.0000000,126.0000000,24.0000000
5230,0,0.0000000,0.0000000,187.0000000,175.0000000
5230,2,0.0000000,0.0000000,253.5188566,115.4533940
5230,3,0.0000000,0.0000000,287.4057169,131.3594713
5230,4,0.0000000,0.0000000,286.1448037,89.9958530
5230,5,0.0000000,0.0000000,126.0000000,24.0000000
5240,0,0.0000000,0.0000000,187.0000000,175.0000000
5240,2,0.0000000,0.0000000,253.5188566,115.4533940
5240,3,0.0000000,0.0000000,287.4057169,131.3594713
5240,4,0.0000000,0.0000000,286.1448037,89.9958530
5240,5,0.0000000,0.0000000,126.0000000,24.0000000
5250,0,0.0000000,0.0000000,187.0000000,175.0000000
5250,2,0.0000000,0.0000000,253.5188566,115.4533940
5250,3,0.0000000,0.0000000,287.4057169,131.3594713
5250,4,0.0000000,0.0000000,286.1448037,89.9958530
5250,5,0.0000000,0.0000000,126.0000000,24.0000000
5260,0,0.0000000,0.0000000,187.0000000,175.0000000
5260,2,0.0000000,0.0000000,253.5188566,115.4533940
5260,3,0.0000000,0.0000000,287.4057169,131.3594713
5260,4,0.0000000,0.0000000,286.1448037,89.9958530
5260,5,0.0000000,0.0000000,126.0000000,24.0000000
5270,0,0.0000000,0.0000000,187.0000000,175.0000000
5270,2,0.0000000,0.0000000,253.5188566,115.4533940
5270,3,0.0000000,0.0000000,287.4057169,131.3594713
5270,4,0.0000000,0.0000000,286.1448037,89.9958530
5270,5,0.0000000,0.0000000,126.0000000,24.0000000
5280,0,0.0000000,0.0000000,187.0000000,175.0000000
5280,2,0.0000000,0.0000000,253.5188566,115.4533940
5280,3,0.0000000,0.0000000,287.4057169,131.3594713
5280,4,0.0000000,0.0000000,286.1448037,89.9958530
5280,5,0.0000000,0.0000000,126.0000000,24.0000000
5290,0,0.0000000,0.0000000,187.0000000,175.0000000
5290,2,0.0000000,0.0000000,253.5188566,115.4533940
5290,3,0.0000000,0.0000000,287.4057169,131.3594713
5290,4,0.0000000,0.0000000,286.1448037,89.9958530
5290,5,0.0000000,0.0000000,126.0000000,24.0000000
5300,0,0.0000000,0.0000000,187.0000000,175.0000000
5300,2,0.0000000,0.0000000,253.5188566,115.4533940
5300,3,0.0000000,0.0000000,287.4057169,131.3594713
5300,4,0.0000000,0.0000000,286.1448037,89.9958530
5300,5,0.0000000,0.0000000,126.0000000,24.0000000
5310,0,0.0000000,0.0000000,187.0000000,175.0000000
5310,2,0.0000000,0.0000000,253.5188566,115.4533940
5310,3,0.0000000,0.0000000,287.4057169,131.3594713
5310,4,0.0000000,0.0000000,286.1448037,89.9958530
5310,5,0.0000000,0.0000000,126.0000000,24.0000000
5320,0,0.0000000,0.0000000,187.0000000,175.0000000
5320,2,0.0000000,0.0000000,253.5188566,115.4533940
5320,3,0.0000000,0.0000000,287.4057169,131.3594713
5320,4,0.0000000,0.0000000,286.1448037,89.9958530
5320,5,0.0000000,0.0000000,126.0000000,24.0000000
5330,0,0.0000000,0.0000000,187.0000000,175.0000000
5330,2,0.0000000,0.0000000,253.5188566,115.4533940
5330,3,0.0000000,0.0000000,287.4057169,131.3594713
5330,4,0.0000000,0.0000000,286.1448037,89.9958530
5330,5,0.0000000,0.0000000,126.0000000,24.0000000
5340,0,0.0000000,0.0000000,187.0000000,175.0000000
5340,2,0.0000000,0.0000000,253.5188566,115.4533940
5340,3,0.0000000,0.0000000,287.4057169,131.3594713
5340,4,0.0000000,0.0000000,286.1448037,89.9958530
5340,5,0.0000000,0.0000000,126.0000000,24.0000000
5350,0,0.0000000,0.0000000,187.0000000,175.0000000
5350,2,0.0000000,0.0000000,253.5188566,115.4533940
5350,3,0.0000000,0.0000000,287.4057169,131.3594713
5350,4,0.0000000,0.0000000,286.1448037,89.9958530
5350,5,0.0000000,0.0000000,126.0000000,24.0000000
5360,0,0.0000000,0.0000000,187.0000000,175.0000000
5360,2,0.0000000,0.0000000,253.5188566,115.4533940
5360,3,0.0000000,0.0000000,287.4057169,131.3594713
5360,4,0.0000000,0.0000000,286.1448037,89.9958530
5360,5,0.0000000,0.0000000,126.0000000,24.0000000
5370,0,0.0000000,0.0000000,187.0000000,175.0000000
5370,2,0.0000000,0.0000000,253.5188566,115.4533940
5370,3,0.0000000,0.0000000,287.4057169,131.3594713
5370,4,0.0000000,0.0000000,286.1448037,89.9958530
5370,5,0.0000000,0.0000000,126.0000000,24.0000000
5380,0,0.0000000,0.0000000,187.0000000,175.0000000
5380,2,0.0000000,0.0000000,253.5188566,115.4533940
5380,3,0.0000000,0.0000000,287.4057169,131.3594713
5380,4,0.0000000,0.0000000,286.1448037,89.9958530
5380,5,0.0000000,0.0000000,126.0000000,24.0000000
5390,0,0.0000000,0.0000000,187.0000000,175.0000000
5390,2,0.0000000,0.0000000,253.5188566,115.4533940
5390,3,0.0000000,0.0000000,287.4057169,131.3594713
5390,4,0.0000000,0.0000000,286.1448037,89.9958530
5390,5,0.0000000,0.0000000,126.0000000,24.0000000
5400,0,0.0000000,0.0000000,187.0000000,175.0000000
5400,2,0.0000000,0.0000000,253.5188566,115.4533940
5400,3,0.0000000,0.0000000,287.4057169,131.3594713
5400,4,0.0000000,0.0000000,286.1448037,89.9958530
5400,5,0.0000000,0.0000000,126.0000000,24.0000000
5410,0,0.0000000,0.0000000,187.0000000,175.0000000
5410,2,0.0000000,0.0000000,253.5188566,115.4533940
5410,3,0.0000000,0.0000000,287.4057169,131.3594713
5410,4,0.0000000,0.0000000,286.1448037,89.9958530
5410,5,0.0000000,0.0000000,126.0000000,24.0000000
5420,0,0.0000000,0.0000000,187.0000000,175.0000000
5420,2,0.0000000,0.0000000,253.5188566,115.4533940
5420,3,0.0000000,0.0000000,287.4057169,131.3594713
5420,4,0.0000000,0.0000000,286.1448037,89.9958530
5420,5,0.0000000,0.0000000,126.0000000,24.0000000
5430,0,0.0000000,0.0000000,187.0000000,175.0000000
5430,2,0.0000000,0.0000000,253.5188566,115.4533940
5430,3,0.0000000,0.0000000,287.4057169,131.3594713
5430,4,0.0000000,0.0000000,286.1448037,89.9958530
5430,5,0.0000000,0.0000000,126.0000000,24.0000000
5440,0,0.0000000,0.0000000,187.0000000,175.0000000
5440,2,0.0000000,0.0000000,253.5188566,115.4533940
5440,3,0.0000000,0.0000000,287.4057169,131.3594713
5440,4,0.0000000,0.0000000,286.1448037,89.9958530
5440,5,0.0000000,0.0000000,126.0000000,24.0000000
5450,0,0.0000000,0.0000000,187.0000000,175.0000000
5450,2,0.0000000,0.0000000,253.5188566,115.4533940
5450,3,0.0000000,0.0000000,287.4057169,131.3594713
5450,4,0.0000000,0.0000000,286.1448037,89.9958530
5450,5,0.0000000,0.0000000,126.0000000,24.0000000
5460,0,0.0000000,0.0000000,187.0000000,175.0000000
5460,2,0.0000000,0.0000000,253.5188566,115.4533940
5460,3,0.0000000,0.0000000,287.4057169,131.3594713
5460,4,0.0000000,0.0000000,286.1448037,89.9958530
5460,5,0.0000000,0.0000000,126.0000000,24.0000000
5470,0,0.0000000,0.0000000,187.0000000,175.0000000
5470,2,0.0000000,0.0000000,253.5188566,115.4533940
5470,3,0.0000000,0.0000000,287.4057169,131.3594713
5470,4,0.0000000,0.0000000,286.1448037,89.9958530
5470,5,0.0000000,0.0000000,126.0000000,24.0000000
5480,0,0.0000000,0.0000000,187.0000000,175.0000000
5480,2,0.0000000,0.0000000,253.5188566,115.4533940
5480,3,0.0000000,0.0000000,287.4057169,131.3594713
5480,4,0.0000000,0.0000000,286.1448037,89.9958530
5480,5,0.0000000,0.0000000,126.0000000,24.0000000
5490,0,0.0000000,0.0000000,187.0000000,175.0000000
5490,2,0.0000000,0.0000000,253.5188566,115.4533940
5490,3,0.0000000,0.0000000,287.4057169,131.3594713
5490,4,0.0000000,0.0000000,286.1448037,89.9958530
5490,5,0.0000000,0.0000000,126.0000000,24.0000000
5500,0,0.0000000,0.0000000,187.0000000,175.0000000
5500,2,0.0000000,0.0000000,253.5188566,115.4533940
5500,3,0.0000000,0.0000000,287.4057169,131.3594713
5500,4,0.0000000,0.0000000,286.1448037,89.9958530
5500,5,0.0000000,0.0000000,126.0000000,24.0000000
5510,0,0.0000000,0.0000000,187.0000000,175.0000000
5510,2,0.0000000,0.0000000,253.5188566,115.4533940
5510,3,0.0000000,0.0000000,287.4057169,131.3594713
5510,4,0.0000000,0.0000000,286.1448037,89.9958530
5510,5,0.0000000,0.0000000,126.0000000,24.0000000
5520,0,0.0000000,0.0000000,187.0000000,175.0000000
5520,2,0.0000000,0.0000000,253.5188566,115.4533940
5520,3,0.0000000,0.0000000,287.4057169,131.3594713
5520,4,0.0000000,0.0000000,286.1448037,89.9958530
5520,5,0.0000000,0.0000000,126.0000000,24.0000000
5530,0,0.0000000,0.0000000,187.0000000,175.0000000
5530,2,0.0000000,0.0000000,253.5188566,115.4533940
5530,3,0.0000000,0.0000000,287.4057169,131.3594713
5530,4,0.0000000,0.0000000,286.1448037,89.9958530
5530,5,0.0000000,0.0000000,126.0000000,24.0000000
5540,0,0.0000000,0.0000000,187.0000000,175.0000000
5540,2,0.0000000,0.0000000,253.5188566,115.4533940
5540,3,0.0000000,0.0000000,287.4057169,131.3594713
5540,4,0.0000000,0.0000000,286.1448037,89.9958530
5540,5,0.0000000,0.0000000,126.0000000,24.0000000
5550,0,0.0000000,0.0000000,187.0000000,175.0000000
5550,2,0.0000000,0.0000000,253.5188566,115.4533940
5550,3,0.0000000,0.0000000,287.4057169,131.3594713
5550,4,0.0000000,0.0000000,286.1448037,89.9958530
5550,5,0.0000000,0.0000000,126.0000000,24.0000000
5560,0,0.0000000,0.0000000,187.0000000,175.0000000
5560,2,0.0000000,0.0000000,253.5188566,115.4533940
5560,3,0.0000000,0.0000000,287.4057169,131.3594713
5560,4,0.0000000,0.0000000,286.1448037,89.9958530
5560,5,0.0000000,0.0000000,126.0000000,24.0000000
5570,0,0.0000000,0.0000000,187.0000000,175.0000000
5570,2,0.0000000,0.0000000,253.5188566,115.4533940
5570,3,0.0000000,0.0000000,287.4057169,131.3594713
5570,4,0.0000000,0.0000000,286.1448037,89.9958530
5570,5,0.0000000,0.0000000,126.0000000,24.0000000
5580,0,0.0000000,0.0000000,187.0000000,175.0000000
5580,2,0.0000000,0.0000000,253.5188566,115.4533940
5580,3,0.0000000,0.0000000,287.4057169,131.3594713
5580,4,0.0000000,0.0000000,286.1448037,89.9958530
5580,5,0.0000000,0.0000000,126.0000000,24.0000000
5590,0,0.0000000,0.0000000,187.0000000,175.0000000
5590,2,0.0000000,0.0000000,253.5188566,115.4533940
5590,3,0.0000000,0.0000000,287.4057169,131.3594713
5590,4,0.0000000,0.0000000,286.1448037,89.9958530
5590,5,0.0000000,0.0000000,126.0000000,24.0000000
5600,0,0.0000000,0.0000000,187.0000000,175.0000000
5600,2,0.0000000,0.0000000,253.5188566,115.4533940
5600,3,0.0000000,0.0000000,287.4057169,131.3594713
5600,4,0.0000000,0.0000000,286.1448037,89.9958530
5600,5,0.0000000,0.0000000,126.0000000,24.0000000
5610,0,0.0000000,0.0000000,187.0000000,175.0000000
5610,2,0.0000000,0.0000000,253.5188566,115.4533940
5610,3,0.0000000,0.0000000,287.4057169,131.3594713
5610,4,0.0000000,0.0000000,286.1448037,89.9958530
5610,5,0.0000000,0.0000000,126.0000000,24.0000000
5620,0,0.0000000,0.0000000,187.0000000,175.0000000
5620,2,0.0000000,0.0000000,253.5188566,115.4533940
5620,3,0.0000000,0.0000000,287.4057169,131.3594713
5620,4,0.0000000,0.0000000,286.1448037,89.9958530
5620,5,0.0000000,0.0000000,126.0000000,24.0000000
5630,0,0.0000000,0.0000000,187.0000000,175.0000000
5630,2,0.0000000,0.0000000,253.5188566,115.4533940
5630,3,0.0000000,0.0000000,287.4057169,131.3594713
5630,4,0.0000000,0.0000000,286.1448037,89.9958530
5630,5,0.0000000,0.0000000,126.0000000,24.0000000
5640,0,0.0000000,0.0000000,187.0000000,175.0000000
5640,2,0.0000000,0.0000000,253.5188566,115.4533940
5640,3,0.0000000,0.0000000,287.4057169,131.3594713
5640,4,0.0000000,0.0000000,286.1448037,89.9958530
5640,5,0.0000000,0.0000000,126.0000000,24.0000000
5650,0,0.0000000,0.0000000,187.0000000,175.0000000
5650,2,0.0000000,0.0000000,253.5188566,115.4533940
5650,3,0.0000000,0.0000000,287.4057169,131.3594713
5650,4,0.0000000,0.0000000,286.1448037,89.9958530
5650,5,0.0000000,0.0000000,126.0000000,24.0000000
5660,0,0.0000000,0.0000000,187.0000000,175.0000000
5660,2,0.0000000,0.0000000,253.5188566,115.4533940
5660,3,0.0000000,0.0000000,287.4057169,131.3594713
5660,4,0.0000000,0.0000000,286.1448037,89.9958530
5660,5,0.0000000,0.0000000,126.0000000,24.0000000
5670,0,0.0000000,0.0000000,187.0000000,175.0000000
5670,2,0.0000000,0.0000000,253.5188566,115.4533940
5670,3,0.0000000,0.0000000,287.4057169,131.3594713
5670,4,0.0000000,0.0000000,286.1448037,89.9958530
5670,5,0.0000000,0.0000000,126.0000000,24.0000000
5680,0,0.0000000,0.0000000,187.0000000,175.0000000
5680,2,0.0000000,0.0000000,253.5188566,115.4533940
5680,3,0.0000000,0.0000000,287.4057169,131.3594713
5680,4,0.0000000,0.0000000,286.1448037,89.9958530
5680,5,0.0000000,0.0000000,126.0000000,24.0000000
5690,0,0.0000000,0.0000000,187.0000000,175.0000000
5690,2,0.0000000,0.0000000,253.5188566,115.4533940
5690,3,0.0000000,0.0000000,287.4057169,131.3594713
5690,4,0.0000000,0.0000000,286.1448037,89.9958530
5690,5,0.0000000,0.0000000,126.0000000,24.0000000
5700,0,0.0000000,0.0000000,187.0000000,175.0000000
5700,2,0.0000000,0.0000000,253.5188566,115.4533940
5700,3,0.0000000,0.0000000,287.4057169,131.3594713
5700,4,0.0000000,0.0000000,286.1448037,89.9958530
5700,5,0.0000000,0.0000000,126.0000000,24.0000000
5710,0,0.0000000,0.0000000,187.0000000,175.0000000
5710,2,0.0000000,0.0000000,253.5188566,115.4533940
5710,3,0.0000000,0.0000000,287.4057169,131.3594713
5710,4,0.0000000,0.0000000,286.1448037,89.9958530
5710,5,0.0000000,0.0000000,126.0000000,24.0000000
5720,0,0.0000000,0.0000000,187.0000000,175.0000000
5720,2,0.0000000,0.0000000,253.5188566,115.4533940
5720,3,0.0000000,0.0000000,287.4057169,131.3594713
5720,4,0.0000000,0.0000000,286.1448037,89.9958530
5720,5,0.0000000,0.0000000,126.0000000,24.0000000
5730,0,0.0000000,0.0000000,187.0000000,175.0000000
5730,2,0.0000000,0.0000000,253.5188566,115.4533940
5730,3,0.0000000,0.0000000,287.4057169,131.3594713
5730,4,0.0000000,0.0000000,286.1448037,89.9958530
5730,5,0.0000000,0.0000000,126.0000000,24.0000000
5740,0,0.0000000,0.0000000,187.0000000,175.0000000
5740,2,0.0000000,0.0000000,253.5188566,115.4533940
5740,3,0.0000000,0.0000000,287.4057169,131.3594713
5740,4,0.0000000,0.0000000,286.1448037,89.9958530
5740,5,0.0000000,0.0000000,126.0000000,24.0000000
5750,0,0.0000000,0.0000000,187.0000000,175.0000000
5750,2,0.0000000,0.0000000,253.5188566,115.4533940
5750,3,0.0000000,0.0000000,287.4057169,131.3594713
5750,4,0.0000000,0.0000000,286.1448037,89.9958530
5750,5,0.0000000,0.0000000,126.0000000,24.0000000
5760,0,0.0000000,0.0000000,187.0000000,175.0000000
5760,2,0.0000000,0.0000000,253.5188566,115.4533940
5760,3,0.0000000,0.0000000,287.4057169,131.3594713
5760,4,0.0000000,0.0000000,286.1448037,89.9958530
5760,5,0.0000000,0.0000000,126.0000000,24.0000000
5770,0,0.0000000,0.0000000,187.0000000,175.0000000
5770,2,0.0000000,0.0000000,253.5188566,115.4533940
5770,3,0.0000000,0.0000000,287.4057169,131.3594713
5770,4,0.0000000,0.0000000,286.1448037,89.9958530
5770,5,0.0000000,0.0000000,126.0000000,24.0000000
5780,0,0.0000000,0.0000000,187.0000000,175.0000000
5780,2,0.0000000,0.0000000,253.5188566,115.4533940
5780,3,0.0000000,0.0000000,287.4057169,131.3594713
5780,4,0.0000000,0.0000000,286.1448037,89.9958530
5780,5,0.0000000,0.0000000,126.0000000,24.0000000
5790,0,0.0000000,0.0000000,187.0000000,175.0000000
5790,2,0.0000000,0.0000000,253.5188566,115.4533940
5790,3,0.0000000,0.0000000,287.4057169,131.3594713
5790,4,0.0000000,0.0000000,286.1448037,89.9958530
5790,5,0.0000000,0.0000000,126.0000000,24.0000000
5800,0,0.0000000,0.0000000,187.0000000,175.0000000
5800,2,0.0000000,0.0000000,253.5188566,115.4533940
5800,3,0.0000000,0.0000000,287.4057169,131.3594713
5800,4,0.0000000,0.0000000,286.1448037,89.9958530
5800,5,0.0000000,0.0000000,126.0000000,24.0000000
5810,0,0.0000000,0.0000000,187.0000000,175.0000000
5810,2,0.0000000,0.0000000,253.5188566,115.4533940
5810,3,0.0000000,0.0000000,287.4057169,131.3594713
5810,4,0.0000000,0.0000000,286.1448037,89.9958530
5810,5,0.0000000,0.0000000,126.0000000,24.0000000
5820,0,0.0000000,0.0000000,187.0000000,175.0000000
5820,2,0.0000000,0.0000000,253.5188566,115.4533940
5820,3,0.0000000,0.0000000,287.4057169,131.3594713
5820,4,0.0000000,0.0000000,286.1448037,89.9958530
5820,5,0.0000000,0.0000000,126.0000000,24.0000000
5830,0,0.0000000,0.0000000,187.0000000,175.0000000
5830,2,0.0000000,0.0000000,253.5188566,115.4533940
5830,3,0.0000000,0.0000000,287.4057169,131.3594713
5830,4,0.0000000,0.0000000,286.1448037,89.9958530
5830,5,0.0000000,0.0000000,126.0000000,24.0000000
5840,0,0.0000000,0.0000000,187.0000000,175.0000000
5840,2,0.0000000,0.0000000,253.5188566,115.4533940
5840,3,0.0000000,0.0000000,287.4057169,131.3594713
5840,4,0.0000000,0.0000000,286.1448037,89.9958530
5840,5,0.0000000,0.0000000,126.0000000,24.0000000
5850,0,0.0000000,0.0000000,187.0000000,175.0000000
5850,2,0.0000000,0.0000000,253.5188566,115.4533940
5850,3,0.0000000,0.0000000,287.4057169,131.3594713
5850,4,0.0000000,0.0000000,286.1448037,89.9958530
5850,5,0.0000000,0.0000000,126.0000000,24.0000000
5860,0,0.0000000,0.0000000,187.0000000,175.0000000
5860,2,0.0000000,0.0000000,253.5188566,115.4533940
5860,3,0.0000000,0.0000000,287.4057169,131.3594713
5860,4,0.0000000,0.0000000,286.1448037,89.9958530
5860,5,0.0000000,0.0000000,126.0000000,24.0000000
5870,0,0.0000000,0.0000000,187.0000000,175.0000000
5870,2,0.0000000,0.0000000,253.5188566,115.4533940
5870,3,0.0000000,0.0000000,287.4057169,131.3594713
5870,4,0.0000000,0.0000000,286.1448037,89.9958530
5870,5,0.0000000,0.0000000,126.0000000,24.0000000
5880,0,0.0000000,0.0000000,187.0000000,175.0000000
5880,2,0.0000000,0.0000000,253.5188566,115.4533940
5880,3,0.0000000,0.0000000,287.4057169,131.3594713
5880,4,0.0000000,0.0000000,286.1448037,89.9958530
5880,5,0.0000000,0.0000000,126.0000000,24.0000000
5890,0,0.0000000,0.0000000,187.0000000,175.0000000
5890,2,0.0000000,0.0000000,253.5188566,115.4533940
5890,3,0.0000000,0.0000000,287.4057169,131.3594713
5890,4,0.0000000,0.0000000,286.1448037,89.9958530
5890,5,0.0000000,0.0000000,126.0000000,24.0000000
5900,0,0.0000000,0.0000000,187.0000000,175.0000000
5900,2,0.0000000,0.0000000,253.5188566,115.4533940
5900,3,0.0000000,0.0000000,287.4057169,131.3594713
5900,4,0.0000000,0.0000000,286.1448037,89.9958530
5900,5,0.0000000,0.0000000,126.0000000,24.0000000
5910,0,0.0000000,0.0000000,187.0000000,175.0000000
5910,2,0.0000000,0.0000000,253.5188566,115.4533940
5910,3,0.0000000,0.0000000,287.4057169,131.3594713
5910,4,0.0000000,0.0000000,286.1448037,89.9958530
5910,5,0.0000000,0.0000000,126.0000000,24.0000000
5920,0,0.0000000,0.0000000,187.0000000,175.0000000
5920,2,0.0000000,0.0000000,253.5188566,115.4533940
5920,3,0.0000000,0.0000000,287.4057169,131.3594713
5920,4,0.0000000,0.0000000,286.1448037,89.9958530
5920,5,0.0000000,0.0000000,126.0000000,24.0000000
5930,0,0.0000000,0.0000000,187.0000000,175.0000000
5930,2,0.0000000,0.0000000,253.5188566,115.4533940
5930,3,0.0000000,0.0000000,287.4057169,131.3594713
5930,4,0.0000000,0.0000000,286.1448037,89.9958530
5930,5,0.0000000,0.0000000,126.0000000,24.0000000
5940,0,0.0000000,0.0000000,187.0000000,175.0000000
5940,2,0.0000000,0.0000000,253.5188566,115.4533940
5940,3,0.0000000,0.0000000,287.4057169,131.3594713
5940,4,0.0000000,0.0000000,286.1448037,89.9958530
5940,5,0.0000000,0.0000000,126.0000000,24.0000000
5950,0,0.0000000,0.0000000,187.0000000,175.0000000
5950,2,0.0000000,0.0000000,253.5188566,115.4533940
5950,3,0.0000000,0.0000000,287.4057169,131.3594713
5950,4,0.0000000,0.0000000,286.1448037,89.9958530
5950,5,0.0000000,0.0000000,126.0000000,24.0000000
5960,0,0.0000000,0.0000000,187.0000000,175.0000000
5960,2,0.0000000,0.0000000,253.5188566,115.4533940
5960,3,0.0000000,0.0000000,287.4057169,131.3594713
5960,4,0.0000000,0.0000000,286.1448037,89.9958530
5960,5,0.0000000,0.0000000,126.0000000,24.0000000
5970,0,0.0000000,0.0000000,187.0000000,175.0000000
5970,2,0.0000000,0.0000000,253.5188566,115.4533940
5970,3,0.0000000,0.0000000,287.4057169,131.3594713
5970,4,0.0000000,0.0000000,286.1448037,89.9958530
5970,5,0.0000000,0.0000000,126.0000000,24.0000000
5980,0,0.0000000,0.0000000,187.0000000,175.0000000
5980,2,0.0000000,0.0000000,253.5188566,115.4533940
5980,3,0.0000000,0.0000000,287.4057169,131.3594713
5980,4,0.0000000,0.0000000,286.1448037,89.9958530
5980,5,0.0000000,0.0000000,126.0000000,24.0000000
5990,0,0.0000000,0.0000000,187.0000000,175.0000000
5990,2,0.0000000,0.0000000,253.5188566,115.4533940
5990,3,0.0000000,0.0000000,287.4057169,131.3594713
5990,4,0.0000000,0.0000000,286.1448037,89.9958530
5990,5,0.0000000,0.0000000,126.0000000,24.0000000
6000,0,0.0000000,0.0000000,187.0000000,175.0000000
6000,2,0.0000000,0.0000000,253.5188566,115.4533940
6000,3,0.0000000,0.0000000,287.4057169,131.3594713
6000,4,0.0000000,0.0000000,286.1448037,89.9958530
6000,5,0.0000000,0.0000000,126.0000000,24.0000000
6010,0,0.0000000,0.0000000,187.0000000,175.0000000
6010,2,0.0000000,0.0000000,253.5188566,115.4533940
6010,3,0.0000000,0.0000000,287.4057169,131.3594713
6010,4,0.0000000,0.0000000,286.1448037,89.9958530
6010,5,0.0000000,0.0000000,126.0000000,24.0000000
6020,0,0.0000000,0.0000000,187.0000000,175.0000000
6020,2,0.0000000,0.0000000,253.5188566,115.4533940
6020,3,0.0000000,0.0000000,287.4057169,131.3594713
6020,4,0.0000000,0.0000000,286.1448037,89.9958530
6020,5,0.0000000,0.0000000,126.0000000,24.0000000
6030,0,0.0000000,0.0000000,187.0000000,175.0000000
6030,2,0.0000000,0.0000000,253.5188566,115.4533940
6030,3,0.0000000,0.0000000,287.4057169,131.3594713
6030,4,0.0000000,0.0000000,286.1448037,89.9958530
6030,5,0.0000000,0.0000000,126.0000000,24.0000000
6040,0,0.0000000,0.0000000,187.0000000,175.0000000
6040,2,0.0000000,0.0000000,253.5188566,115.4533940
6040,3,0.0000000,0.0000000,287.4057169,131.3594713
6040,4,0.0000000,0.0000000,286.1448037,89.9958530
6040,5,0.0000000,0.0000000,126.0000000,24.0000000
6050,0,0.0000000,0.0000000,187.0000000,175.0000000
6050,2,0.0000000,0.0000000,253.5188566,115.4533940
6050,3,0.0000000,0.0000000,287.4057169,131.3594713
6050,4,0.0000000,0.0000000,286.1448037,89.9958530
6050,5,0.0000000,0.0000000,126.0000000,24.0000000
6060,0,0.0000000,0.0000000,187.0000000,175.0000000
6060,2,0.0000000,0.0000000,253.5188566,115.4533940
6060,3,0.0000000,0.0000000,287.4057169,131.3594713
6060,4,0.0000000,0.0000000,286.1448037,89.9958530
6060,5,0.0000000,0.0000000,126.0000000,24.0000000
6070,0,0.0000000,0.0000000,187.0000000,175.0000000
6070,2,0.0000000,0.0000000,253.5188566,115.4533940
6070,3,0.0000000,0.0000000,287.4057169,131.3594713
6070,4,0.0000000,0.0000000,286.1448037,89.9958530
6070,5,0.0000000,0.0000000,126.0000000,24.0000000
6080,0,0.0000000,0.0000000,187.0000000,175.0000000
6080,2,0.0000000,0.0000000,253.5188566,115.4533940
6080,3,0.0000000,0.0000000,287.4057169,131.3594713
6080,4,0.0000000,0.0000000,286.1448037,89.9958530
6080,5,0.0000000,0.0000000,126.0000000,24.0000000
6090,0,0.0000000,0.0000000,187.0000000,175.0000000
6090,2,0.0000000,0.0000000,253.5188566,115.4533940
6090,3,0.0000000,0.0000000,287.4057169,131.3594713
6090,4,0.0000000,0.0000000,286.1448037,89.9958530
6090,5,0.0000000,0.0000000,126.0000000,24.0000000
6100,0,0.0000000,0.0000000,187.0000000,175.0000000
6100,2,0.0000000,0.0000000,253.5188566,115.4533940
6100,3,0.0000000,0.0000000,287.4057169,131.3594713
6100,4,0.0000000,0.0000000,286.1448037,89.9958530
6100,5,0.0000000,0.0000000,126.0000000,24.0000000
6110,0,0.0000000,0.0000000,187.0000000,175.0000000
6110,2,0.0000000,0.0000000,253.5188566,115.4533940
6110,3,0.0000000,0.0000000,287.4057169,131.3594713
6110,4,0.0000000,0.0000000,286.1448037,89.9958530
6110,5,0.0000000,0.0000000,126.0000000,24.0000000
6120,0,0.0000000,0.0000000,187.0000000,175.0000000
6120,2,0.0000000,0.0000000,253.5188566,115.4533940
6120,3,0.0000000,0.0000000,287.4057169,131.3594713
6120,4,0.0000000,0.0000000,286.1448037,89.9958530
6120,5,0.0000000,0.0000000,126.0000000,24.0000000
6130,0,0.0000000,0.0000000,187.0000000,175.0000000
6130,2,0.0000000,0.0000000,253.4995534,115.3573793
6130,3,0.0000000,0.0000000,287.3000020,131.4372179
6130,4,0.0000000,0.0000000,286.2674445,90.0538852
6130,5,0.0000000,0.0000000,126.0000000,24.0000000
6140,0,0.0000000,0.0000000,187.0000000,175.0000000
6140,2,0.0000000,0.0000000,252.7389726,114.4985917
6140,3,0.0000000,0.0000000,285.3608903,132.9239239
6140,4,0.0000000,0.0000000,287.2968008,91.6373416
6140,5,0.0000000,0.0000000,126.0000000,24.0000000
6150,0,0.0000000,0.0000000,187.0000000,175.0000000
6150,2,0.0000000,0.0000000,252.2138585,113.2591785
6150,3,0.0000000,0.0000000,283.1085843,134.5234223
6150,4,0.0000000,0.0000000,288.7843697,93.5781920
6150,5,0.0000000,0.0000000,126.0000000,24.0000000
6160,0,0.0000000,0.0000000,187.0000000,175.0000000
6160,2,0.0000000,0.0000000,252.0066357,111.7362995
6160,3,0.0000000,0.0000000,280.4717811,136.2020893
6160,4,0.0000000,0.0000000,290.5431679,96.1470066
6160,5,0.0000000,0.0000000,126.0000000,24.0000000
6170,0,0.0000000,0.0000000,187.0000000,175.0000000
6170,2,0.0000000,0.0000000,252.0487806,110.3037208
6170,3,0.0000000,0.0000000,277.7531010,137.6859280
6170,4,0.0000000,0.0000000,292.0777157,98.9760244
6170,5,0.0000000,0.0000000,126.0000000,24.0000000
6180,0,0.0000000,0.0000000,187.0000000,175.0000000
6180,2,0.0000000,0.0000000,252.2588276,109.0972973
6180,3,0.0000000,0.0000000,275.0861826,138.9370330
6180,4,0.0000000,0.0000000,293.2503768,101.8912501
6180,5,0.0000000,0.0000000,126.0000000,24.0000000
6190,0,0.0000000,0.0000000,187.0000000,175.0000000
6190,2,0.0000000,0.0000000,252.5621382,108.1511889
6190,3,0.0000000,0.0000000,272.5310994,139.9809933
6190,4,0.0000000,0.0000000,294.0539762,104.7878824
6190,5,0.0000000,0.0000000,126.0000000,24.0000000
6200,0,0.0000000,0.0000000,187.0000000,175.0000000
6200,2,0.0000000,0.0000000,252.8363817,107.5114138
6200,3,0.0000000,0.0000000,270.1862882,140.8409684
6200,4,0.0000000,0.0000000,294.4643173,107.4888378
6200,5,0.0000000,0.0000000,126.0000000,24.0000000
6210,0,0.0000000,0.0000000,187.0000000,175.0000000
6210,2,0.0000000,0.0000000,252.8940201,107.2328504
6210,3,0.0000000,0.0000000,268.2015007,141.5468995
6210,4,0.0000000,0.0000000,294.4412217,109.7219786
6210,5,0.0000000,0.0000000,126.0000000,24.0000000
6220,0,0.0000000,0.0000000,187.0000000,175.0000000
6220,2,0.0000000,0.0000000,252.7128708,107.2307909
6220,3,0.0000000,0.0000000,266.5504847,142.1631932
6220,4,0.0000000,0.0000000,294.1106351,111.4850813
6220,5,0.0000000,0.0000000,126.0000000,24.0000000
6230,0,0.0000000,0.0000000,187.0000000,175.0000000
6230,2,0.0000000,0.0000000,252.3039236,107.4293275
6230,3,0.0000000,0.0000000,265.1799477,142.7300884
6230,4,0.0000000,0.0000000,293.5637465,112.8305481
6230,5,0.0000000,0.0000000,126.0000000,24.0000000
6240,0,0.0000000,0.0000000,187.0000000,175.0000000
6240,2,0.0000000,0.0000000,251.7205307,107.7582193
6240,3,0.0000000,0.0000000,264.0171412,143.2711108
6240,4,0.0000000,0.0000000,292.8870405,113.8581822
6240,5,0.0000000,0.0000000,126.0000000,24.0000000
6250,0,0.0000000,0.0000000,187.0000000,175.0000000
6250,2,0.0000000,0.0000000,251.0230901,108.1635828
6250,3,0.0000000,0.0000000,262.9836260,143.7997252
6250,4,0.0000000,0.0000000,292.1335398,114.6841903
6250,5,0.0000000,0.0000000,126.0000000,24.0000000
6260,0,0.0000000,0.0000000,187.0000000,175.0000000
6260,2,0.0000000,0.0000000,250.2607806,108.6100027
6260,3,0.0000000,0.0000000,262.0240434,144.3221384
6260,4,0.0000000,0.0000000,291.3413726,115.3941736
6260,5,0.0000000,0.0000000,126.0000000,24.0000000
6270,0,0.0000000,0.0000000,187.0000000,175.0000000
6270,2,0.0000000,0.0000000,249.4615230,109.0786414
6270,3,0.0000000,0.0000000,261.1045470,144.8414842
6270,4,0.0000000,0.0000000,290.5265614,116.0403810
6270,5,0.0000000,0.0000000,126.0000000,24.0000000
6280,0,0.0000000,0.0000000,187.0000000,175.0000000
6280,2,0.0000000,0.0000000,248.6433788,109.5586407
6280,3,0.0000000,0.0000000,260.2067041,145.3592342
6280,4,0.0000000,0.0000000,289.7017267,116.6524176
6280,5,0.0000000,0.0000000,126.0000000,24.0000000
6290,0,0.0000000,0.0000000,187.0000000,175.0000000
6290,2,0.0000000,0.0000000,247.8142171,110.0451071
6290,3,0.0000000,0.0000000,259.3204393,145.8762343
6290,4,0.0000000,0.0000000,288.8699235,117.2458790
6290,5,0.0000000,0.0000000,126.0000000,24.0000000
6300,0,0.0000000,0.0000000,187.0000000,175.0000000
6300,2,0.0000000,0.0000000,246.9794705,110.5351094
6300,3,0.0000000,0.0000000,258.4410352,146.3928431
6300,4,0.0000000,0.0000000,288.0354891,117.8286893
6300,5,0.0000000,0.0000000,126.0000000,24.0000000
6310,0,0.0000000,0.0000000,187.0000000,175.0000000
6310,2,0.0000000,0.0000000,246.1406512,111.0276027
6310,3,0.0000000,0.0000000,257.5658210,146.9092825
6310,4,0.0000000,0.0000000,287.1982033,118.4047936
6310,5,0.0000000,0.0000000,126.0000000,24.0000000
6320,0,0.0000000,0.0000000,187.0000000,175.0000000
6320,2,0.0000000,0.0000000,245.2995423,111.5217086
6320,3,0.0000000,0.0000000,256.6937082,147.4256231
6320,4,0.0000000,0.0000000,286.3599658,118.9762024
6320,5,0.0000000,0.0000000,126.0000000,24.0000000
6330,0,0.0000000,0.0000000,187.0000000,175.0000000
6330,2,0.0000000,0.0000000,244.4562504,112.0172062
6330,3,0.0000000,0.0000000,255.8238248,147.9419221
6330,4,0.0000000,0.0000000,285.5200879,119.5440533
6330,5,0.0000000,0.0000000,126.0000000,24.0000000
6340,0,0.0000000,0.0000000,187.0000000,175.0000000
6340,2,0.0000000,0.0000000,243.6116044,112.5137173
6340,3,0.0000000,0.0000000,254.9558687,148.4581908
6340,4,0.0000000,0.0000000,284.6796765,120.1090147
6340,5,0.0000000,0.0000000,126.0000000,24.0000000
6350,0,0.0000000,0.0000000,187.0000000,175.0000000
6350,2,0.0000000,0.0000000,242.7654993,113.0111729
6350,3,0.0000000,0.0000000,254.0894050,148.9744462
6350,4,0.0000000,0.0000000,283.8381463,120.6715893
6350,5,0.0000000,0.0000000,126.0000000,24.0000000
6360,0,0.0000000,0.0000000,187.0000000,175.0000000
6360,2,0.0000000,0.0000000,241.9184421,113.5093551
6360,3,0.0000000,0.0000000,253.2243110,149.4906915
6360,4,0.0000000,0.0000000,282.9962362,121.2321059
6360,5,0.0000000,0.0000000,126.0000000,24.0000000
6370,0,0.0000000,0.0000000,187.0000000,175.0000000
6370,2,0.0000000,0.0000000,241.0703277,114.0082263
6370,3,0.0000000,0.0000000,252.3603066,150.0069321
6370,4,0.0000000,0.0000000,282.1535150,121.7908727
6370,5,0.0000000,0.0000000,126.0000000,24.0000000
6380,0,0.0000000,0.0000000,187.0000000,175.0000000
6380,2,0.0000000,0.0000000,240.2214985,114.5076463
6380,3,0.0000000,0.0000000,251.4973267,150.5231708
6380,4,0.0000000,0.0000000,281.3104959,122.3480896
6380,5,0.0000000,0.0000000,126.0000000,24.0000000
6390,0,0.0000000,0.0000000,187.0000000,175.0000000
6390,2,0.0000000,0.0000000,239.3718754,115.0075875
6390,3,0.0000000,0.0000000,250.6351749,151.0394086
6390,4,0.0000000,0.0000000,280.4668710,122.9039698
6390,5,0.0000000,0.0000000,126.0000000,24.0000000
6400,0,0.0000000,0.0000000,187.0000000,175.0000000
6400,2,0.0000000,0.0000000,238.5216970,115.5079559
6400,3,0.0000000,0.0000000,249.7738120,151.5556487
6400,4,0.0000000,0.0000000,279.6230006,123.4586455
6400,5,0.0000000,0.0000000,126.0000000,24.0000000
6410,0,0.0000000,0.0000000,187.0000000,175.0000000
6410,2,0.0000000,0.0000000,237.6709081,116.0087287
6410,3,0.0000000,0.0000000,248.9130958,152.0718901
6410,4,0.0000000,0.0000000,278.7786678,124.0122715
6410,5,0.0000000,0.0000000,126.0000000,24.0000000
6420,0,0.0000000,0.0000000,187.0000000,175.0000000
6420,2,0.0000000,0.0000000,236.8196772,116.5098416
6420,3,0.0000000,0.0000000,248.0530001,152.5881357
6420,4,0.0000000,0.0000000,277.9341266,124.5649393
6420,5,0.0000000,0.0000000,126.0000000,24.0000000
6430,0,0.0000000,0.0000000,187.0000000,175.0000000
6430,2,0.0000000,0.0000000,235.9679680,117.0112749
6430,3,0.0000000,0.0000000,247.1934202,153.1043837
6430,4,0.0000000,0.0000000,277.0892254,125.1167644
6430,5,0.0000000,0.0000000,126.0000000,24.0000000
6440,0,0.0000000,0.0000000,187.0000000,175.0000000
6440,2,0.0000000,0.0000000,235.1159007,117.5129837
6440,3,0.0000000,0.0000000,246.3343372,153.6206370
6440,4,0.0000000,0.0000000,276.2441441,125.6678125
6440,5,0.0000000,0.0000000,126.0000000,24.0000000
6450,0,0.0000000,0.0000000,187.0000000,175.0000000
6450,2,0.0000000,0.0000000,234.2634525,118.0149510
6450,3,0.0000000,0.0000000,245.4756726,154.1368936
6450,4,0.0000000,0.0000000,275.3987775,126.2181714
6450,5,0.0000000,0.0000000,126.0000000,24.0000000
6460,0,0.0000000,0.0000000,187.0000000,175.0000000
6460,2,0.0000000,0.0000000,233.4107101,118.5171446
6460,3,0.0000000,0.0000000,244.6174117,154.6531557
6460,4,0.0000000,0.0000000,274.5532533,126.7678901
6460,5,0.0000000,0.0000000,126.0000000,24.0000000
6470,0,0.0000000,0.0000000,187.0000000,175.0000000
6470,2,0.0000000,0.0000000,232.5576602,119.0195499
6470,3,0.0000000,0.0000000,243.7594952,155.1694214
6470,4,0.0000000,0.0000000,273.7074990,127.3170362
6470,5,0.0000000,0.0000000,126.0000000,24.0000000
6480,0,0.0000000,0.0000000,187.0000000,175.0000000
6480,2,0.0000000,0.0000000,231.7043658,119.5221434
6480,3,0.0000000,0.0000000,242.9019109,155.6856928
6480,4,0.0000000,0.0000000,272.8616056,127.8656474
6480,5,0.0000000,0.0000000,126.0000000,24.0000000
6490,0,0.0000000,0.0000000,187.0000000,175.0000000
6490,2,0.0000000,0.0000000,230.8508202,120.0249126
6490,3,0.0000000,0.0000000,242.0446135,156.2019681
6490,4,0.0000000,0.0000000,272.0155238,128.4137765
6490,5,0.0000000,0.0000000,126.0000000,24.0000000
6500,0,0.0000000,0.0000000,187.0000000,175.0000000
6500,2,0.0000000,0.0000000,229.9970697,120.5278399
6500,3,0.0000000,0.0000000,241.1875925,156.7182488
6500,4,0.0000000,0.0000000,271.1693185,128.9614531
6500,5,0.0000000,0.0000000,126.0000000,24.0000000
6510,0,0.0000000,0.0000000,187.0000000,175.0000000
6510,2,0.0000000,0.0000000,229.1431118,121.0309146
6510,3,0.0000000,0.0000000,240.3308130,157.2345335
6510,4,0.0000000,0.0000000,270.3229564,129.5087188
6510,5,0.0000000,0.0000000,126.0000000,24.0000000
6520,0,0.0000000,0.0000000,187.0000000,175.0000000
6520,2,0.0000000,0.0000000,228.2889808,121.5341234
6520,3,0.0000000,0.0000000,239.4742656,157.7508235
6520,4,0.0000000,0.0000000,269.4764842,130.0555975
6520,5,0.0000000,0.0000000,126.0000000,24.0000000
6530,0,0.0000000,0.0000000,187.0000000,175.0000000
6530,2,0.0000000,0.0000000,227.4346771,122.0374571
6530,3,0.0000000,0.0000000,238.6179234,158.2671175
6530,4,0.0000000,0.0000000,268.6298797,130.6021224
6530,5,0.0000000,0.0000000,126.0000000,24.0000000
6540,0,0.0000000,0.0000000,187.0000000,175.0000000
6540,2,0.0000000,0.0000000,226.5802265,122.5409054
6540,3,0.0000000,0.0000000,237.7617778,158.7834164
6540,4,0.0000000,0.0000000,267.7831765,131.1483130
6540,5,0.0000000,0.0000000,126.0000000,24.0000000
6550,0,0.0000000,0.0000000,187.0000000,175.0000000
6550,2,0.0000000,0.0000000,225.7256308,123.0444604
6550,3,0.0000000,0.0000000,236.9058077,159.2997194
6550,4,0.0000000,0.0000000,266.9363601,131.6941961
6550,5,0.0000000,0.0000000,126.0000000,24.0000000
6560,0,0.0000000,0.0000000,187.0000000,175.0000000
6560,2,0.0000000,0.0000000,224.8709097,123.5481141
6560,3,0.0000000,0.0000000,236.0500056,159.8160270
6560,4,0.0000000,0.0000000,266.0894549,132.2397879
6560,5,0.0000000,0.0000000,126.0000000,24.0000000
6570,0,0.0000000,0.0000000,187.0000000,175.0000000
6570,2,0.0000000,0.0000000,224.0160661,124.0518597
6570,3,0.0000000,0.0000000,235.1943547,160.3323385
6570,4,0.0000000,0.0000000,265.2424517,132.7851100
6570,5,0.0000000,0.0000000,126.0000000,24.0000000
6580,0,0.0000000,0.0000000,187.0000000,175.0000000
6580,2,0.0000000,0.0000000,223.1611149,124.5556906
6580,3,0.0000000,0.0000000,234.3388482,160.8486545
6580,4,0.0000000,0.0000000,264.3953684,133.3301762
6580,5,0.0000000,0.0000000,126.0000000,24.0000000
6590,0,0.0000000,0.0000000,187.0000000,175.0000000
6590,2,0.0000000,0.0000000,222.3060597,125.0596013
6590,3,0.0000000,0.0000000,233.4834728,161.3649742
6590,4,0.0000000,0.0000000,263.5481993,133.8750042
6590,5,0.0000000,0.0000000,126.0000000,24.0000000
6600,0,0.0000000,0.0000000,187.0000000,175.0000000
6600,2,0.0000000,0.0000000,221.4509121,125.5635863
6600,3,0.0000000,0.0000000,232.6282222,161.8812980
6600,4,0.0000000,0.0000000,262.7009574,134.4196058
6600,5,0.0000000,0.0000000,126.0000000,24.0000000
6610,0,0.0000000,0.0000000,187.0000000,175.0000000
6610,2,0.0000000,0.0000000,220.5956756,126.0676408
6610,3,0.0000000,0.0000000,231.7730859,162.3976255
6610,4,0.0000000,0.0000000,261.8536397,134.9639953
6610,5,0.0000000,0.0000000,126.0000000,24.0000000
6620,0,0.0000000,0.0000000,187.0000000,175.0000000
6620,2,0.0000000,0.0000000,219.7403596,126.5717604
6620,3,0.0000000,0.0000000,230.9180582,162.9139569
6620,4,0.0000000,0.0000000,261.0062558,135.5081831
6620,5,0.0000000,0.0000000,126.0000000,24.0000000
6630,0,0.0000000,0.0000000,187.0000000,175.0000000
6630,2,0.0000000,0.0000000,218.8849674,127.0759409
6630,3,0.0000000,0.0000000,230.0631305,163.4302918
6630,4,0.0000000,0.0000000,260.1588042,136.0521810
6630,5,0.0000000,0.0000000,126.0000000,24.0000000
6640,0,0.0000000,0.0000000,187.0000000,175.0000000
6640,2,0.0000000,0.0000000,218.0295065,127.5801785
6640,3,0.0000000,0.0000000,229.2082978,163.9466303
6640,4,0.0000000,0.0000000,259.3112921,136.5959979
6640,5,0.0000000,0.0000000,126.0000000,24.0000000
6650,0,0.0000000,0.0000000,187.0000000,175.0000000
6650,2,0.0000000,0.0000000,217.1739803,128.0844698
6650,3,0.0000000,0.0000000,228.3535531,164.4629722
6650,4,0.0000000,0.0000000,258.4637191,137.1396439
6650,5,0.0000000,0.0000000,126.0000000,24.0000000
6660,0,0.0000000,0.0000000,187.0000000,175.0000000
6660,2,0.0000000,0.0000000,216.3183947,128.5888115
6660,3,0.0000000,0.0000000,227.4988917,164.9793175
6660,4,0.0000000,0.0000000,257.6160905,137.6831265
6660,5,0.0000000,0.0000000,126.0000000,24.0000000
6670,0,0.0000000,0.0000000,187.0000000,175.0000000
6670,2,0.0000000,0.0000000,215.4627530,129.0932006
6670,3,0.0000000,0.0000000,226.6443080,165.4956659
6670,4,0.0000000,0.0000000,256.7684067,138.2264543
6670,5,0.0000000,0.0000000,126.0000000,24.0000000
6680,0,0.0000000,0.0000000,186.9870357,175.0029828
6680,2,0.0000000,0.0000000,214.4898783,129.7041422
6680,3,0.0000000,0.0000000,225.9249804,166.0443435
6680,4,0.0000000,0.0000000,255.8517552,138.5701778
6680,5,0.0000000,0.0000000,126.0000000,24.0000000
6690,0,0.0000000,0.0000000,186.6109006,175.0786257
6690,2,0.0000000,0.0000000,212.7302203,131.0301257
6690,3,0.0000000,0.0000000,225.8264595,167.2582877
6690,4,0.0000000,0.0000000,254.3152788,138.0827242
6690,5,0.0000000,0.0000000,126.0000000,24.0000000
6700,0,0.0000000,0.0000000,186.5457850,175.0795051
6700,2,0.0000000,0.0000000,211.2207958,132.2960293
6700,3,0.0000000,0.0000000,225.5492685,168.2534000
6700,4,0.0000000,0.0000000,252.9874160,137.7773004
6700,5,0.0000000,0.0000000,126.0000000,24.0000000
6710,0,0.0000000,0.0000000,186.3935021,175.0924272
6710,2,0.0000000,0.0000000,210.1464629,133.4934146
6710,3,0.0000000,0.0000000,225.3994976,169.1483362
6710,4,0.0000000,0.0000000,251.9239259,137.7029612
6710,5,0.0000000,0.0000000,126.0000000,24.0000000
6720,0,0.0000000,0.0000000,186.2836083,175.0977911
6720,2,0.0000000,0.0000000,209.1858296,134.5227203
6720,3,0.0000000,0.0000000,225.2876579,169.7745443
6720,4,0.0000000,0.0000000,250.9700292,137.5649898
6720,5,0.0000000,0.0000000,126.0000000,24.0000000
6730,0,0.0000000,0.0000000,186.1694275,175.1009278
6730,2,0.0000000,0.0000000,208.0693900,135.5411504
6730,3,0.0000000,0.0000000,225.1526952,170.3652455
6730,4,0.0000000,0.0000000,249.8620516,137.3466657
6730,5,0.0000000,0.0000000,126.0000000,24.0000000
6740,0,0.0000000,0.0000000,186.0530753,175.1011095
6740,2,0.0000000,0.0000000,206.9479006,136.5594572
6740,3,0.0000000,0.0000000,225.0001333,170.9437439
6740,4,0.0000000,0.0000000,248.7156324,137.1465119
6740,5,0.0000000,0.0000000,126.0000000,24.0000000
6750,0,0.0000000,0.0000000,185.9371618,175.0986116
6750,2,0.0000000,0.0000000,205.8609194,137.5632876
6750,3,0.0000000,0.0000000,224.8391571,171.4904716
6750,4,0.0000000,0.0000000,247.5690867,136.9702477
6750,5,0.0000000,0.0000000,126.0000000,24.0000000
6760,0,0.0000000,0.0000000,185.8208233,175.0935997
6760,2,0.0000000,0.0000000,204.7926388,138.5569319
6760,3,0.0000000,0.0000000,224.6677662,172.0111562
6760,4,0.0000000,0.0000000,246.4106462,136.8119939
6760,5,0.0000000,0.0000000,126.0000000,24.0000000
6770,0,0.0000000,0.0000000,185.2267333,175.2653418
6770,2,0.0000000,0.0000000,203.5420710,139.5499098
6770,3,0.0000000,0.0000000,224.0646631,173.2613748
6770,4,0.0000000,0.0000000,245.0164200,137.4122485
6770,5,0.0000000,0.0000000,126.0000000,24.0000000
6780,0,0.0000000,0.0000000,184.4093313,175.8011719
6780,2,0.0000000,0.0000000,201.3926179,139.6850166
6780,3,0.0000000,0.0000000,222.8080712,173.8441971
6780,4,0.0000000,0.0000000,243.2005156,137.7352533
6780,5,0.0000000,0.0000000,126.0000000,24.0000000
6790,0,0.0000000,0.0000000,184.1592903,175.9219240
6790,2,0.0000000,0.0000000,199.7965395,140.0147790
6790,3,0.0000000,0.0000000,221.8689007,174.2563551
6790,4,0.0000000,0.0000000,241.9244465,137.8768388
6790,5,0.0000000,0.0000000,126.0000000,24.0000000
6800,0,0.0000000,0.0000000,183.8146201,176.2119482
6800,2,0.0000000,0.0000000,199.3608959,140.3166113
6800,3,0.0000000,0.0000000,221.4783504,174.3104413
6800,4,0.0000000,0.0000000,241.4262039,138.0385223
6800,5,0.0000000,0.0000000,126.0000000,24.0000000
6810,0,0.0000000,0.0000000,183.5309685,176.4412674
6810,2,0.0000000,0.0000000,198.4656869,140.6643148
6810,3,0.0000000,0.0000000,220.8818325,174.5073044
6810,4,0.0000000,0.0000000,240.6099477,138.1771106
6810,5,0.0000000,0.0000000,126.0000000,24.0000000
6820,0,0.0000000,0.0000000,183.2532023,176.6875351
6820,2,0.0000000,0.0000000,197.9694797,140.9848535
6820,3,0.0000000,0.0000000,220.4718061,174.5862239
6820,4,0.0000000,0.0000000,240.0763813,138.3195400
6820,5,0.0000000,0.0000000,126.0000000,24.0000000
6830,0,0.0000000,0.0000000,182.9617347,176.9448519
6830,2,0.0000000,0.0000000,197.1716108,141.3390530
6830,3,0.0000000,0.0000000,219.9318950,174.7705473
6830,4,0.0000000,0.0000000,239.3022424,138.4735927
6830,5,0.0000000,0.0000000,126.0000000,24.0000000
6840,0,0.0000000,0.0000000,182.6988520,177.1881554
6840,2,0.0000000,0.0000000,196.6742597,141.6587505
6840,3,0.0000000,0.0000000,219.5306913,174.8586139
6840,4,0.0000000,0.0000000,238.7583591,138.6140085
6840,5,0.0000000,0.0000000,126.0000000,24.0000000
6850,0,0.0000000,0.0000000,182.3844078,177.4781778
6850,2,0.0000000,0.0000000,195.7665244,142.0431354
6850,3,0.0000000,0.0000000,218.9488161,175.1133369
6850,4,0.0000000,0.0000000,237.8782700,138.7923662
6850,5,0.0000000,0.0000000,126.0000000,24.0000000
6860,0,0.0000000,0.0000000,182.1728007,177.6822517
6860,2,0.0000000,0.0000000,195.4261251,142.3461198
6860,3,0.0000000,0.0000000,218.6134011,175.1556112
6860,4,0.0000000,0.0000000,237.4225548,138.9550986
6860,5,0.0000000,0.0000000,126.0000000,24.0000000
6870,0,0.0000000,0.0000000,181.8658435,177.9798083
6870,2,0.0000000,0.0000000,194.5602160,142.7320666
6870,3,0.0000000,0.0000000,218.0618869,175.4157464
6870,4,0.0000000,0.0000000,236.5901923,139.1078033
6870,5,0.0000000,0.0000000,126.0000000,24.0000000
6880,0,0.0000000,0.0000000,181.6257762,178.2147939
6880,2,0.0000000,0.0000000,194.0237905,143.0635853
6880,3,0.0000000,0.0000000,217.6476232,175.5543061
6880,4,0.0000000,0.0000000,235.9931863,139.2672059
6880,5,0.0000000,0.0000000,126.0000000,24.0000000
6890,0,0.0000000,0.0000000,181.3872333,178.4516946
6890,2,0.0000000,0.0000000,193.4768663,143.3943989
6890,3,0.0000000,0.0000000,217.2327349,175.7000330
6890,4,0.0000000,0.0000000,235.3817198,139.4269640
6890,5,0.0000000,0.0000000,126.0000000,24.0000000
6900,0,0.0000000,0.0000000,181.1482711,178.6919660
6900,2,0.0000000,0.0000000,192.9162167,143.7256395
6900,3,0.0000000,0.0000000,216.8152365,175.8563304
6900,4,0.0000000,0.0000000,234.7526164,139.5894459
6900,5,0.0000000,0.0000000,126.0000000,24.0000000
6910,0,0.0000000,0.0000000,180.8761383,178.9620515
6910,2,0.0000000,0.0000000,192.3961035,144.0120334
6910,3,0.0000000,0.0000000,216.4415929,176.0148700
6910,4,0.0000000,0.0000000,234.1484970,139.7533519
6910,5,0.0000000,0.0000000,126.0000000,24.0000000
6920,0,0.0000000,0.0000000,180.7955879,179.0596766
6920,2,0.0000000,0.0000000,192.2072833,144.2173776
6920,3,0.0000000,0.0000000,216.2280421,176.0279055
6920,4,0.0000000,0.0000000,233.7483324,139.9334171
6920,5,0.0000000,0.0000000,126.0000000,24.0000000
6930,0,0.0000000,0.0000000,180.7313724,179.1175610
6930,2,0.0000000,0.0000000,192.1599848,144.3863722
6930,3,0.0000000,0.0000000,216.0755938,175.9969760
6930,4,0.0000000,0.0000000,233.5587888,140.0198339
6930,5,0.0000000,0.0000000,126.0000000,24.0000000
6940,0,0.0000000,0.0000000,180.7672687,179.1716975
6940,2,0.0000000,0.0000000,191.9128465,144.5395510
6940,3,0.0000000,0.0000000,215.9263277,175.9626551
6940,4,0.0000000,0.0000000,233.2166310,139.9772378
6940,5,0.0000000,0.0000000,126.0000000,24.0000000
6950,0,0.0000000,0.0000000,180.8094072,179.2339769
6950,2,0.0000000,0.0000000,191.3094289,144.7978594
6950,3,0.0000000,0.0000000,215.5778329,176.1804534
6950,4,0.0000000,0.0000000,232.4859854,140.1424381
6950,5,0.0000000,0.0000000,126.0000000,24.0000000
6960,0,0.0000000,0.0000000,180.8399485,179.2782900
6960,2,0.0000000,0.0000000,190.7694367,145.0480859
6960,3,0.0000000,0.0000000,215.2360254,176.4219224
6960,4,0.0000000,0.0000000,231.7499949,140.3961406
6960,5,0.0000000,0.0000000,126.0000000,24.0000000
6970,0,0.0000000,0.0000000,180.8687661,179.3194873
6970,2,0.0000000,0.0000000,190.2518074,145.2931936
6970,3,0.0000000,0.0000000,214.9137758,176.6577038
6970,4,0.0000000,0.0000000,230.9980660,140.6625276
6970,5,0.0000000,0.0000000,126.0000000,24.0000000
6980,0,0.0000000,0.0000000,180.8793519,179.3344742
6980,2,0.0000000,0.0000000,189.7749781,145.5463747
6980,3,0.0000000,0.0000000,214.5517498,177.0007433
6980,4,0.0000000,0.0000000,230.3600263,140.9980717
6980,5,0.0000000,0.0000000,126.0000000,24.0000000
6990,0,0.0000000,0.0000000,180.8845329,179.3417810
6990,2,0.0000000,0.0000000,189.2376995,145.8285734
6990,3,0.0000000,0.0000000,214.1491222,177.4697574
6990,4,0.0000000,0.0000000,229.6621508,141.4264694
6990,5,0.0000000,0.0000000,126.0000000,24.0000000
7000,0,0.0000000,0.0000000,180.8469795,179.2883959
7000,2,0.0000000,0.0000000,188.7638517,146.1810371
7000,3,0.0000000,0.0000000,213.5783041,178.2820074
7000,4,0.0000000,0.0000000,228.8301824,142.4054643
7000,5,0.0000000,0.0000000,126.0000000,24.0000000
7010,0,0.0000000,0.0000000,178.5051863,183.4191067
7010,2,0.0000000,0.0000000,183.6368568,149.0128640
7010,3,0.0000000,0.0000000,209.1106540,184.6361932
7010,4,0.0000000,0.0000000,214.8062326,149.4954678
7010,5,0.0000000,0.0000000,126.0000000,24.0000000
7020,0,0.0000000,0.0000000,178.5806738,183.7533488
7020,2,0.0000000,0.0000000,183.5183787,149.3773234
7020,3,0.0000000,0.0000000,209.2796396,185.3200175
7020,4,0.0000000,0.0000000,214.5597206,150.1653147
7020,5,0.0000000,0.0000000,126.0000000,24.0000000
7030,0,0.0000000,0.0000000,178.6185185,184.0615948
7030,2,0.0000000,0.0000000,183.4007420,149.7373785
7030,3,0.0000000,0.0000000,209.4485044,186.0181143
7030,4,0.0000000,0.0000000,214.3068647,150.8370796
7030,5,0.0000000,0.0000000,126.0000000,24.0000000
7040,0,0.0000000,0.0000000,178.5991886,184.3393665
7040,2,0.0000000,0.0000000,183.2754334,150.1145507
7040,3,0.0000000,0.0000000,209.6158019,186.7081313
7040,4,0.0000000,0.0000000,214.0541925,151.4837416
7040,5,0.0000000,0.0000000,126.0000000,24.0000000
7050,0,0.0000000,0.0000000,178.5048742,184.6921973
7050,2,0.0000000,0.0000000,183.1967638,150.3443601
7050,3,0.0000000,0.0000000,209.3196028,187.5036200
7050,4,0.0000000,0.0000000,213.6833317,152.4407542
7050,5,0.0000000,0.0000000,126.0000000,24.0000000
7060,0,0.0000000,0.0000000,178.2722427,184.9230154
7060,2,0.0000000,0.0000000,183.1589370,150.4647395
7060,3,0.0000000,0.0000000,208.8006803,188.4624686
7060,4,0.0000000,0.0000000,213.2719945,153.5850350
7060,5,0.0000000,0.0000000,126.0000000,24.0000000
7070,0,0.0000000,0.0000000,178.0954962,185.0368597
7070,2,0.0000000,0.0000000,183.1346722,150.5518142
7070,3,0.0000000,0.0000000,208.2846851,189.5764262
7070,4,0.0000000,0.0000000,212.8316754,154.8490775
7070,5,0.0000000,0.0000000,126.0000000,24.0000000
7080,0,0.0000000,0.0000000,177.9564776,185.0769424
7080,2,0.0000000,0.0000000,183.1194761,150.6139696
7080,3,0.0000000,0.0000000,207.7357320,190.8460025
7080,4,0.0000000,0.0000000,212.3310230,156.2587124
7080,5,0.0000000,0.0000000,126.0000000,24.0000000
7090,0,0.0000000,0.0000000,177.8876125,184.7992943
7090,2,0.0000000,0.0000000,182.8095371,150.2510853
7090,3,0.0000000,0.0000000,206.9748369,192.7648874
7090,4,0.0000000,0.0000000,211.5272468,158.3013319
7090,5,0.0000000,0.0000000,126.0000000,24.0000000
7100,0,0.0000000,0.0000000,177.7680955,184.4847024
7100,2,0.0000000,0.0000000,182.5552141,149.8080895
7100,3,0.0000000,0.0000000,205.9681663,194.8013956
7100,4,0.0000000,0.0000000,210.5158878,160.4659189
7100,5,0.0000000,0.0000000,126.0000000,24.0000000
7110,0,0.0000000,0.0000000,176.0489331,183.0476525
7110,2,0.0000000,0.0000000,179.7675671,151.9552197
7110,3,0.0000000,0.0000000,205.5698646,194.1297279
7110,4,0.0000000,0.0000000,209.4453086,162.3049977
7110,5,0.0000000,0.0000000,126.0000000,24.0000000
7120,0,0.0000000,0.0000000,175.4405321,182.9532272
7120,2,0.0000000,0.0000000,179.1308296,151.9792501
7120,3,0.0000000,0.0000000,204.6785814,194.6333775
7120,4,0.0000000,0.0000000,208.8620430,162.7998675
7120,5,0.0000000,0.0000000,126.0000000,24.0000000
7130,0,0.0000000,0.0000000,174.8530037,183.0346864
7130,2,0.0000000,0.0000000,178.6605958,152.1909062
7130,3,0.0000000,0.0000000,203.7794584,195.1108296
7130,4,0.0000000,0.0000000,208.3500553,163.3099327
7130,5,0.0000000,0.0000000,126.0000000,24.0000000
7140,0,0.0000000,0.0000000,174.2828171,183.0564709
7140,2,0.0000000,0.0000000,178.2310131,152.3486371
7140,3,0.0000000,0.0000000,202.8562787,195.5851695
7140,4,0.0000000,0.0000000,207.8707916,163.8234208
7140,5,0.0000000,0.0000000,126.0000000,24.0000000
7150,0,0.0000000,0.0000000,173.7015335,183.0478662
7150,2,0.0000000,0.0000000,177.8331328,152.4794787
7150,3,0.0000000,0.0000000,201.8983282,196.0577789
7150,4,0.0000000,0.0000000,207.4151541,164.3478011
7150,5,0.0000000,0.0000000,126.0000000,24.0000000
7160,0,0.0000000,0.0000000,173.1017891,183.0152047
7160,2,0.0000000,0.0000000,177.4481688,152.5957300
7160,3,0.0000000,0.0000000,200.8947334,196.5308152
7160,4,0.0000000,0.0000000,206.9466869,164.8990983
7160,5,0.0000000,0.0000000,126.0000000,24.0000000
7170,0,0.0000000,0.0000000,173.8260312,184.6839154
7170,2,0.0000000,0.0000000,175.2090793,153.9648059
7170,3,0.0000000,0.0000000,202.9055850,195.4259591
7170,4,0.0000000,0.0000000,205.7249216,163.3033034
7170,5,0.0000000,0.0000000,126.0000000,24.0000000
7180,0,0.0000000,0.0000000,174.9857550,186.2801588
7180,2,0.0000000,0.0000000,172.8659236,155.5173020
7180,3,0.0000000,0.0000000,205.2001149,193.8253229
7180,4,0.0000000,0.0000000,204.2411142,161.5048527
7180,5,0.0000000,0.0000000,126.0000000,24.0000000
7190,0,0.0000000,0.0000000,176.2423686,187.6597996
7190,2,0.0000000,0.0000000,170.7571481,157.2175743
7190,3,0.0000000,0.0000000,207.2177297,192.0509309
7190,4,0.0000000,0.0000000,202.6155015,159.9682667
7190,5,0.0000000,0.0000000,126.0000000,24.0000000
7200,0,0.0000000,0.0000000,177.4809087,188.7629150
7200,2,0.0000000,0.0000000,168.8783742,158.9584881
7200,3,0.0000000,0.0000000,208.8285793,190.0670834
7200,4,0.0000000,0.0000000,200.8855747,158.6233933
7200,5,0.0000000,0.0000000,126.0000000,24.0000000
7210,0,0.0000000,0.0000000,178.6527671,189.6091716
7210,2,0.0000000,0.0000000,167.2686592,160.6652523
7210,3,0.0000000,0.0000000,210.0331364,188.0172697
7210,4,0.0000000,0.0000000,199.1586977,157.4712897
7210,5,0.0000000,0.0000000,126.0000000,24.0000000
7220,0,0.0000000,0.0000000,179.7579006,190.2625566
7220,2,0.0000000,0.0000000,165.9214904,162.3115045
7220,3,0.0000000,0.0000000,210.9413008,186.0719938
7220,4,0.0000000,0.0000000,197.5075493,156.5605499
7220,5,0.0000000,0.0000000,126.0000000,24.0000000
7230,0,0.0000000,0.0000000,180.7738079,190.7552585
7230,2,0.0000000,0.0000000,164.7911162,163.8681269
7230,3,0.0000000,0.0000000,211.6042308,184.2688546
7230,4,0.0000000,0.0000000,195.9520373,155.8627146
7230,5,0.0000000,0.0000000,126.0000000,24.0000000
7240,0,0.0000000,0.0000000,181.6909245,191.1192286
7240,2,0.0000000,0.0000000,163.8338016,165.3230546
7240,3,0.0000000,0.0000000,212.0728322,182.6248135
7240,4,0.0000000,0.0000000,194.5015334,155.3491409
7240,5,0.0000000,0.0000000,126.0000000,24.0000000
7250,0,0.0000000,0.0000000,182.5066243,191.3822623
7250,2,0.0000000,0.0000000,163.0156693,166.6711045
7250,3,0.0000000,0.0000000,212.3883794,181.1393165
7250,4,0.0000000,0.0000000,193.1614245,154.9838508
7250,5,0.0000000,0.0000000,126.0000000,24.0000000
7260,0,0.0000000,0.0000000,183.2233685,191.5676622
7260,2,0.0000000,0.0000000,162.3091502,167.9124643
7260,3,0.0000000,0.0000000,212.5836224,179.8033985
7260,4,0.0000000,0.0000000,191.9307580,154.7324269
7260,5,0.0000000,0.0000000,126.0000000,24.0000000
7270,0,0.0000000,0.0000000,183.8481992,191.6946496
7270,2,0.0000000,0.0000000,161.6891902,169.0543083
7270,3,0.0000000,0.0000000,212.6872387,178.6064096
7270,4,0.0000000,0.0000000,190.8021030,154.5724527
7270,5,0.0000000,0.0000000,126.0000000,24.0000000
7280,0,0.0000000,0.0000000,184.3890359,191.7782069
7280,2,0.0000000,0.0000000,161.1369315,170.1044153
7280,3,0.0000000,0.0000000,212.7206025,177.5350811
7280,4,0.0000000,0.0000000,189.7671670,154.4833311
7280,5,0.0000000,0.0000000,126.0000000,24.0000000
7290,0,0.0000000,0.0000000,184.8536274,191.8298580
7290,2,0.0000000,0.0000000,160.6355311,171.0718357
7290,3,0.0000000,0.0000000,212.7000444,176.5761956
7290,4,0.0000000,0.0000000,188.8156918,154.4499329
7290,5,0.0000000,0.0000000,126.0000000,24.0000000
7300,0,0.0000000,0.0000000,185.2461223,191.8581531
7300,2,0.0000000,0.0000000,160.1658384,171.9652988
7300,3,0.0000000,0.0000000,212.6349254,175.7164347
7300,4,0.0000000,0.0000000,187.9340683,154.4594382
7300,5,0.0000000,0.0000000,126.0000000,24.0000000
7310,0,0.0000000,0.0000000,185.5940262,191.8657324
7310,2,0.0000000,0.0000000,159.7088041,172.8768877
7310,3,0.0000000,0.0000000,212.5389458,174.8871607
7310,4,0.0000000,0.0000000,187.0844587,154.5081882
7310,5,0.0000000,0.0000000,126.0000000,24.0000000
7320,0,0.0000000,0.0000000,185.8959987,191.8527442
7320,2,0.0000000,0.0000000,159.1892996,173.9111287
7320,3,0.0000000,0.0000000,212.4139574,174.0436189
7320,4,0.0000000,0.0000000,186.2062785,154.6455156
7320,5,0.0000000,0.0000000,126.0000000,24.0000000
7330,0,0.0000000,0.0000000,186.1260512,191.8312376
7330,2,0.0000000,0.0000000,158.6755564,174.8962361
7330,3,0.0000000,0.0000000,212.2394537,173.2720572
7330,4,0.0000000,0.0000000,185.3728932,154.7960410
7330,5,0.0000000,0.0000000,126.0000000,24.0000000
7340,0,0.0000000,0.0000000,186.3002772,191.8088162
7340,2,0.0000000,0.0000000,158.1770561,175.8028698
7340,3,0.0000000,0.0000000,212.0002955,172.6159686
7340,4,0.0000000,0.0000000,184.5649595,154.9776344
7340,5,0.0000000,0.0000000,126.0000000,24.0000000
7350,0,0.0000000,0.0000000,186.4575565,191.7824447
7350,2,0.0000000,0.0000000,157.7240890,176.6647321
7350,3,0.0000000,0.0000000,211.7672859,172.0076588
7350,4,0.0000000,0.0000000,183.8098131,155.1244722
7350,5,0.0000000,0.0000000,126.0000000,24.0000000
7360,0,0.0000000,0.0000000,186.5794003,191.7573637
7360,2,0.0000000,0.0000000,157.2725885,177.4927885
7360,3,0.0000000,0.0000000,211.5646838,171.4887391
7360,4,0.0000000,0.0000000,183.1224113,155.3290512
7360,5,0.0000000,0.0000000,126.0000000,24.0000000
7370,0,0.0000000,0.0000000,186.7133776,191.7316517
7370,2,0.0000000,0.0000000,156.7577322,178.2285299
7370,3,0.0000000,0.0000000,211.3465342,171.0221460
7370,4,0.0000000,0.0000000,182.4639671,155.5451142
7370,5,0.0000000,0.0000000,126.0000000,24.0000000
7380,0,0.0000000,0.0000000,186.8601546,191.7152895
7380,2,0.0000000,0.0000000,155.9011982,178.9270896
7380,3,0.0000000,0.0000000,211.1717025,170.6440094
7380,4,0.0000000,0.0000000,181.7659904,155.8787897
7380,5,0.0000000,0.0000000,126.0000000,24.0000000
7390,0,0.0000000,0.0000000,186.8977852,191.7144341
7390,2,0.0000000,0.0000000,155.0465805,179.5922621
7390,3,0.0000000,0.0000000,210.9695199,170.3483960
7390,4,0.0000000,0.0000000,181.1161980,156.2426868
7390,5,0.0000000,0.0000000,126.0000000,24.0000000
7400,0,0.0000000,0.0000000,186.8532939,191.7171189
7400,2,0.0000000,0.0000000,154.1926579,180.2321666
7400,3,0.0000000,0.0000000,210.7439126,170.1097653
7400,4,0.0000000,0.0000000,180.5008060,156.6228198
7400,5,0.0000000,0.0000000,126.0000000,24.0000000
7410,0,0.0000000,0.0000000,186.7395834,191.7151749
7410,2,0.0000000,0.0000000,153.3381333,180.8486955
7410,3,0.0000000,0.0000000,210.5118957,169.9138693
7410,4,0.0000000,0.0000000,179.9230567,157.0225986
7410,5,0.0000000,0.0000000,126.0000000,24.0000000
7420,0,0.0000000,0.0000000,186.4954488,191.7030447
7420,2,0.0000000,0.0000000,152.4768614,181.4160143
7420,3,0.0000000,0.0000000,210.2181198,169.7140365
7420,4,0.0000000,0.0000000,179.3330380,157.3537592
7420,5,0.0000000,0.0000000,126.0000000,24.0000000
7430,0,0.0000000,0.0000000,186.2377005,191.6873705
7430,2,0.0000000,0.0000000,151.6154694,181.9774112
7430,3,0.0000000,0.0000000,209.9317660,169.5388097
7430,4,0.0000000,0.0000000,178.7687518,157.7033975
7430,5,0.0000000,0.0000000,126.0000000,24.0000000
7440,0,0.0000000,0.0000000,186.0538099,191.4311474
7440,2,0.0000000,0.0000000,151.1032434,182.4539887
7440,3,0.0000000,0.0000000,209.7054005,169.6795447
7440,4,0.0000000,0.0000000,178.7214394,158.7425131
7440,5,0.0000000,0.0000000,126.0000000,24.0000000
7450,0,0.0000000,0.0000000,185.8998581,191.0364119
7450,2,0.0000000,0.0000000,150.6030896,182.8674082
7450,3,0.0000000,0.0000000,209.6935635,169.6811008
7450,4,0.0000000,0.0000000,178.7873732,159.6633544
7450,5,0.0000000,0.0000000,126.0000000,24.0000000
7460,0,0.0000000,0.0000000,185.6838311,190.6506746
7460,2,0.0000000,0.0000000,150.1115395,183.2558221
7460,3,0.0000000,0.0000000,209.6821435,169.6759963
7460,4,0.0000000,0.0000000,178.9052859,160.5609218
7460,5,0.0000000,0.0000000,126.0000000,24.0000000
7470,0,0.0000000,0.0000000,185.7040200,190.4135861
7470,2,0.0000000,0.0000000,149.4967897,183.7329419
7470,3,0.0000000,0.0000000,209.6532807,169.5512714
7470,4,0.0000000,0.0000000,178.9145915,161.0305277
7470,5,0.0000000,0.0000000,126.0000000,24.0000000
7480,0,0.0000000,0.0000000,185.8224640,190.3519852
7480,2,0.0000000,0.0000000,149.1854751,184.1416672
7480,3,0.0000000,0.0000000,209.6124969,169.3739121
7480,4,0.0000000,0.0000000,178.8241869,161.2312563
7480,5,0.0000000,0.0000000,126.0000000,24.0000000
7490,0,0.0000000,0.0000000,185.9448025,190.3162460
7490,2,0.0000000,0.0000000,148.9089015,184.5325284
7490,3,0.0000000,0.0000000,209.5713012,169.2024620
7490,4,0.0000000,0.0000000,178.7343810,161.4089672
7490,5,0.0000000,0.0000000,126.0000000,24.0000000
7500,0,0.0000000,0.0000000,186.0744685,190.2919634
7500,2,0.0000000,0.0000000,148.6429808,184.9113968
7500,3,0.0000000,0.0000000,209.5314911,169.0438451
7500,4,0.0000000,0.0000000,178.6626787,161.5857922
7500,5,0.0000000,0.0000000,126.0000000,24.0000000
7510,0,0.0000000,0.0000000,186.2090136,190.2830028
7510,2,0.0000000,0.0000000,148.4141691,185.2723456
7510,3,0.0000000,0.0000000,209.4933142,168.8974768
7510,4,0.0000000,0.0000000,178.5940810,161.7593891
7510,5,0.0000000,0.0000000,126.0000000,24.0000000
7520,0,0.0000000,0.0000000,186.3453659,190.3049237
7520,2,0.0000000,0.0000000,148.1358834,185.6623967
7520,3,0.0000000,0.0000000,209.4470159,168.7292728
7520,4,0.0000000,0.0000000,178.4484108,161.9009526
7520,5,0.0000000,0.0000000,126.0000000,24.0000000
7530,0,0.0000000,0.0000000,186.0392504,191.7538711
7530,2,0.0000000,0.0000000,145.4802766,186.6866841
7530,3,0.0000000,0.0000000,209.4178929,168.6288418
7530,4,0.0000000,0.0000000,177.3519207,161.1183630
7530,5,0.0000000,0.0000000,126.0000000,24.0000000
7540,0,0.0000000,0.0000000,185.8993532,191.7142552
7540,2,0.0000000,0.0000000,145.4229238,186.9499127
7540,3,0.0000000,0.0000000,209.3878599,168.5248647
7540,4,0.0000000,0.0000000,177.1331061,161.3623730
7540,5,0.0000000,0.0000000,126.0000000,24.0000000
7550,0,0.0000000,0.0000000,185.6943183,191.7729753
7550,2,0.0000000,0.0000000,145.2439862,187.2421750
7550,3,0.0000000,0.0000000,209.2921051,168.4405707
7550,4,0.0000000,0.0000000,176.8094456,161.5534480
7550,5,0.0000000,0.0000000,126.0000000,24.0000000
7560,0,0.0000000,0.0000000,185.3711135,191.8528778
7560,2,0.0000000,0.0000000,145.1725074,187.4968349
7560,3,0.0000000,0.0000000,208.9889236,168.4190355
7560,4,0.0000000,0.0000000,176.3762985,161.7866428
7560,5,0.0000000,0.0000000,126.0000000,24.0000000
7570,0,0.0000000,0.0000000,185.1575117,191.9049472
7570,2,0.0000000,0.0000000,144.9443664,187.7916613
7570,3,0.0000000,0.0000000,208.7390941,168.3842461
7570,4,0.0000000,0.0000000,176.0513532,161.9788464
7570,5,0.0000000,0.0000000,126.0000000,24.0000000
7580,0,0.0000000,0.0000000,184.8273872,191.8071942
7580,2,0.0000000,0.0000000,145.3363867,187.8886342
7580,3,0.0000000,0.0000000,208.4749771,168.3546324
7580,4,0.0000000,0.0000000,175.7131537,162.3516173
7580,5,0.0000000,0.0000000,126.0000000,24.0000000
7590,0,0.0000000,0.0000000,184.7848363,191.7994197
7590,2,0.0000000,0.0000000,144.9445672,188.2193785
7590,3,0.0000000,0.0000000,208.4551607,168.2910439
7590,4,0.0000000,0.0000000,175.6083349,162.4519036
7590,5,0.0000000,0.0000000,126.0000000,24.0000000
7600,0,0.0000000,0.0000000,184.7862382,191.7996344
7600,2,0.0000000,0.0000000,144.0677416,188.7001870
7600,3,0.0000000,0.0000000,208.4546062,168.2892710
7600,4,0.0000000,0.0000000,175.6073049,162.4528789
7600,5,0.0000000,0.0000000,126.0000000,24.0000000
7610,0,0.0000000,0.0000000,184.7876112,191.7998446
7610,2,0.0000000,0.0000000,143.1909160,189.1809956
7610,3,0.0000000,0.0000000,208.4540631,168.2875348
7610,4,0.0000000,0.0000000,175.6062962,162.4538341
7610,5,0.0000000,0.0000000,126.0000000,24.0000000
7620,0,0.0000000,0.0000000,184.7889558,191.8000503
7620,2,0.0000000,0.0000000,142.3140904,189.6618042
7620,3,0.0000000,0.0000000,208.4535310,168.2858345
7620,4,0.0000000,0.0000000,175.6053084,162.4547696
7620,5,0.0000000,0.0000000,126.0000000,24.0000000
7630,0,0.0000000,0.0000000,184.7902727,191.8002517
7630,2,0.0000000,0.0000000,141.4372648,190.1426127
7630,3,0.0000000,0.0000000,208.4530098,168.2841693
7630,4,0.0000000,0.0000000,175.6043411,162.4556859
7630,5,0.0000000,0.0000000,126.0000000,24.0000000
7640,0,0.0000000,0.0000000,184.7915624,191.8004488
7640,2,0.0000000,0.0000000,140.5604392,190.6234213
7640,3,0.0000000,0.0000000,208.4524992,168.2825386
7640,4,0.0000000,0.0000000,175.6033938,162.4565833
7640,5,0.0000000,0.0000000,126.0000000,24.0000000
7650,0,0.0000000,0.0000000,184.7928254,191.8006417
7650,2,0.0000000,0.0000000,139.6836136,191.1042298
7650,3,0.0000000,0.0000000,208.4519991,168.2809417
7650,4,0.0000000,0.0000000,175.6024662,162.4574623
7650,5,0.0000000,0.0000000,126.0000000,24.0000000
7660,0,0.0000000,0.0000000,184.7940624,191.8008305
7660,2,0.0000000,0.0000000,138.8067880,191.5850384
7660,3,0.0000000,0.0000000,208.4515092,168.2793778
7660,4,0.0000000,0.0000000,175.6015579,162.4583232
7660,5,0.0000000,0.0000000,126.0000000,24.0000000
7670,0,0.0000000,0.0000000,184.7952738,191.8010154
7670,2,0.0000000,0.0000000,137.9299624,192.0658470
7670,3,0.0000000,0.0000000,208.4510293,168.2778462
7670,4,0.0000000,0.0000000,175.6006684,162.4591663
7670,5,0.0000000,0.0000000,126.0000000,24.0000000
7680,0,0.0000000,0.0000000,184.7964602,191.8011964
7680,2,0.0000000,0.0000000,137.0531368,192.5466555
7680,3,0.0000000,0.0000000,208.4505592,168.2763463
7680,4,0.0000000,0.0000000,175.5997973,162.4599921
7680,5,0.0000000,0.0000000,126.0000000,24.0000000
7690,0,0.0000000,0.0000000,184.7976221,191.8013735
7690,2,0.0000000,0.0000000,136.1763112,193.0274641
7690,3,0.0000000,0.0000000,208.4500988,168.2748774
7690,4,0.0000000,0.0000000,175.5989442,162.4608008
7690,5,0.0000000,0.0000000,126.0000000,24.0000000
7700,0,0.0000000,0.0000000,184.7987600,191.8015469
7700,2,0.0000000,0.0000000,135.2994856,193.5082727
7700,3,0.0000000,0.0000000,208.4496477,168.2734389
7700,4,0.0000000,0.0000000,175.5981089,162.4615930
7700,5,0.0000000,0.0000000,126.0000000,24.0000000
7710,0,0.0000000,0.0000000,184.7998744,191.8017166
7710,2,0.0000000,0.0000000,134.4226600,193.9890812
7710,3,0.0000000,0.0000000,208.4492059,168.2720302
7710,4,0.0000000,0.0000000,175.5972909,162.4623688
7710,5,0.0000000,0.0000000,126.0000000,24.0000000
7720,0,0.0000000,0.0000000,184.8009658,191.8018828
7720,2,0.0000000,0.0000000,133.5458344,194.4698898
7720,3,0.0000000,0.0000000,208.4487731,168.2706506
7720,4,0.0000000,0.0000000,175.5964898,162.4631286
7720,5,0.0000000,0.0000000,126.0000000,24.0000000
7730,0,0.0000000,0.0000000,184.8020346,191.8020455
7730,2,0.0000000,0.0000000,132.6690088,194.9506983
7730,3,0.0000000,0.0000000,208.4483492,168.2692995
7730,4,0.0000000,0.0000000,175.5957053,162.4638727
7730,5,0.0000000,0.0000000,126.0000000,24.0000000
7740,0,0.0000000,0.0000000,184.8030814,191.8022047
7740,2,0.0000000,0.0000000,131.7921832,195.4315069
7740,3,0.0000000,0.0000000,208.4479339,168.2679764
7740,4,0.0000000,0.0000000,175.5949371,162.4646016
7740,5,0.0000000,0.0000000,126.0000000,24.0000000
7750,0,0.0000000,0.0000000,184.8041066,191.8023606
7750,2,0.0000000,0.0000000,130.9153577,195.9123155
7750,3,0.0000000,0.0000000,208.4475272,168.2666807
7750,4,0.0000000,0.0000000,175.5941848,162.4653154
7750,5,0.0000000,0.0000000,126.0000000,24.0000000
7760,0,0.0000000,0.0000000,184.8051106,191.8025132
7760,2,0.0000000,0.0000000,130.0385321,196.3931240
7760,3,0.0000000,0.0000000,208.4471287,168.2654117
7760,4,0.0000000,0.0000000,175.5934481,162.4660145
7760,5,0.0000000,0.0000000,126.0000000,24.0000000
7770,0,0.0000000,0.0000000,184.8060938,191.8026626
7770,2,0.0000000,0.0000000,129.1617065,196.8739326
7770,3,0.0000000,0.0000000,208.4467385,168.2641690
7770,4,0.0000000,0.0000000,175.5927266,162.4666992
7770,5,0.0000000,0.0000000,126.0000000,24.0000000
7780,0,0.0000000,0.0000000,184.8070567,191.8028088
7780,2,0.0000000,0.0000000,128.3300000,197.3300000
7780,3,0.0000000,0.0000000,208.4463562,168.2629520
7780,4,0.0000000,0.0000000,175.5920201,162.4673699
7780,5,0.0000000,0.0000000,126.0000000,24.0000000
7790,0,0.0000000,0.0000000,184.8079998,191.8029520
7790,2,0.0000000,0.0000000,128.3300000,197.3300000
7790,3,0.0000000,0.0000000,208.4459818,168.2617601
7790,4,0.0000000,0.0000000,175.5913283,162.4680266
7790,5,0.0000000,0.0000000,126.0000000,24.0000000
7800,0,0.0000000,0.0000000,184.8089234,191.8030921
7800,2,0.0000000,0.0000000,128.3300000,197.3300000
7800,3,0.0000000,0.0000000,208.4456150,168.2605930
7800,4,0.0000000,0.0000000,175.5906507,162.4686699
7800,5,0.0000000,0.0000000,126.0000000,24.0000000
7810,0,0.0000000,0.0000000,184.8098279,191.8032293
7810,2,0.0000000,0.0000000,128.3300000,197.3300000
7810,3,0.0000000,0.0000000,208.4452557,168.2594499
7810,4,0.0000000,0.0000000,175.5899872,162.4692999
7810,5,0.0000000,0.0000000,126.0000000,24.0000000
7820,0,0.0000000,0.0000000,184.8107137,191.8033637
7820,2,0.0000000,0.0000000,128.3300000,197.3300000
7820,3,0.0000000,0.0000000,208.4449039,168.2583305
7820,4,0.0000000,0.0000000,175.5893375,162.4699169
7820,5,0.0000000,0.0000000,126.0000000,24.0000000
7830,0,0.0000000,0.0000000,184.8115812,191.8034952
7830,2,0.0000000,0.0000000,128.3300000,197.3300000
7830,3,0.0000000,0.0000000,208.4445592,168.2572342
7830,4,0.0000000,0.0000000,175.5887012,162.4705212
7830,5,0.0000000,0.0000000,126.0000000,24.0000000
7840,0,0.0000000,0.0000000,184.8124308,191.8036239
7840,2,0.0000000,0.0000000,128.3300000,197.3300000
7840,3,0.0000000,0.0000000,208.4442216,168.2561606
7840,4,0.0000000,0.0000000,175.5880781,162.4711130
7840,5,0.0000000,0.0000000,126.0000000,24.0000000
7850,0,0.0000000,0.0000000,184.8132628,191.8037500
7850,2,0.0000000,0.0000000,128.3300000,197.3300000
7850,3,0.0000000,0.0000000,208.4438909,168.2551092
7850,4,0.0000000,0.0000000,175.5874679,162.4716927
7850,5,0.0000000,0.0000000,126.0000000,24.0000000
7860,0,0.0000000,0.0000000,184.8140777,191.8038734
7860,2,0.0000000,0.0000000,128.3300000,197.3300000
7860,3,0.0000000,0.0000000,208.4435670,168.2540796
7860,4,0.0000000,0.0000000,175.5868703,162.4722604
7860,5,0.0000000,0.0000000,126.0000000,24.0000000
7870,0,0.0000000,0.0000000,184.8148757,191.8039942
7870,2,0.0000000,0.0000000,128.3300000,197.3300000
7870,3,0.0000000,0.0000000,208.4432498,168.2530712
7870,4,0.0000000,0.0000000,175.5862851,162.4728164
7870,5,0.0000000,0.0000000,126.0000000,24.0000000
7880,0,0.0000000,0.0000000,184.8156573,191.8041125
7880,2,0.0000000,0.0000000,128.3300000,197.3300000
7880,3,0.0000000,0.0000000,208.4429390,168.2520837
7880,4,0.0000000,0.0000000,175.5857120,162.4733609
7880,5,0.0000000,0.0000000,126.0000000,24.0000000
7890,0,0.0000000,0.0000000,184.8164227,191.8042283
7890,2,0.0000000,0.0000000,128.3300000,197.3300000
7890,3,0.0000000,0.0000000,208.4426347,168.2511166
7890,4,0.0000000,0.0000000,175.5851508,162.4738942
7890,5,0.0000000,0.0000000,126.0000000,24.0000000
7900,0,0.0000000,0.0000000,184.8171723,191.8043417
7900,2,0.0000000,0.0000000,128.3300000,197.3300000
7900,3,0.0000000,0.0000000,208.4423366,168.2501695
7900,4,0.0000000,0.0000000,175.5846012,162.4744165
7900,5,0.0000000,0.0000000,126.0000000,24.0000000
7910,0,0.0000000,0.0000000,184.8179064,191.8044527
7910,2,0.0000000,0.0000000,128.3300000,197.3300000
7910,3,0.0000000,0.0000000,208.4420446,168.2492420
7910,4,0.0000000,0.0000000,175.5840630,162.4749280
7910,5,0.0000000,0.0000000,126.0000000,24.0000000
7920,0,0.0000000,0.0000000,184.8186254,191.8045613
7920,2,0.0000000,0.0000000,128.3300000,197.3300000
7920,3,0.0000000,0.0000000,208.4417586,168.2483336
7920,4,0.0000000,0.0000000,175.5835359,162.4754290
7920,5,0.0000000,0.0000000,126.0000000,24.0000000
7930,0,0.0000000,0.0000000,184.8193295,191.8046677
7930,2,0.0000000,0.0000000,128.3300000,197.3300000
7930,3,0.0000000,0.0000000,208.4414784,168.2474441
7930,4,0.0000000,0.0000000,175.5830198,162.4759197
7930,5,0.0000000,0.0000000,126.0000000,24.0000000
7940,0,0.0000000,0.0000000,184.8200190,191.8047719
7940,2,0.0000000,0.0000000,128.3300000,197.3300000
7940,3,0.0000000,0.0000000,208.4412041,168.2465729
7940,4,0.0000000,0.0000000,175.5825143,162.4764002
7940,5,0.0000000,0.0000000,126.0000000,24.0000000
7950,0,0.0000000,0.0000000,184.8206943,191.8048739
7950,2,0.0000000,0.0000000,128.3300000,197.3300000
7950,3,0.0000000,0.0000000,208.4409353,168.2457197
7950,4,0.0000000,0.0000000,175.5820193,162.4768709
7950,5,0.0000000,0.0000000,126.0000000,24.0000000
7960,0,0.0000000,0.0000000,184.8213557,191.8049738
7960,2,0.0000000,0.0000000,128.3300000,197.3300000
7960,3,0.0000000,0.0000000,208.4406721,168.2448842
7960,4,0.0000000,0.0000000,175.5815346,162.4773318
7960,5,0.0000000,0.0000000,126.0000000,24.0000000
7970,0,0.0000000,0.0000000,184.8220034,191.8050715
7970,2,0.0000000,0.0000000,128.3300000,197.3300000
7970,3,0.0000000,0.0000000,208.4404143,168.2440660
7970,4,0.0000000,0.0000000,175.5810598,162.4777832
7970,5,0.0000000,0.0000000,126.0000000,24.0000000
7980,0,0.0000000,0.0000000,184.8226377,191.8051673
7980,2,0.0000000,0.0000000,128.3300000,197.3300000
7980,3,0.0000000,0.0000000,208.4401618,168.2432647
7980,4,0.0000000,0.0000000,175.5805949,162.4782253
7980,5,0.0000000,0.0000000,126.0000000,24.0000000
7990,0,0.0000000,0.0000000,184.8232589,191.8052610
7990,2,0.0000000,0.0000000,128.3300000,197.3300000
7990,3,0.0000000,0.0000000,208.4399144,168.2424799
7990,4,0.0000000,0.0000000,175.5801397,162.4786583
7990,5,0.0000000,0.0000000,126.0000000,24.0000000
8000,0,0.0000000,0.0000000,184.8238673,191.8053527
8000,2,0.0000000,0.0000000,128.3300000,197.3300000
8000,3,0.0000000,0.0000000,208.4396722,168.2417114
8000,4,0.0000000,0.0000000,175.5796938,162.4790824
8000,5,0.0000000,0.0000000,126.0000000,24.0000000
8010,0,0.0000000,0.0000000,184.8244631,191.8054426
8010,2,0.0000000,0.0000000,128.3300000,197.3300000
8010,3,0.0000000,0.0000000,208.4394349,168.2409587
8010,4,0.0000000,0.0000000,175.5792572,162.4794977
8010,5,0.0000000,0.0000000,126.0000000,24.0000000
8020,0,0.0000000,0.0000000,184.8250466,191.8055306
8020,2,0.0000000,0.0000000,128.3300000,197.3300000
8020,3,0.0000000,0.0000000,208.4392025,168.2402217
8020,4,0.0000000,0.0000000,175.5788296,162.4799044
8020,5,0.0000000,0.0000000,126.0000000,24.0000000
8030,0,0.0000000,0.0000000,184.8256181,191.8056167
8030,2,0.0000000,0.0000000,128.3300000,197.3300000
8030,3,0.0000000,0.0000000,208.4389749,168.2394998
8030,4,0.0000000,0.0000000,175.5784109,162.4803028
8030,5,0.0000000,0.0000000,126.0000000,24.0000000
8040,0,0.0000000,0.0000000,184.8261777,191.8057010
8040,2,0.0000000,0.0000000,128.3300000,197.3300000
8040,3,0.0000000,0.0000000,208.4387520,168.2387929
8040,4,0.0000000,0.0000000,175.5780008,162.4806929
8040,5,0.0000000,0.0000000,126.0000000,24.0000000
8050,0,0.0000000,0.0000000,184.8267258,191.8057836
8050,2,0.0000000,0.0000000,128.3300000,197.3300000
8050,3,0.0000000,0.0000000,208.4385337,168.2381006
8050,4,0.0000000,0.0000000,175.5775992,162.4810750
8050,5,0.0000000,0.0000000,126.0000000,24.0000000
8060,0,0.0000000,0.0000000,184.8272626,191.8058645
8060,2,0.0000000,0.0000000,128.3300000,197.3300000
8060,3,0.0000000,0.0000000,208.4383198,168.2374226
8060,4,0.0000000,0.0000000,175.5772059,162.4814492
8060,5,0.0000000,0.0000000,126.0000000,24.0000000
8070,0,0.0000000,0.0000000,184.8277883,191.8059436
8070,2,0.0000000,0.0000000,128.3300000,197.3300000
8070,3,0.0000000,0.0000000,208.4381103,168.2367586
8070,4,0.0000000,0.0000000,175.5768208,162.4818157
8070,5,0.0000000,0.0000000,126.0000000,24.0000000
8080,0,0.0000000,0.0000000,184.8283031,191.8060211
8080,2,0.0000000,0.0000000,128.3300000,197.3300000
8080,3,0.0000000,0.0000000,208.4379052,168.2361084
8080,4,0.0000000,0.0000000,175.5764436,162.4821746
8080,5,0.0000000,0.0000000,126.0000000,24.0000000
8090,0,0.0000000,0.0000000,184.8288073,191.8060970
8090,2,0.0000000,0.0000000,128.3300000,197.3300000
8090,3,0.0000000,0.0000000,208.4377043,168.2354716
8090,4,0.0000000,0.0000000,175.5760743,162.4825261
8090,5,0.0000000,0.0000000,126.0000000,24.0000000
8100,0,0.0000000,0.0000000,184.8293010,191.8061713
8100,2,0.0000000,0.0000000,128.3300000,197.3300000
8100,3,0.0000000,0.0000000,208.4375075,168.2348479
8100,4,0.0000000,0.0000000,175.5757126,162.4828704
8100,5,0.0000000,0.0000000,126.0000000,24.0000000
8110,0,0.0000000,0.0000000,184.8297846,191.8062441
8110,2,0.0000000,0.0000000,128.3300000,197.3300000
8110,3,0.0000000,0.0000000,208.4373147,168.2342372
8110,4,0.0000000,0.0000000,175.5753583,162.4832076
8110,5,0.0000000,0.0000000,126.0000000,24.0000000
8120,0,0.0000000,0.0000000,184.8302582,191.8063154
8120,2,0.0000000,0.0000000,128.3300000,197.3300000
8120,3,0.0000000,0.0000000,208.4371259,168.2336390
8120,4,0.0000000,0.0000000,175.5750114,162.4835378
8120,5,0.0000000,0.0000000,126.0000000,24.0000000
8130,0,0.0000000,0.0000000,184.8307220,191.8063851
8130,2,0.0000000,0.0000000,128.3300000,197.3300000
8130,3,0.0000000,0.0000000,208.4369410,168.2330533
8130,4,0.0000000,0.0000000,175.5746717,162.4838611
8130,5,0.0000000,0.0000000,126.0000000,24.0000000
8140,0,0.0000000,0.0000000,184.8311762,191.8064534
8140,2,0.0000000,0.0000000,128.3300000,197.3300000
8140,3,0.0000000,0.0000000,208.4367599,168.2324796
8140,4,0.0000000,0.0000000,175.5743390,162.4841779
8140,5,0.0000000,0.0000000,126.0000000,24.0000000
8150,0,0.0000000,0.0000000,184.8316210,191.8065203
8150,2,0.0000000,0.0000000,128.3300000,197.3300000
8150,3,0.0000000,0.0000000,208.4365826,168.2319178
8150,4,0.0000000,0.0000000,175.5740132,162.4844880
8150,5,0.0000000,0.0000000,126.0000000,24.0000000
8160,0,0.0000000,0.0000000,184.8320567,191.8065858
8160,2,0.0000000,0.0000000,128.3300000,197.3300000
8160,3,0.0000000,0.0000000,208.4364089,168.2313676
8160,4,0.0000000,0.0000000,175.5736941,162.4847918
8160,5,0.0000000,0.0000000,126.0000000,24.0000000
8170,0,0.0000000,0.0000000,184.8324833,191.8066499
8170,2,0.0000000,0.0000000,128.3300000,197.3300000
8170,3,0.0000000,0.0000000,208.4362387,168.2308288
8170,4,0.0000000,0.0000000,175.5733816,162.4850893
8170,5,0.0000000,0.0000000,126.0000000,24.0000000
8180,0,0.0000000,0.0000000,184.8329011,191.8067127
8180,2,0.0000000,0.0000000,128.3300000,197.3300000
8180,3,0.0000000,0.0000000,208.4360721,168.2303012
8180,4,0.0000000,0.0000000,175.5730756,162.4853807
8180,5,0.0000000,0.0000000,126.0000000,24.0000000
8190,0,0.0000000,0.0000000,184.8333103,191.8067742
8190,2,0.0000000,0.0000000,128.3300000,197.3300000
8190,3,0.0000000,0.0000000,208.4359089,168.2297844
8190,4,0.0000000,0.0000000,175.5727760,162.4856661
8190,5,0.0000000,0.0000000,126.0000000,24.0000000
8200,0,0.0000000,0.0000000,184.8337111,191.8068344
8200,2,0.0000000,0.0000000,128.3300000,197.3300000
8200,3,0.0000000,0.0000000,208.4357490,168.2292783
8200,4,0.0000000,0.0000000,175.5724825,162.4859455
8200,5,0.0000000,0.0000000,126.0000000,24.0000000
8210,0,0.0000000,0.0000000,184.8341035,191.8068933
8210,2,0.0000000,0.0000000,128.3300000,197.3300000
8210,3,0.0000000,0.0000000,208.4355925,168.2287827
8210,4,0.0000000,0.0000000,175.5721951,162.4862192
8210,5,0.0000000,0.0000000,126.0000000,24.0000000
8220,0,0.0000000,0.0000000,184.8344879,191.8069511
8220,2,0.0000000,0.0000000,128.3300000,197.3300000
8220,3,0.0000000,0.0000000,208.4354392,168.2282973
8220,4,0.0000000,0.0000000,175.5719136,162.4864873
8220,5,0.0000000,0.0000000,126.0000000,24.0000000
8230,0,0.0000000,0.0000000,184.8348643,191.8070076
8230,2,0.0000000,0.0000000,128.3300000,197.3300000
8230,3,0.0000000,0.0000000,208.4352890,168.2278220
8230,4,0.0000000,0.0000000,175.5716380,162.4867498
8230,5,0.0000000,0.0000000,126.0000000,24.0000000
8240,0,0.0000000,0.0000000,184.8352329,191.8070629
8240,2,0.0000000,0.0000000,128.3300000,197.3300000
8240,3,0.0000000,0.0000000,208.4351419,168.2273565
8240,4,0.0000000,0.0000000,175.5713680,162.4870069
8240,5,0.0000000,0.0000000,126.0000000,24.0000000
8250,0,0.0000000,0.0000000,184.8355939,191.8071171
8250,2,0.0000000,0.0000000,128.3300000,197.3300000
8250,3,0.0000000,0.0000000,208.4349979,168.2269006
8250,4,0.0000000,0.0000000,175.5711037,162.4872587
8250,5,0.0000000,0.0000000,126.0000000,24.0000000
8260,0,0.0000000,0.0000000,184.8359475,191.8071702
8260,2,0.0000000,0.0000000,128.3300000,197.3300000
8260,3,0.0000000,0.0000000,208.4348568,168.2264541
8260,4,0.0000000,0.0000000,175.5708448,162.4875053
8260,5,0.0000000,0.0000000,126.0000000,24.0000000
8270,0,0.0000000,0.0000000,184.8362937,191.8072221
8270,2,0.0000000,0.0000000,128.3300000,197.3300000
8270,3,0.0000000,0.0000000,208.4347186,168.2260169
8270,4,0.0000000,0.0000000,175.5705913,162.4877468
8270,5,0.0000000,0.0000000,126.0000000,24.0000000
8280,0,0.0000000,0.0000000,184.8366328,191.8072730
8280,2,0.0000000,0.0000000,128.3300000,197.3300000
8280,3,0.0000000,0.0000000,208.4345833,168.2255887
8280,4,0.0000000,0.0000000,175.5703430,162.4879833
8280,5,0.0000000,0.0000000,126.0000000,24.0000000
8290,0,0.0000000,0.0000000,184.8369649,191.8073229
8290,2,0.0000000,0.0000000,128.3300000,197.3300000
8290,3,0.0000000,0.0000000,208.4344507,168.2251693
8290,4,0.0000000,0.0000000,175.5700998,162.4882149
8290,5,0.0000000,0.0000000,126.0000000,24.0000000
8300,0,0.0000000,0.0000000,184.8372902,191.8073716
8300,2,0.0000000,0.0000000,128.3300000,197.3300000
8300,3,0.0000000,0.0000000,208.4343209,168.2247586
8300,4,0.0000000,0.0000000,175.5698617,162.4884418
8300,5,0.0000000,0.0000000,126.0000000,24.0000000
8310,0,0.0000000,0.0000000,184.8376087,191.8074194
8310,2,0.0000000,0.0000000,128.3300000,197.3300000
8310,3,0.0000000,0.0000000,208.4341938,168.2243564
8310,4,0.0000000,0.0000000,175.5696285,162.4886640
8310,5,0.0000000,0.0000000,126.0000000,24.0000000
8320,0,0.0000000,0.0000000,184.8379206,191.8074662
8320,2,0.0000000,0.0000000,128.3300000,197.3300000
8320,3,0.0000000,0.0000000,208.4340693,168.2239625
8320,4,0.0000000,0.0000000,175.5694001,162.4888816
8320,5,0.0000000,0.0000000,126.0000000,24.0000000
8330,0,0.0000000,0.0000000,184.8382261,191.8075120
8330,2,0.0000000,0.0000000,128.3300000,197.3300000
8330,3,0.0000000,0.0000000,208.4339473,168.2235768
8330,4,0.0000000,0.0000000,175.5691765,162.4890946
8330,5,0.0000000,0.0000000,126.0000000,24.0000000
8340,0,0.0000000,0.0000000,184.8385253,191.8075569
8340,2,0.0000000,0.0000000,128.3300000,197.3300000
8340,3,0.0000000,0.0000000,208.4338279,168.2231990
8340,4,0.0000000,0.0000000,175.5689574,162.4893033
8340,5,0.0000000,0.0000000,126.0000000,24.0000000
8350,0,0.0000000,0.0000000,184.8388183,191.8076008
8350,2,0.0000000,0.0000000,128.3300000,197.3300000
8350,3,0.0000000,0.0000000,208.4337109,168.2228291
8350,4,0.0000000,0.0000000,175.5687429,162.4895077
8350,5,0.0000000,0.0000000,126.0000000,24.0000000
8360,0,0.0000000,0.0000000,184.8391052,191.8076438
8360,2,0.0000000,0.0000000,128.3300000,197.3300000
8360,3,0.0000000,0.0000000,208.4335963,168.2224667
8360,4,0.0000000,0.0000000,175.5685329,162.4897079
8360,5,0.0000000,0.0000000,126.0000000,24.0000000
8370,0,0.0000000,0.0000000,184.8393863,191.8076859
8370,2,0.0000000,0.0000000,128.3300000,197.3300000
8370,3,0.0000000,0.0000000,208.4334841,168.2221119
8370,4,0.0000000,0.0000000,175.5683271,162.4899039
8370,5,0.0000000,0.0000000,126.0000000,24.0000000
8380,0,0.0000000,0.0000000,184.8396615,191.8077272
8380,2,0.0000000,0.0000000,128.3300000,197.3300000
8380,3,0.0000000,0.0000000,208.4333742,168.2217644
8380,4,0.0000000,0.0000000,175.5681257,162.4900959
8380,5,0.0000000,0.0000000,126.0000000,24.0000000
8390,0,0.0000000,0.0000000,184.8399310,191.8077675
8390,2,0.0000000,0.0000000,128.3300000,197.3300000
8390,3,0.0000000,0.0000000,208.4332666,168.2214241
8390,4,0.0000000,0.0000000,175.5679284,162.4902839
8390,5,0.0000000,0.0000000,126.0000000,24.0000000
8400,0,0.0000000,0.0000000,184.8401949,191.8078071
8400,2,0.0000000,0.0000000,128.3300000,197.3300000
8400,3,0.0000000,0.0000000,208.4331612,168.2210908
8400,4,0.0000000,0.0000000,175.5677352,162.4904681
8400,5,0.0000000,0.0000000,126.0000000,24.0000000
8410,0,0.0000000,0.0000000,184.8404534,191.8078458
8410,2,0.0000000,0.0000000,128.3300000,197.3300000
8410,3,0.0000000,0.0000000,208.4330580,168.2207644
8410,4,0.0000000,0.0000000,175.5675459,162.4906484
8410,5,0.0000000,0.0000000,126.0000000,24.0000000
8420,0,0.0000000,0.0000000,184.8407066,191.8078837
8420,2,0.0000000,0.0000000,128.3300000,197.3300000
8420,3,0.0000000,0.0000000,208.4329569,168.2204448
8420,4,0.0000000,0.0000000,175.5673606,162.4908250
8420,5,0.0000000,0.0000000,126.0000000,24.0000000
8430,0,0.0000000,0.0000000,184.8409545,191.8079209
8430,2,0.0000000,0.0000000,128.3300000,197.3300000
8430,3,0.0000000,0.0000000,208.4328578,168.2201318
8430,4,0.0000000,0.0000000,175.5671791,162.4909980
8430,5,0.0000000,0.0000000,126.0000000,24.0000000
8440,0,0.0000000,0.0000000,184.8411973,191.8079572
8440,2,0.0000000,0.0000000,128.3300000,197.3300000
8440,3,0.0000000,0.0000000,208.4327609,168.2198252
8440,4,0.0000000,0.0000000,175.5670014,162.4911674
8440,5,0.0000000,0.0000000,126.0000000,24.0000000
8450,0,0.0000000,0.0000000,184.8414351,191.8079928
8450,2,0.0000000,0.0000000,128.3300000,197.3300000
8450,3,0.0000000,0.0000000,208.4326659,168.2195250
8450,4,0.0000000,0.0000000,175.5668274,162.4913333
8450,5,0.0000000,0.0000000,126.0000000,24.0000000
8460,0,0.0000000,0.0000000,184.8416680,191.8080277
8460,2,0.0000000,0.0000000,128.3300000,197.3300000
8460,3,0.0000000,0.0000000,208.4325729,168.2192309
8460,4,0.0000000,0.0000000,175.5666569,162.4914957
8460,5,0.0000000,0.0000000,126.0000000,24.0000000
8470,0,0.0000000,0.0000000,184.8418961,191.8080619
8470,2,0.0000000,0.0000000,128.3300000,197.3300000
8470,3,0.0000000,0.0000000,208.4324818,168.2189430
8470,4,0.0000000,0.0000000,175.5664900,162.4916549
8470,5,0.0000000,0.0000000,126.0000000,24.0000000
8480,0,0.0000000,0.0000000,184.8421194,191.8080953
8480,2,0.0000000,0.0000000,128.3300000,197.3300000
8480,3,0.0000000,0.0000000,208.4323925,168.2186610
8480,4,0.0000000,0.0000000,175.5663265,162.4918107
8480,5,0.0000000,0.0000000,126.0000000,24.0000000
8490,0,0.0000000,0.0000000,184.8423382,191.8081280
8490,2,0.0000000,0.0000000,128.3300000,197.3300000
8490,3,0.0000000,0.0000000,208.4323052,168.2183848
8490,4,0.0000000,0.0000000,175.5661664,162.4919633
8490,5,0.0000000,0.0000000,126.0000000,24.0000000
8500,0,0.0000000,0.0000000,184.8425524,191.8081601
8500,2,0.0000000,0.0000000,128.3300000,197.3300000
8500,3,0.0000000,0.0000000,208.4322196,168.2181143
8500,4,0.0000000,0.0000000,175.5660096,162.4921128
8500,5,0.0000000,0.0000000,126.0000000,24.0000000
8510,0,0.0000000,0.0000000,184.8427622,191.8081915
8510,2,0.0000000,0.0000000,128.3300000,197.3300000
8510,3,0.0000000,0.0000000,208.4321358,168.2178495
8510,4,0.0000000,0.0000000,175.5658561,162.4922591
8510,5,0.0000000,0.0000000,126.0000000,24.0000000
8520,0,0.0000000,0.0000000,184.8429677,191.8082223
8520,2,0.0000000,0.0000000,128.3300000,197.3300000
8520,3,0.0000000,0.0000000,208.4320537,168.2175901
8520,4,0.0000000,0.0000000,175.5657057,162.4924025
8520,5,0.0000000,0.0000000,126.0000000,24.0000000
8530,0,0.0000000,0.0000000,184.8431689,191.8082524
8530,2,0.0000000,0.0000000,128.3300000,197.3300000
8530,3,0.0000000,0.0000000,208.4319733,168.2173360
8530,4,0.0000000,0.0000000,175.5655584,162.4925429
8530,5,0.0000000,0.0000000,126.0000000,24.0000000
8540,0,0.0000000,0.0000000,184.8433659,191.8082819
8540,2,0.0000000,0.0000000,128.3300000,197.3300000
8540,3,0.0000000,0.0000000,208.4318945,168.2170872
8540,4,0.0000000,0.0000000,175.5654142,162.4926804
8540,5,0.0000000,0.0000000,126.0000000,24.0000000
8550,0,0.0000000,0.0000000,184.8435589,191.8083107
8550,2,0.0000000,0.0000000,128.3300000,197.3300000
8550,3,0.0000000,0.0000000,208.4318174,168.2168436
8550,4,0.0000000,0.0000000,175.5652730,162.4928150
8550,5,0.0000000,0.0000000,126.0000000,24.0000000
8560,0,0.0000000,0.0000000,184.8437479,191.8083390
8560,2,0.0000000,0.0000000,128.3300000,197.3300000
8560,3,0.0000000,0.0000000,208.4317419,168.2166050
8560,4,0.0000000,0.0000000,175.5651347,162.4929469
8560,5,0.0000000,0.0000000,126.0000000,24.0000000
8570,0,0.0000000,0.0000000,184.8439330,191.8083667
8570,2,0.0000000,0.0000000,128.3300000,197.3300000
8570,3,0.0000000,0.0000000,208.4316679,168.2163713
8570,4,0.0000000,0.0000000,175.5649992,162.4930760
8570,5,0.0000000,0.0000000,126.0000000,24.0000000
8580,0,0.0000000,0.0000000,184.8441143,191.8083938
8580,2,0.0000000,0.0000000,128.3300000,197.3300000
8580,3,0.0000000,0.0000000,208.4315955,168.2161425
8580,4,0.0000000,0.0000000,175.5648666,162.4932025
8580,5,0.0000000,0.0000000,126.0000000,24.0000000
8590,0,0.0000000,0.0000000,184.8442918,191.8084204
8590,2,0.0000000,0.0000000,128.3300000,197.3300000
8590,3,0.0000000,0.0000000,208.4315246,168.2159183
8590,4,0.0000000,0.0000000,175.5647366,162.4933264
8590,5,0.0000000,0.0000000,126.0000000,24.0000000
8600,0,0.0000000,0.0000000,184.8444656,191.8084464
8600,2,0.0000000,0.0000000,128.3300000,197.3300000
8600,3,0.0000000,0.0000000,208.4314551,168.2156989
8600,4,0.0000000,0.0000000,175.5646094,162.4934477
8600,5,0.0000000,0.0000000,126.0000000,24.0000000
8610,0,0.0000000,0.0000000,184.8446359,191.8084718
8610,2,0.0000000,0.0000000,128.3300000,197.3300000
8610,3,0.0000000,0.0000000,208.4313870,168.2154839
8610,4,0.0000000,0.0000000,175.5644848,162.4935665
8610,5,0.0000000,0.0000000,126.0000000,24.0000000
8620,0,0.0000000,0.0000000,184.8448027,191.8084968
8620,2,0.0000000,0.0000000,128.3300000,197.3300000
8620,3,0.0000000,0.0000000,208.4313204,168.2152734
8620,4,0.0000000,0.0000000,175.5643628,162.4936829
8620,5,0.0000000,0.0000000,126.0000000,24.0000000
8630,0,0.0000000,0.0000000,184.8449660,191.8085212
8630,2,0.0000000,0.0000000,128.3300000,197.3300000
8630,3,0.0000000,0.0000000,208.4312551,168.2150672
8630,4,0.0000000,0.0000000,175.5642433,162.4937968
8630,5,0.0000000,0.0000000,126.0000000,24.0000000
8640,0,0.0000000,0.0000000,184.8451259,191.8085451
8640,2,0.0000000,0.0000000,128.3300000,197.3300000
8640,3,0.0000000,0.0000000,208.4311912,168.2148653
8640,4,0.0000000,0.0000000,175.5641263,162.4939084
8640,5,0.0000000,0.0000000,126.0000000,24.0000000
8650,0,0.0000000,0.0000000,184.8452825,191.8085685
8650,2,0.0000000,0.0000000,128.3300000,197.3300000
8650,3,0.0000000,0.0000000,208.4311286,168.2146676
8650,4,0.0000000,0.0000000,175.5640117,162.4940177
8650,5,0.0000000,0.0000000,126.0000000,24.0000000
8660,0,0.0000000,0.0000000,184.8454359,191.8085915
8660,2,0.0000000,0.0000000,128.3300000,197.3300000
8660,3,0.0000000,0.0000000,208.4310673,168.2144740
8660,4,0.0000000,0.0000000,175.5638994,162.4941247
8660,5,0.0000000,0.0000000,126.0000000,24.0000000
8670,0,0.0000000,0.0000000,184.8455861,191.8086139
8670,2,0.0000000,0.0000000,128.3300000,197.3300000
8670,3,0.0000000,0.0000000,208.4310072,168.2142843
8670,4,0.0000000,0.0000000,175.5637895,162.4942296
8670,5,0.0000000,0.0000000,126.0000000,24.0000000
8680,0,0.0000000,0.0000000,184.8457332,191.8086359
8680,2,0.0000000,0.0000000,128.3300000,197.3300000
8680,3,0.0000000,0.0000000,208.4309484,168.2140986
8680,4,0.0000000,0.0000000,175.5636818,162.4943322
8680,5,0.0000000,0.0000000,126.0000000,24.0000000
8690,0,0.0000000,0.0000000,184.8458773,191.8086574
8690,2,0.0000000,0.0000000,128.3300000,197.3300000
8690,3,0.0000000,0.0000000,208.4308908,168.2139167
8690,4,0.0000000,0.0000000,175.5635764,162.4944328
8690,5,0.0000000,0.0000000,126.0000000,24.0000000
8700,0,0.0000000,0.0000000,184.8460184,191.8086785
8700,2,0.0000000,0.0000000,128.3300000,197.3300000
8700,3,0.0000000,0.0000000,208.4308344,168.2137386
8700,4,0.0000000,0.0000000,175.5634732,162.4945312
8700,5,0.0000000,0.0000000,126.0000000,24.0000000
8710,0,0.0000000,0.0000000,184.8461566,191.8086992
8710,2,0.0000000,0.0000000,128.3300000,197.3300000
8710,3,0.0000000,0.0000000,208.4307792,168.2135642
8710,4,0.0000000,0.0000000,175.5633721,162.4946276
8710,5,0.0000000,0.0000000,126.0000000,24.0000000
8720,0,0.0000000,0.0000000,184.8462919,191.8087194
8720,2,0.0000000,0.0000000,128.3300000,197.3300000
8720,3,0.0000000,0.0000000,208.4307251,168.2133933
8720,4,0.0000000,0.0000000,175.5632731,162.4947221
8720,5,0.0000000,0.0000000,126.0000000,24.0000000
8730,0,0.0000000,0.0000000,184.8464244,191.8087392
8730,2,0.0000000,0.0000000,128.3300000,197.3300000
8730,3,0.0000000,0.0000000,208.4306721,168.2132260
8730,4,0.0000000,0.0000000,175.5631761,162.4948146
8730,5,0.0000000,0.0000000,126.0000000,24.0000000
8740,0,0.0000000,0.0000000,184.8465542,191.8087586
8740,2,0.0000000,0.0000000,128.3300000,197.3300000
8740,3,0.0000000,0.0000000,208.4306202,168.2130622
8740,4,0.0000000,0.0000000,175.5630811,162.4949051
8740,5,0.0000000,0.0000000,126.0000000,24.0000000
8750,0,0.0000000,0.0000000,184.8466813,191.8087776
8750,2,0.0000000,0.0000000,128.3300000,197.3300000
8750,3,0.0000000,0.0000000,208.4305694,168.2129017
8750,4,0.0000000,0.0000000,175.5629881,162.4949938
8750,5,0.0000000,0.0000000,126.0000000,24.0000000
8760,0,0.0000000,0.0000000,184.8468058,191.8087962
8760,2,0.0000000,0.0000000,128.3300000,197.3300000
8760,3,0.0000000,0.0000000,208.4305196,168.2127446
8760,4,0.0000000,0.0000000,175.5628970,162.4950807
8760,5,0.0000000,0.0000000,126.0000000,24.0000000
8770,0,0.0000000,0.0000000,184.8469277,191.8088144
8770,2,0.0000000,0.0000000,128.3300000,197.3300000
8770,3,0.0000000,0.0000000,208.4304709,168.2125907
8770,4,0.0000000,0.0000000,175.5628078,162.4951658
8770,5,0.0000000,0.0000000,126.0000000,24.0000000
8780,0,0.0000000,0.0000000,184.8470471,191.8088322
8780,2,0.0000000,0.0000000,128.3300000,197.3300000
8780,3,0.0000000,0.0000000,208.4304232,168.2124399
8780,4,0.0000000,0.0000000,175.5627205,162.4952491
8780,5,0.0000000,0.0000000,126.0000000,24.0000000
8790,0,0.0000000,0.0000000,184.8471640,191.8088497
8790,2,0.0000000,0.0000000,128.3300000,197.3300000
8790,3,0.0000000,0.0000000,208.4303764,168.2122923
8790,4,0.0000000,0.0000000,175.5626349,162.4953307
8790,5,0.0000000,0.0000000,126.0000000,24.0000000
8800,0,0.0000000,0.0000000,184.8472785,191.8088668
8800,2,0.0000000,0.0000000,128.3300000,197.3300000
8800,3,0.0000000,0.0000000,208.4303306,168.2121478
8800,4,0.0000000,0.0000000,175.5625511,162.4954106
8800,5,0.0000000,0.0000000,126.0000000,24.0000000
8810,0,0.0000000,0.0000000,184.8473907,191.8088836
8810,2,0.0000000,0.0000000,128.3300000,197.3300000
8810,3,0.0000000,0.0000000,208.4302858,168.2120062
8810,4,0.0000000,0.0000000,175.5624691,162.4954889
8810,5,0.0000000,0.0000000,126.0000000,24.0000000
8820,0,0.0000000,0.0000000,184.8475005,191.8089000
8820,2,0.0000000,0.0000000,128.3300000,197.3300000
8820,3,0.0000000,0.0000000,208.4302419,168.2118676
8820,4,0.0000000,0.0000000,175.5623887,162.4955655
8820,5,0.0000000,0.0000000,126.0000000,24.0000000
8830,0,0.0000000,0.0000000,184.8476081,191.8089160
8830,2,0.0000000,0.0000000,128.3300000,197.3300000
8830,3,0.0000000,0.0000000,208.4301989,168.2117318
8830,4,0.0000000,0.0000000,175.5623100,162.4956406
8830,5,0.0000000,0.0000000,126.0000000,24.0000000
8840,0,0.0000000,0.0000000,184.8477134,191.8089318
8840,2,0.0000000,0.0000000,128.3300000,197.3300000
8840,3,0.0000000,0.0000000,208.4301568,168.2115988
8840,4,0.0000000,0.0000000,175.5622330,162.4957141
8840,5,0.0000000,0.0000000,126.0000000,24.0000000
8850,0,0.0000000,0.0000000,184.8478166,191.8089472
8850,2,0.0000000,0.0000000,128.3300000,197.3300000
8850,3,0.0000000,0.0000000,208.4301155,168.2114686
8850,4,0.0000000,0.0000000,175.5621575,162.4957861
8850,5,0.0000000,0.0000000,126.0000000,24.0000000
8860,0,0.0000000,0.0000000,184.8479176,191.8089623
8860,2,0.0000000,0.0000000,128.3300000,197.3300000
8860,3,0.0000000,0.0000000,208.4300751,168.2113411
8860,4,0.0000000,0.0000000,175.5620836,162.4958566
8860,5,0.0000000,0.0000000,126.0000000,24.0000000
8870,0,0.0000000,0.0000000,184.8480165,191.8089771
8870,2,0.0000000,0.0000000,128.3300000,197.3300000
8870,3,0.0000000,0.0000000,208.4300355,168.2112162
8870,4,0.0000000,0.0000000,175.5620112,162.4959256
8870,5,0.0000000,0.0000000,126.0000000,24.0000000
8880,0,0.0000000,0.0000000,184.8481134,191.8089915
8880,2,0.0000000,0.0000000,128.3300000,197.3300000
8880,3,0.0000000,0.0000000,208.4299968,168.2110939
8880,4,0.0000000,0.0000000,175.5619403,162.4959933
8880,5,0.0000000,0.0000000,126.0000000,24.0000000
8890,0,0.0000000,0.0000000,184.8482083,191.8090057
8890,2,0.0000000,0.0000000,128.3300000,197.3300000
8890,3,0.0000000,0.0000000,208.4299588,168.2109741
8890,4,0.0000000,0.0000000,175.5618709,162.4960595
8890,5,0.0000000,0.0000000,126.0000000,24.0000000
8900,0,0.0000000,0.0000000,184.8483013,191.8090196
8900,2,0.0000000,0.0000000,128.3300000,197.3300000
8900,3,0.0000000,0.0000000,208.4299217,168.2108568
8900,4,0.0000000,0.0000000,175.5618029,162.4961243
8900,5,0.0000000,0.0000000,126.0000000,24.0000000
8910,0,0.0000000,0.0000000,184.8483923,191.8090332
8910,2,0.0000000,0.0000000,128.3300000,197.3300000
8910,3,0.0000000,0.0000000,208.4298853,168.2107419
8910,4,0.0000000,0.0000000,175.5617363,162.4961879
8910,5,0.0000000,0.0000000,126.0000000,24.0000000
8920,0,0.0000000,0.0000000,184.8484814,191.8090465
8920,2,0.0000000,0.0000000,128.3300000,197.3300000
8920,3,0.0000000,0.0000000,208.4298496,168.2106294
8920,4,0.0000000,0.0000000,175.5616711,162.4962501
8920,5,0.0000000,0.0000000,126.0000000,24.0000000
8930,0,0.0000000,0.0000000,184.8485687,191.8090595
8930,2,0.0000000,0.0000000,128.3300000,197.3300000
8930,3,0.0000000,0.0000000,208.4298147,168.2105192
8930,4,0.0000000,0.0000000,175.5616072,162.4963110
8930,5,0.0000000,0.0000000,126.0000000,24.0000000
8940,0,0.0000000,0.0000000,184.8486542,191.8090723
8940,2,0.0000000,0.0000000,128.3300000,197.3300000
8940,3,0.0000000,0.0000000,208.4297805,168.2104113
8940,4,0.0000000,0.0000000,175.5615447,162.4963707
8940,5,0.0000000,0.0000000,126.0000000,24.0000000
8950,0,0.0000000,0.0000000,184.8487379,191.8090848
8950,2,0.0000000,0.0000000,128.3300000,197.3300000
8950,3,0.0000000,0.0000000,208.4297470,168.2103056
8950,4,0.0000000,0.0000000,175.5614835,162.4964291
8950,5,0.0000000,0.0000000,126.0000000,24.0000000
8960,0,0.0000000,0.0000000,184.8488199,191.8090970
8960,2,0.0000000,0.0000000,128.3300000,197.3300000
8960,3,0.0000000,0.0000000,208.4297143,168.2102021
8960,4,0.0000000,0.0000000,175.5614235,162.4964863
8960,5,0.0000000,0.0000000,126.0000000,24.0000000
8970,0,0.0000000,0.0000000,184.8489002,191.8091090
8970,2,0.0000000,0.0000000,128.3300000,197.3300000
8970,3,0.0000000,0.0000000,208.4296821,168.2101007
8970,4,0.0000000,0.0000000,175.5613647,162.4965423
8970,5,0.0000000,0.0000000,126.0000000,24.0000000
8980,0,0.0000000,0.0000000,184.8489788,191.8091207
8980,2,0.0000000,0.0000000,128.3300000,197.3300000
8980,3,0.0000000,0.0000000,208.4296507,168.2100015
8980,4,0.0000000,0.0000000,175.5613072,162.4965972
8980,5,0.0000000,0.0000000,126.0000000,24.0000000
8990,0,0.0000000,0.0000000,184.8490558,191.8091322
8990,2,0.0000000,0.0000000,128.3300000,197.3300000
8990,3,0.0000000,0.0000000,208.4296199,168.2099043
8990,4,0.0000000,0.0000000,175.5612509,162.4966510
8990,5,0.0000000,0.0000000,126.0000000,24.0000000
9000,0,0.0000000,0.0000000,184.8491312,191.8091435
9000,2,0.0000000,0.0000000,128.3300000,197.3300000
9000,3,0.0000000,0.0000000,208.4295897,168.2098091
9000,4,0.0000000,0.0000000,175.5611957,162.4967036
9000,5,0.0000000,0.0000000,126.0000000,24.0000000
9010,0,0.0000000,0.0000000,184.8492051,191.8091545
9010,2,0.0000000,0.0000000,128.3300000,197.3300000
9010,3,0.0000000,0.0000000,208.4295602,168.2097158
9010,4,0.0000000,0.0000000,175.5611417,162.4967552
9010,5,0.0000000,0.0000000,126.0000000,24.0000000
9020,0,0.0000000,0.0000000,184.8492774,191.8091653
9020,2,0.0000000,0.0000000,128.3300000,197.3300000
9020,3,0.0000000,0.0000000,208.4295312,168.2096245
9020,4,0.0000000,0.0000000,175.5610887,162.4968057
9020,5,0.0000000,0.0000000,126.0000000,24.0000000
9030,0,0.0000000,0.0000000,184.8493483,191.8091759
9030,2,0.0000000,0.0000000,128.3300000,197.3300000
9030,3,0.0000000,0.0000000,208.4295029,168.2095351
9030,4,0.0000000,0.0000000,175.5610369,162.4968551
9030,5,0.0000000,0.0000000,126.0000000,24.0000000
9040,0,0.0000000,0.0000000,184.8494177,191.8091862
9040,2,0.0000000,0.0000000,128.3300000,197.3300000
9040,3,0.0000000,0.0000000,208.4294752,168.2094475
9040,4,0.0000000,0.0000000,175.5609862,162.4969035
9040,5,0.0000000,0.0000000,126.0000000,24.0000000
9050,0,0.0000000,0.0000000,184.8494856,191.8091964
9050,2,0.0000000,0.0000000,128.3300000,197.3300000
9050,3,0.0000000,0.0000000,208.4294480,168.2093618
9050,4,0.0000000,0.0000000,175.5609365,162.4969509
9050,5,0.0000000,0.0000000,126.0000000,24.0000000
9060,0,0.0000000,0.0000000,184.8495521,191.8092063
9060,2,0.0000000,0.0000000,128.3300000,197.3300000
9060,3,0.0000000,0.0000000,208.4294214,168.2092778
9060,4,0.0000000,0.0000000,175.5608878,162.4969974
9060,5,0.0000000,0.0000000,126.0000000,24.0000000
9070,0,0.0000000,0.0000000,184.8496173,191.8092160
9070,2,0.0000000,0.0000000,128.3300000,197.3300000
9070,3,0.0000000,0.0000000,208.4293953,168.2091955
9070,4,0.0000000,0.0000000,175.5608401,162.4970429
9070,5,0.0000000,0.0000000,126.0000000,24.0000000
9080,0,0.0000000,0.0000000,184.8496811,191.8092256
9080,2,0.0000000,0.0000000,128.3300000,197.3300000
9080,3,0.0000000,0.0000000,208.4293698,168.2091150
9080,4,0.0000000,0.0000000,175.5607934,162.4970874
9080,5,0.0000000,0.0000000,126.0000000,24.0000000
9090,0,0.0000000,0.0000000,184.8497436,191.8092349
9090,2,0.0000000,0.0000000,128.3300000,197.3300000
9090,3,0.0000000,0.0000000,208.4293448,168.2090361
9090,4,0.0000000,0.0000000,175.5607477,162.4971310
9090,5,0.0000000,0.0000000,126.0000000,24.0000000
9100,0,0.0000000,0.0000000,184.8498048,191.8092440
9100,2,0.0000000,0.0000000,128.3300000,197.3300000
9100,3,0.0000000,0.0000000,208.4293203,168.2089588
9100,4,0.0000000,0.0000000,175.5607029,162.4971737
9100,5,0.0000000,0.0000000,126.0000000,24.0000000
9110,0,0.0000000,0.0000000,184.8498648,191.8092530
9110,2,0.0000000,0.0000000,128.3300000,197.3300000
9110,3,0.0000000,0.0000000,208.4292963,168.2088831
9110,4,0.0000000,0.0000000,175.5606591,162.4972156
9110,5,0.0000000,0.0000000,126.0000000,24.0000000
9120,0,0.0000000,0.0000000,184.8499235,191.8092617
9120,2,0.0000000,0.0000000,128.3300000,197.3300000
9120,3,0.0000000,0.0000000,208.4292728,168.2088090
9120,4,0.0000000,0.0000000,175.5606161,162.4972566
9120,5,0.0000000,0.0000000,126.0000000,24.0000000
9130,0,0.0000000,0.0000000,184.8499810,191.8092703
9130,2,0.0000000,0.0000000,128.3300000,197.3300000
9130,3,0.0000000,0.0000000,208.4292498,168.2087365
9130,4,0.0000000,0.0000000,175.5605741,162.4972967
9130,5,0.0000000,0.0000000,126.0000000,24.0000000
9140,0,0.0000000,0.0000000,184.8500373,191.8092787
9140,2,0.0000000,0.0000000,128.3300000,197.3300000
9140,3,0.0000000,0.0000000,208.4292273,168.2086654
9140,4,0.0000000,0.0000000,175.5605329,162.4973360
9140,5,0.0000000,0.0000000,126.0000000,24.0000000
9150,0,0.0000000,0.0000000,184.8500924,191.8092869
9150,2,0.0000000,0.0000000,128.3300000,197.3300000
9150,3,0.0000000,0.0000000,208.4292052,168.2085958
9150,4,0.0000000,0.0000000,175.5604926,162.4973745
9150,5,0.0000000,0.0000000,126.0000000,24.0000000
9160,0,0.0000000,0.0000000,184.8501464,191.8092950
9160,2,0.0000000,0.0000000,128.3300000,197.3300000
9160,3,0.0000000,0.0000000,208.4291836,168.2085276
9160,4,0.0000000,0.0000000,175.5604531,162.4974122
9160,5,0.0000000,0.0000000,126.0000000,24.0000000
9170,0,0.0000000,0.0000000,184.8501993,191.8093029
9170,2,0.0000000,0.0000000,128.3300000,197.3300000
9170,3,0.0000000,0.0000000,208.4291625,168.2084609
9170,4,0.0000000,0.0000000,175.5604144,162.4974491
9170,5,0.0000000,0.0000000,126.0000000,24.0000000
9180,0,0.0000000,0.0000000,184.8502511,191.8093106
9180,2,0.0000000,0.0000000,128.3300000,197.3300000
9180,3,0.0000000,0.0000000,208.4291418,168.2083955
9180,4,0.0000000,0.0000000,175.5603765,162.4974852
9180,5,0.0000000,0.0000000,126.0000000,24.0000000
9190,0,0.0000000,0.0000000,184.8503018,191.8093182
9190,2,0.0000000,0.0000000,128.3300000,197.3300000
9190,3,0.0000000,0.0000000,208.4291215,168.2083315
9190,4,0.0000000,0.0000000,175.5603394,162.4975206
9190,5,0.0000000,0.0000000,126.0000000,24.0000000
9200,0,0.0000000,0.0000000,184.8503515,191.8093256
9200,2,0.0000000,0.0000000,128.3300000,197.3300000
9200,3,0.0000000,0.0000000,208.4291016,168.2082688
9200,4,0.0000000,0.0000000,175.5603030,162.4975553
9200,5,0.0000000,0.0000000,126.0000000,24.0000000
9210,0,0.0000000,0.0000000,184.8504001,191.8093329
9210,2,0.0000000,0.0000000,128.3300000,197.3300000
9210,3,0.0000000,0.0000000,208.4290821,168.2082074
9210,4,0.0000000,0.0000000,175.5602675,162.4975893
9210,5,0.0000000,0.0000000,126.0000000,24.0000000
9220,0,0.0000000,0.0000000,184.8504478,191.8093400
9220,2,0.0000000,0.0000000,128.3300000,197.3300000
9220,3,0.0000000,0.0000000,208.4290631,168.2081472
9220,4,0.0000000,0.0000000,175.5602326,162.4976225
9220,5,0.0000000,0.0000000,126.0000000,24.0000000
9230,0,0.0000000,0.0000000,184.8504944,191.8093469
9230,2,0.0000000,0.0000000,128.3300000,197.3300000
9230,3,0.0000000,0.0000000,208.4290444,168.2080883
9230,4,0.0000000,0.0000000,175.5601985,162.4976551
9230,5,0.0000000,0.0000000,126.0000000,24.0000000
9240,0,0.0000000,0.0000000,184.8505401,191.8093537
9240,2,0.0000000,0.0000000,128.3300000,197.3300000
9240,3,0.0000000,0.0000000,208.4290261,168.2080306
9240,4,0.0000000,0.0000000,175.5601650,162.4976870
9240,5,0.0000000,0.0000000,126.0000000,24.0000000
9250,0,0.0000000,0.0000000,184.8505849,191.8093604
9250,2,0.0000000,0.0000000,128.3300000,197.3300000
9250,3,0.0000000,0.0000000,208.4290082,168.2079742
9250,4,0.0000000,0.0000000,175.5601323,162.4977182
9250,5,0.0000000,0.0000000,126.0000000,24.0000000
9260,0,0.0000000,0.0000000,184.8506287,191.8093670
9260,2,0.0000000,0.0000000,128.3300000,197.3300000
9260,3,0.0000000,0.0000000,208.4289907,168.2079188
9260,4,0.0000000,0.0000000,175.5601003,162.4977488
9260,5,0.0000000,0.0000000,126.0000000,24.0000000
9270,0,0.0000000,0.0000000,184.8506716,191.8093734
9270,2,0.0000000,0.0000000,128.3300000,197.3300000
9270,3,0.0000000,0.0000000,208.4289735,168.2078647
9270,4,0.0000000,0.0000000,175.5600689,162.4977788
9270,5,0.0000000,0.0000000,126.0000000,24.0000000
9280,0,0.0000000,0.0000000,184.8507137,191.8093796
9280,2,0.0000000,0.0000000,128.3300000,197.3300000
9280,3,0.0000000,0.0000000,208.4289567,168.2078116
9280,4,0.0000000,0.0000000,175.5600381,162.4978081
9280,5,0.0000000,0.0000000,126.0000000,24.0000000
9290,0,0.0000000,0.0000000,184.8507548,191.8093858
9290,2,0.0000000,0.0000000,128.3300000,197.3300000
9290,3,0.0000000,0.0000000,208.4289402,168.2077597
9290,4,0.0000000,0.0000000,175.5600080,162.4978368
9290,5,0.0000000,0.0000000,126.0000000,24.0000000
9300,0,0.0000000,0.0000000,184.8507951,191.8093918
9300,2,0.0000000,0.0000000,128.3300000,197.3300000
9300,3,0.0000000,0.0000000,208.4289241,168.2077088
9300,4,0.0000000,0.0000000,175.5599785,162.4978650
9300,5,0.0000000,0.0000000,126.0000000,24.0000000
9310,0,0.0000000,0.0000000,184.8508346,191.8093977
9310,2,0.0000000,0.0000000,128.3300000,197.3300000
9310,3,0.0000000,0.0000000,208.4289083,168.2076589
9310,4,0.0000000,0.0000000,175.5599496,162.4978925
9310,5,0.0000000,0.0000000,126.0000000,24.0000000
9320,0,0.0000000,0.0000000,184.8508733,191.8094034
9320,2,0.0000000,0.0000000,128.3300000,197.3300000
9320,3,0.0000000,0.0000000,208.4288928,168.2076101
9320,4,0.0000000,0.0000000,175.5599213,162.4979195
9320,5,0.0000000,0.0000000,126.0000000,24.0000000
9330,0,0.0000000,0.0000000,184.8509112,191.8094091
9330,2,0.0000000,0.0000000,128.3300000,197.3300000
9330,3,0.0000000,0.0000000,208.4288777,168.2075623
9330,4,0.0000000,0.0000000,175.5598936,162.4979459
9330,5,0.0000000,0.0000000,126.0000000,24.0000000
9340,0,0.0000000,0.0000000,184.8509482,191.8094146
9340,2,0.0000000,0.0000000,128.3300000,197.3300000
9340,3,0.0000000,0.0000000,208.4288629,168.2075155
9340,4,0.0000000,0.0000000,175.5598665,162.4979718
9340,5,0.0000000,0.0000000,126.0000000,24.0000000
9350,0,0.0000000,0.0000000,184.8509846,191.8094200
9350,2,0.0000000,0.0000000,128.3300000,197.3300000
9350,3,0.0000000,0.0000000,208.4288483,168.2074697
9350,4,0.0000000,0.0000000,175.5598400,162.4979972
9350,5,0.0000000,0.0000000,126.0000000,24.0000000
9360,0,0.0000000,0.0000000,184.8510201,191.8094253
9360,2,0.0000000,0.0000000,128.3300000,197.3300000
9360,3,0.0000000,0.0000000,208.4288341,168.2074248
9360,4,0.0000000,0.0000000,175.5598139,162.4980220
9360,5,0.0000000,0.0000000,126.0000000,24.0000000
9370,0,0.0000000,0.0000000,184.8510550,191.8094305
9370,2,0.0000000,0.0000000,128.3300000,197.3300000
9370,3,0.0000000,0.0000000,208.4288202,168.2073808
9370,4,0.0000000,0.0000000,175.5597885,162.4980463
9370,5,0.0000000,0.0000000,126.0000000,24.0000000
9380,0,0.0000000,0.0000000,184.8510891,191.8094356
9380,2,0.0000000,0.0000000,128.3300000,197.3300000
9380,3,0.0000000,0.0000000,208.4288065,168.2073378
9380,4,0.0000000,0.0000000,175.5597635,162.4980701
9380,5,0.0000000,0.0000000,126.0000000,24.0000000
9390,0,0.0000000,0.0000000,184.8511225,191.8094406
9390,2,0.0000000,0.0000000,128.3300000,197.3300000
9390,3,0.0000000,0.0000000,208.4287931,168.2072956
9390,4,0.0000000,0.0000000,175.5597391,162.4980934
9390,5,0.0000000,0.0000000,126.0000000,24.0000000
9400,0,0.0000000,0.0000000,184.8511552,191.8094455
9400,2,0.0000000,0.0000000,128.3300000,197.3300000
9400,3,0.0000000,0.0000000,208.4287801,168.2072543
9400,4,0.0000000,0.0000000,175.5597151,162.4981163
9400,5,0.0000000,0.0000000,126.0000000,24.0000000
9410,0,0.0000000,0.0000000,184.8511872,191.8094503
9410,2,0.0000000,0.0000000,128.3300000,197.3300000
9410,3,0.0000000,0.0000000,208.4287672,168.2072139
9410,4,0.0000000,0.0000000,175.5596917,162.4981386
9410,5,0.0000000,0.0000000,126.0000000,24.0000000
9420,0,0.0000000,0.0000000,184.8512186,191.8094549
9420,2,0.0000000,0.0000000,128.3300000,197.3300000
9420,3,0.0000000,0.0000000,208.4287547,168.2071742
9420,4,0.0000000,0.0000000,175.5596688,162.4981606
9420,5,0.0000000,0.0000000,126.0000000,24.0000000
9430,0,0.0000000,0.0000000,184.8512494,191.8094595
9430,2,0.0000000,0.0000000,128.3300000,197.3300000
9430,3,0.0000000,0.0000000,208.4287424,168.2071355
9430,4,0.0000000,0.0000000,175.5596463,162.4981820
9430,5,0.0000000,0.0000000,126.0000000,24.0000000
9440,0,0.0000000,0.0000000,184.8512794,191.8094640
9440,2,0.0000000,0.0000000,128.3300000,197.3300000
9440,3,0.0000000,0.0000000,208.4287303,168.2070975
9440,4,0.0000000,0.0000000,175.5596243,162.4982030
9440,5,0.0000000,0.0000000,126.0000000,24.0000000
9450,0,0.0000000,0.0000000,184.8513089,191.8094684
9450,2,0.0000000,0.0000000,128.3300000,197.3300000
9450,3,0.0000000,0.0000000,208.4287185,168.2070603
9450,4,0.0000000,0.0000000,175.5596027,162.4982236
9450,5,0.0000000,0.0000000,126.0000000,24.0000000
9460,0,0.0000000,0.0000000,184.8513378,191.8094727
9460,2,0.0000000,0.0000000,128.3300000,197.3300000
9460,3,0.0000000,0.0000000,208.4287070,168.2070238
9460,4,0.0000000,0.0000000,175.5595816,162.4982437
9460,5,0.0000000,0.0000000,126.0000000,24.0000000
9470,0,0.0000000,0.0000000,184.8513661,191.8094769
9470,2,0.0000000,0.0000000,128.3300000,197.3300000
9470,3,0.0000000,0.0000000,208.4286957,168.2069882
9470,4,0.0000000,0.0000000,175.5595609,162.4982635
9470,5,0.0000000,0.0000000,126.0000000,24.0000000
9480,0,0.0000000,0.0000000,184.8513937,191.8094811
9480,2,0.0000000,0.0000000,128.3300000,197.3300000
9480,3,0.0000000,0.0000000,208.4286846,168.2069532
9480,4,0.0000000,0.0000000,175.5595407,162.4982828
9480,5,0.0000000,0.0000000,126.0000000,24.0000000
9490,0,0.0000000,0.0000000,184.8514209,191.8094851
9490,2,0.0000000,0.0000000,128.3300000,197.3300000
9490,3,0.0000000,0.0000000,208.4286738,168.2069190
9490,4,0.0000000,0.0000000,175.5595208,162.4983017
9490,5,0.0000000,0.0000000,126.0000000,24.0000000
9500,0,0.0000000,0.0000000,184.8514474,191.8094891
9500,2,0.0000000,0.0000000,128.3300000,197.3300000
9500,3,0.0000000,0.0000000,208.4286631,168.2068855
9500,4,0.0000000,0.0000000,175.5595014,162.4983202
9500,5,0.0000000,0.0000000,126.0000000,24.0000000
9510,0,0.0000000,0.0000000,184.8514734,191.8094929
9510,2,0.0000000,0.0000000,128.3300000,197.3300000
9510,3,0.0000000,0.0000000,208.4286527,168.2068527
9510,4,0.0000000,0.0000000,175.5594824,162.4983384
9510,5,0.0000000,0.0000000,126.0000000,24.0000000
9520,0,0.0000000,0.0000000,184.8514989,191.8094967
9520,2,0.0000000,0.0000000,128.3300000,197.3300000
9520,3,0.0000000,0.0000000,208.4286425,168.2068205
9520,4,0.0000000,0.0000000,175.5594638,162.4983562
9520,5,0.0000000,0.0000000,126.0000000,24.0000000
9530,0,0.0000000,0.0000000,184.8515238,191.8095005
9530,2,0.0000000,0.0000000,128.3300000,197.3300000
9530,3,0.0000000,0.0000000,208.4286326,168.2067890
9530,4,0.0000000,0.0000000,175.5594455,162.4983736
9530,5,0.0000000,0.0000000,126.0000000,24.0000000
9540,0,0.0000000,0.0000000,184.8515482,191.8095041
9540,2,0.0000000,0.0000000,128.3300000,197.3300000
9540,3,0.0000000,0.0000000,208.4286228,168.2067582
9540,4,0.0000000,0.0000000,175.5594277,162.4983906
9540,5,0.0000000,0.0000000,126.0000000,24.0000000
9550,0,0.0000000,0.0000000,184.8515722,191.8095077
9550,2,0.0000000,0.0000000,128.3300000,197.3300000
9550,3,0.0000000,0.0000000,208.4286132,168.2067280
9550,4,0.0000000,0.0000000,175.5594102,162.4984073
9550,5,0.0000000,0.0000000,126.0000000,24.0000000
9560,0,0.0000000,0.0000000,184.8515956,191.8095112
9560,2,0.0000000,0.0000000,128.3300000,197.3300000
9560,3,0.0000000,0.0000000,208.4286038,168.2066984
9560,4,0.0000000,0.0000000,175.5593930,162.4984237
9560,5,0.0000000,0.0000000,126.0000000,24.0000000
9570,0,0.0000000,0.0000000,184.8516185,191.8095146
9570,2,0.0000000,0.0000000,128.3300000,197.3300000
9570,3,0.0000000,0.0000000,208.4285947,168.2066695
9570,4,0.0000000,0.0000000,175.5593762,162.4984397
9570,5,0.0000000,0.0000000,126.0000000,24.0000000
9580,0,0.0000000,0.0000000,184.8516410,191.8095179
9580,2,0.0000000,0.0000000,128.3300000,197.3300000
9580,3,0.0000000,0.0000000,208.4285857,168.2066411
9580,4,0.0000000,0.0000000,175.5593598,162.4984554
9580,5,0.0000000,0.0000000,126.0000000,24.0000000
9590,0,0.0000000,0.0000000,184.8516630,191.8095212
9590,2,0.0000000,0.0000000,128.3300000,197.3300000
9590,3,0.0000000,0.0000000,208.4285769,168.2066134
9590,4,0.0000000,0.0000000,175.5593437,162.4984707
9590,5,0.0000000,0.0000000,126.0000000,24.0000000
9600,0,0.0000000,0.0000000,184.8516845,191.8095244
9600,2,0.0000000,0.0000000,128.3300000,197.3300000
9600,3,0.0000000,0.0000000,208.4285682,168.2065862
9600,4,0.0000000,0.0000000,175.5593280,162.4984858
9600,5,0.0000000,0.0000000,126.0000000,24.0000000
9610,0,0.0000000,0.0000000,184.8517056,191.8095276
9610,2,0.0000000,0.0000000,128.3300000,197.3300000
9610,3,0.0000000,0.0000000,208.4285598,168.2065595
9610,4,0.0000000,0.0000000,175.5593125,162.4985005
9610,5,0.0000000,0.0000000,126.0000000,24.0000000
9620,0,0.0000000,0.0000000,184.8517263,191.8095307
9620,2,0.0000000,0.0000000,128.3300000,197.3300000
9620,3,0.0000000,0.0000000,208.4285515,168.2065334
9620,4,0.0000000,0.0000000,175.5592974,162.4985149
9620,5,0.0000000,0.0000000,126.0000000,24.0000000
9630,0,0.0000000,0.0000000,184.8517466,191.8095337
9630,2,0.0000000,0.0000000,128.3300000,197.3300000
9630,3,0.0000000,0.0000000,208.4285434,168.2065079
9630,4,0.0000000,0.0000000,175.5592826,162.4985291
9630,5,0.0000000,0.0000000,126.0000000,24.0000000
9640,0,0.0000000,0.0000000,184.8517664,191.8095366
9640,2,0.0000000,0.0000000,128.3300000,197.3300000
9640,3,0.0000000,0.0000000,208.4285355,168.2064829
9640,4,0.0000000,0.0000000,175.5592681,162.4985429
9640,5,0.0000000,0.0000000,126.0000000,24.0000000
9650,0,0.0000000,0.0000000,184.8517858,191.8095395
9650,2,0.0000000,0.0000000,128.3300000,197.3300000
9650,3,0.0000000,0.0000000,208.4285277,168.2064584
9650,4,0.0000000,0.0000000,175.5592539,162.4985564
9650,5,0.0000000,0.0000000,126.0000000,24.0000000
9660,0,0.0000000,0.0000000,184.8518048,191.8095424
9660,2,0.0000000,0.0000000,128.3300000,197.3300000
9660,3,0.0000000,0.0000000,208.4285201,168.2064344
9660,4,0.0000000,0.0000000,175.5592400,162.4985697
9660,5,0.0000000,0.0000000,126.0000000,24.0000000
9670,0,0.0000000,0.0000000,193.9979754,190.8211994
9670,2,0.0000000,0.0000000,128.3300000,197.3300000
9670,3,0.0000000,0.0000000,202.3775258,158.3132237
9670,4,0.0000000,0.0000000,171.4772978,169.6182831
9670,5,0.0000000,0.0000000,126.0000000,24.0000000
9680,0,0.0000000,0.0000000,198.8591020,188.0251504
9680,2,0.0000000,0.0000000,128.3300000,197.3300000
9680,3,0.0000000,0.0000000,196.8476358,154.3410604
9680,4,0.0000000,0.0000000,171.0380947,174.3283309
9680,5,0.0000000,0.0000000,126.0000000,24.0000000
9690,0,0.0000000,0.0000000,199.8089039,187.2123432
9690,2,0.0000000,0.0000000,128.3300000,197.3300000
9690,3,0.0000000,0.0000000,195.5868322,153.7372641
9690,4,0.0000000,0.0000000,171.1080575,175.0034704
9690,5,0.0000000,0.0000000,126.0000000,24.0000000
9700,0,0.0000000,0.0000000,200.2845251,186.7731371
9700,2,0.0000000,0.0000000,128.3300000,197.3300000
9700,3,0.0000000,0.0000000,195.0065211,153.4856868
9700,4,0.0000000,0.0000000,171.1305400,175.1065592
9700,5,0.0000000,0.0000000,126.0000000,24.0000000
9710,0,0.0000000,0.0000000,200.7028747,186.3741403
9710,2,0.0000000,0.0000000,128.3300000,197.3300000
9710,3,0.0000000,0.0000000,194.5054340,153.2792883
9710,4,0.0000000,0.0000000,171.1508464,175.1815304
9710,5,0.0000000,0.0000000,126.0000000,24.0000000
9720,0,0.0000000,0.0000000,201.0849648,185.9994834
9720,2,0.0000000,0.0000000,128.3300000,197.3300000
9720,3,0.0000000,0.0000000,194.0540846,153.1018570
9720,4,0.0000000,0.0000000,171.1717266,175.2507729
9720,5,0.0000000,0.0000000,126.0000000,24.0000000
9730,0,0.0000000,0.0000000,201.4361356,185.6463738
9730,2,0.0000000,0.0000000,128.3300000,197.3300000
9730,3,0.0000000,0.0000000,193.6457078,152.9482980
9730,4,0.0000000,0.0000000,171.1933102,175.3165317
9730,5,0.0000000,0.0000000,126.0000000,24.0000000
9740,0,0.0000000,0.0000000,201.7602598,185.3129025
9740,2,0.0000000,0.0000000,128.3300000,197.3300000
9740,3,0.0000000,0.0000000,193.2755945,152.8149342
9740,4,0.0000000,0.0000000,171.2155706,175.3796109
9740,5,0.0000000,0.0000000,126.0000000,24.0000000
9750,0,0.0000000,0.0000000,202.0605735,184.9974056
9750,2,0.0000000,0.0000000,128.3300000,197.3300000
9750,3,0.0000000,0.0000000,192.9399095,152.6988430
9750,4,0.0000000,0.0000000,171.2384525,175.4404199
9750,5,0.0000000,0.0000000,126.0000000,24.0000000
9760,0,0.0000000,0.0000000,202.3398934,184.6983358
9760,2,0.0000000,0.0000000,128.3300000,197.3300000
9760,3,0.0000000,0.0000000,192.6353909,152.5976331
9760,4,0.0000000,0.0000000,171.2619037,175.4992219
9760,5,0.0000000,0.0000000,126.0000000,24.0000000
9770,0,0.0000000,0.0000000,202.6007067,184.4142349
9770,2,0.0000000,0.0000000,128.3300000,197.3300000
9770,3,0.0000000,0.0000000,192.3592346,152.5093260
9770,4,0.0000000,0.0000000,171.2858829,175.5562085
9770,5,0.0000000,0.0000000,126.0000000,24.0000000
9780,0,0.0000000,0.0000000,203.5936642,184.6093902
9780,2,0.0000000,0.0000000,128.3300000,197.3300000
9780,3,0.0000000,0.0000000,192.1657312,152.4494515
9780,4,0.0000000,0.0000000,171.5212001,176.1545460
9780,5,0.0000000,0.0000000,126.0000000,24.0000000
9790,0,0.0000000,0.0000000,204.6787392,184.8037723
9790,2,0.0000000,0.0000000,128.3300000,197.3300000
9790,3,0.0000000,0.0000000,192.0887976,152.4266454
9790,4,0.0000000,0.0000000,172.2359153,176.6039355
9790,5,0.0000000,0.0000000,126.0000000,24.0000000
9800,0,0.0000000,0.0000000,205.7822929,184.9566900
9800,2,0.0000000,0.0000000,128.3300000,197.3300000
9800,3,0.0000000,0.0000000,192.0331071,152.4101715
9800,4,0.0000000,0.0000000,173.1621910,176.9685034
9800,5,0.0000000,0.0000000,126.0000000,24.0000000
9810,0,0.0000000,0.0000000,206.8829702,185.0906401
9810,2,0.0000000,0.0000000,128.3300000,197.3300000
9810,3,0.0000000,0.0000000,192.0111006,152.4025042
9810,4,0.0000000,0.0000000,174.1175260,177.3242557
9810,5,0.0000000,0.0000000,126.0000000,24.0000000
9820,0,0.0000000,0.0000000,208.0261879,185.1248953
9820,2,0.0000000,0.0000000,128.3300000,197.3300000
9820,3,0.0000000,0.0000000,192.4929507,151.5723174
9820,4,0.0000000,0.0000000,175.3476889,176.8988907
9820,5,0.0000000,0.0000000,126.0000000,24.0000000
9830,0,0.0000000,0.0000000,209.1786667,185.0853342
9830,2,0.0000000,0.0000000,128.3300000,197.3300000
9830,3,0.0000000,0.0000000,193.0175847,150.6872248
9830,4,0.0000000,0.0000000,176.6039635,176.4071091
9830,5,0.0000000,0.0000000,126.0000000,24.0000000
9840,0,0.0000000,0.0000000,210.3255338,184.9717628
9840,2,0.0000000,0.0000000,128.3300000,197.3300000
9840,3,0.0000000,0.0000000,193.5498226,149.8035445
9840,4,0.0000000,0.0000000,177.8559439,175.8976119
9840,5,0.0000000,0.0000000,126.0000000,24.0000000
9850,0,0.0000000,0.0000000,211.2263239,184.7883605
9850,2,0.0000000,0.0000000,128.3300000,197.3300000
9850,3,0.0000000,0.0000000,194.0980980,148.9304408
9850,4,0.0000000,0.0000000,179.0503012,175.2753796
9850,5,0.0000000,0.0000000,126.0000000,24.0000000
9860,0,0.0000000,0.0000000,212.1781983,185.3124666
9860,2,0.0000000,0.0000000,128.3300000,197.3300000
9860,3,0.0000000,0.0000000,194.1091739,147.5754760
9860,4,0.0000000,0.0000000,180.4699639,174.6321987
9860,5,0.0000000,0.0000000,126.0000000,24.0000000
9870,0,0.0000000,0.0000000,213.0358580,186.2668435
9870,2,0.0000000,0.0000000,128.3300000,197.3300000
9870,3,0.0000000,0.0000000,194.0302624,145.5336362
9870,4,0.0000000,0.0000000,182.5701653,173.4794565
9870,5,0.0000000,0.0000000,126.0000000,24.0000000
9880,0,0.0000000,0.0000000,220.6262735,192.6870982
9880,2,0.0000000,0.0000000,128.3300000,197.3300000
9880,3,0.0000000,0.0000000,191.7203652,139.4326976
9880,4,0.0000000,0.0000000,188.6712181,168.5592872
9880,5,0.0000000,0.0000000,126.0000000,24.0000000
9890,0,0.0000000,0.0000000,220.3436060,193.0946377
9890,2,0.0000000,0.0000000,128.3300000,197.3300000
9890,3,0.0000000,0.0000000,190.9694621,139.3706054
9890,4,0.0000000,0.0000000,189.6143343,168.1119209
9890,5,0.0000000,0.0000000,126.0000000,24.0000000
9900,0,0.0000000,0.0000000,206.3455475,191.6463830
9900,2,0.0000000,0.0000000,128.3300000,197.3300000
9900,3,0.0000000,0.0000000,182.4220648,151.2067615
9900,4,0.0000000,0.0000000,215.3231918,152.0713122
9900,5,0.0000000,0.0000000,126.0000000,24.0000000
9910,0,0.0000000,0.0000000,207.6086326,191.7071108
9910,2,0.0000000,0.0000000,128.3300000,197.3300000
9910,3,0.0000000,0.0000000,182.6123961,149.9918863
9910,4,0.0000000,0.0000000,215.4555884,151.7590790
9910,5,0.0000000,0.0000000,126.0000000,24.0000000
9920,0,0.0000000,0.0000000,208.8173959,191.8184410
9920,2,0.0000000,0.0000000,128.3300000,197.3300000
9920,3,0.0000000,0.0000000,182.7573113,148.7599437
9920,4,0.0000000,0.0000000,215.6294142,151.4939492
9920,5,0.0000000,0.0000000,126.0000000,24.0000000
9930,0,0.0000000,0.0000000,210.0156129,191.8572325
9930,2,0.0000000,0.0000000,128.3300000,197.3300000
9930,3,0.0000000,0.0000000,183.0289617,147.5403408
9930,4,0.0000000,0.0000000,215.8045062,151.2334498
9930,5,0.0000000,0.0000000,126.0000000,24.0000000
9940,0,0.0000000,0.0000000,211.1723633,191.9343906
9940,2,0.0000000,0.0000000,128.3300000,197.3300000
9940,3,0.0000000,0.0000000,183.2711980,146.3136805
9940,4,0.0000000,0.0000000,216.0188544,151.0017705
9940,5,0.0000000,0.0000000,126.0000000,24.0000000
9950,0,0.0000000,0.0000000,212.2569938,192.0448611
9950,2,0.0000000,0.0000000,128.3300000,197.3300000
9950,3,0.0000000,0.0000000,183.7754360,145.1210717
9950,4,0.0000000,0.0000000,216.4779884,150.8747616
9950,5,0.0000000,0.0000000,126.0000000,24.0000000
9960,0,0.0000000,0.0000000,213.3388928,192.1193929
9960,2,0.0000000,0.0000000,128.3300000,197.3300000
9960,3,0.0000000,0.0000000,184.2915021,143.9610091
9960,4,0.0000000,0.0000000,216.9070209,150.7402389
9960,5,0.0000000,0.0000000,126.0000000,24.0000000
9970,0,0.0000000,0.0000000,214.4362208,192.1393703
9970,2,0.0000000,0.0000000,128.3300000,197.3300000
9970,3,0.0000000,0.0000000,184.6612121,142.7984943
9970,4,0.0000000,0.0000000,217.1875439,150.5626024
9970,5,0.0000000,0.0000000,126.0000000,24.0000000
9980,0,0.0000000,0.0000000,215.4745536,192.2429798
9980,2,0.0000000,0.0000000,128.3300000,197.3300000
9980,3,0.0000000,0.0000000,185.1543925,141.6756318
9980,4,0.0000000,0.0000000,217.6880139,150.4663571
9980,5,0.0000000,0.0000000,126.0000000,24.0000000
9990,0,0.0000000,0.0000000,216.5256274,192.2714625
9990,2,0.0000000,0.0000000,128.3300000,197.3300000
9990,3,0.0000000,0.0000000,185.5901974,140.5653121
9990,4,0.0000000,0.0000000,218.0656419,150.3205187
9990,5,0.0000000,0.0000000,126.0000000,24.0000000
10000,0,0.0000000,0.0000000,217.4153943,193.6502452
10000,2,0.0000000,0.0000000,128.3300000,197.3300000
10000,3,0.0000000,0.0000000,186.0315517,139.2889129
10000,4,0.0000000,0.0000000,219.2509710,149.9353596
10000,5,0.0000000,0.0000000,126.0000000,24.0000000
10010,0,0.0000000,0.0000000,218.5992885,193.2046491
10010,2,0.0000000,0.0000000,128.3300000,197.3300000
10010,3,0.0000000,0.0000000,186.7907696,138.4041958
10010,4,0.0000000,0.0000000,218.7152837,149.4306083
10010,5,0.0000000,0.0000000,126.0000000,24.0000000
10020,0,0.0000000,0.0000000,219.6863072,192.7423240
10020,2,0.0000000,0.0000000,128.3300000,197.3300000
10020,3,0.0000000,0.0000000,187.3375346,137.4195038
10020,4,0.0000000,0.0000000,218.4733558,149.1190249
10020,5,0.0000000,0.0000000,126.0000000,24.0000000
10030,0,0.0000000,0.0000000,220.6807415,192.6893786
10030,2,0.0000000,0.0000000,128.3300000,197.3300000
10030,3,0.0000000,0.0000000,187.7599172,136.4062700
10030,4,0.0000000,0.0000000,218.8345077,148.8685356
10030,5,0.0000000,0.0000000,126.0000000,24.0000000
10040,0,0.0000000,0.0000000,221.6624087,190.9270565
10040,2,0.0000000,0.0000000,128.3300000,197.3300000
10040,3,0.0000000,0.0000000,188.0605229,135.4135193
10040,4,0.0000000,0.0000000,219.4369945,150.4354602
10040,5,0.0000000,0.0000000,126.0000000,24.0000000
10050,0,0.0000000,0.0000000,222.5992467,191.7914029
10050,2,0.0000000,0.0000000,128.3300000,197.3300000
10050,3,0.0000000,0.0000000,188.5031006,134.3662892
10050,4,0.0000000,0.0000000,219.8744875,149.3563124
10050,5,0.0000000,0.0000000,126.0000000,24.0000000
10060,0,0.0000000,0.0000000,223.5281977,191.3233221
10060,2,0.0000000,0.0000000,128.3300000,197.3300000
10060,3,0.0000000,0.0000000,188.7086686,133.2793585
10060,4,0.0000000,0.0000000,220.5402588,149.6382003
10060,5,0.0000000,0.0000000,126.0000000,24.0000000
10070,0,0.0000000,0.0000000,224.3300000,191.3300000
10070,2,0.0000000,0.0000000,128.3300000,197.3300000
10070,3,0.0000000,0.0000000,189.7296902,132.6932885
10070,4,0.0000000,0.0000000,220.4039130,148.8946817
10070,5,0.0000000,0.0000000,126.0000000,24.0000000
10080,0,0.0000000,0.0000000,224.3300000,191.3300000
10080,2,0.0000000,0.0000000,128.3300000,197.3300000
10080,3,0.0000000,0.0000000,190.1163747,131.8270896
10080,4,0.0000000,0.0000000,220.9013446,148.0869768
10080,5,0.0000000,0.0000000,126.0000000,24.0000000
10090,0,0.0000000,0.0000000,224.3300000,191.3300000
10090,2,0.0000000,0.0000000,128.3300000,197.3300000
10090,3,0.0000000,0.0000000,189.5627911,130.4642636
10090,4,0.0000000,0.0000000,222.3390442,147.7758991
10090,5,0.0000000,0.0000000,126.0000000,24.0000000
10100,0,0.0000000,0.0000000,224.3300000,191.3300000
10100,2,0.0000000,0.0000000,128.3300000,197.3300000
10100,3,0.0000000,0.0000000,189.8210311,129.5302234
10100,4,0.0000000,0.0000000,222.9649203,147.0360355
10100,5,0.0000000,0.0000000,126.0000000,24.0000000
10110,0,0.0000000,0.0000000,224.3300000,191.3300000
10110,2,0.0000000,0.0000000,128.3300000,197.3300000
10110,3,0.0000000,0.0000000,190.2663467,128.6949920
10110,4,0.0000000,0.0000000,223.4037208,146.1973631
10110,5,0.0000000,0.0000000,126.0000000,24.0000000
10120,0,0.0000000,0.0000000,224.3300000,191.3300000
10120,2,0.0000000,0.0000000,128.3300000,197.3300000
10120,3,0.0000000,0.0000000,190.5905030,127.7957673
10120,4,0.0000000,0.0000000,223.9636805,145.4226840
10120,5,0.0000000,0.0000000,126.0000000,24.0000000
10130,0,0.0000000,0.0000000,224.3300000,191.3300000
10130,2,0.0000000,0.0000000,128.3300000,197.3300000
10130,3,0.0000000,0.0000000,191.1253533,127.0078261
10130,4,0.0000000,0.0000000,224.3129463,144.5367215
10130,5,0.0000000,0.0000000,126.0000000,24.0000000
10140,0,0.0000000,0.0000000,224.3300000,191.3300000
10140,2,0.0000000,0.0000000,128.3300000,197.3300000
10140,3,0.0000000,0.0000000,191.4402130,126.1036910
10140,4,0.0000000,0.0000000,224.8822027,143.7669527
10140,5,0.0000000,0.0000000,126.0000000,24.0000000
10150,0,0.0000000,0.0000000,224.3300000,191.3300000
10150,2,0.0000000,0.0000000,128.3300000,197.3300000
10150,3,0.0000000,0.0000000,191.7656422,125.2051386
10150,4,0.0000000,0.0000000,225.4408895,142.9916014
10150,5,0.0000000,0.0000000,126.0000000,24.0000000
10160,0,0.0000000,0.0000000,224.3300000,191.3300000
10160,2,0.0000000,0.0000000,128.3300000,197.3300000
10160,3,0.0000000,0.0000000,192.2243459,124.3769785
10160,4,0.0000000,0.0000000,225.8663019,142.1458577
10160,5,0.0000000,0.0000000,126.0000000,24.0000000
10170,0,0.0000000,0.0000000,224.3300000,191.3300000
10170,2,0.0000000,0.0000000,128.3300000,197.3300000
10170,3,0.0000000,0.0000000,192.4869349,123.4452353
10170,4,0.0000000,0.0000000,226.4878291,141.4036971
10170,5,0.0000000,0.0000000,126.0000000,24.0000000
10180,0,0.0000000,0.0000000,224.3300000,191.3300000
10180,2,0.0000000,0.0000000,128.3300000,197.3300000
10180,3,0.0000000,0.0000000,192.9741089,122.6321126
10180,4,0.0000000,0.0000000,226.8847711,140.5429160
10180,5,0.0000000,0.0000000,126.0000000,24.0000000
10190,0,0.0000000,0.0000000,224.3300000,191.3300000
10190,2,0.0000000,0.0000000,128.3300000,197.3300000
10190,3,0.0000000,0.0000000,193.3006611,121.7341533
10190,4,0.0000000,0.0000000,227.4423350,139.7669715
10190,5,0.0000000,0.0000000,126.0000000,24.0000000
10200,0,0.0000000,0.0000000,224.3300000,191.3300000
10200,2,0.0000000,0.0000000,128.3300000,197.3300000
10200,3,0.0000000,0.0000000,193.7036289,120.8765549
10200,4,0.0000000,0.0000000,227.9234832,138.9506661
10200,5,0.0000000,0.0000000,126.0000000,24.0000000
10210,0,0.0000000,0.0000000,224.3300000,191.3300000
10210,2,0.0000000,0.0000000,128.3300000,197.3300000
10210,3,0.0000000,0.0000000,194.0716906,120.0005199
10210,4,0.0000000,0.0000000,228.4395376,138.1527974
10210,5,0.0000000,0.0000000,126.0000000,24.0000000
10220,0,0.0000000,0.0000000,224.3300000,191.3300000
10220,2,0.0000000,0.0000000,128.3300000,197.3300000
10220,3,0.0000000,0.0000000,194.3794731,119.0926469
10220,4,0.0000000,0.0000000,229.0158711,137.3867666
10220,5,0.0000000,0.0000000,126.0000000,24.0000000
10230,0,0.0000000,0.0000000,224.3300000,191.3300000
10230,2,0.0000000,0.0000000,128.3300000,197.3300000
10230,3,0.0000000,0.0000000,194.7794132,118.2334493
10230,4,0.0000000,0.0000000,229.5000472,136.5720604
10230,5,0.0000000,0.0000000,126.0000000,24.0000000
10240,0,0.0000000,0.0000000,224.3300000,191.3300000
10240,2,0.0000000,0.0000000,128.3300000,197.3300000
10240,3,0.0000000,0.0000000,195.1669861,117.3677197
10240,4,0.0000000,0.0000000,229.9965903,135.7638862
10240,5,0.0000000,0.0000000,126.0000000,24.0000000
10250,0,0.0000000,0.0000000,224.3300000,191.3300000
10250,2,0.0000000,0.0000000,128.3300000,197.3300000
10250,3,0.0000000,0.0000000,195.5538307,116.5016054
10250,4,0.0000000,0.0000000,230.4938617,134.9560968
10250,5,0.0000000,0.0000000,126.0000000,24.0000000
10260,0,0.0000000,0.0000000,224.3300000,191.3300000
10260,2,0.0000000,0.0000000,128.3300000,197.3300000
10260,3,0.0000000,0.0000000,196.0223802,115.6786456
10260,4,0.0000000,0.0000000,230.9094284,134.1051527
10260,5,0.0000000,0.0000000,126.0000000,24.0000000
10270,0,0.0000000,0.0000000,224.3300000,191.3300000
10270,2,0.0000000,0.0000000,128.3300000,197.3300000
10270,3,0.0000000,0.0000000,196.2114824,114.7080885
10270,4,0.0000000,0.0000000,231.6044422,133.4018061
10270,5,0.0000000,0.0000000,126.0000000,24.0000000
10280,0,0.0000000,0.0000000,224.3300000,191.3300000
10280,2,0.0000000,0.0000000,128.3300000,197.3300000
10280,3,0.0000000,0.0000000,196.6646124,113.8769845
10280,4,0.0000000,0.0000000,232.0354283,132.5590062
10280,5,0.0000000,0.0000000,126.0000000,24.0000000
10290,0,0.0000000,0.0000000,224.3300000,191.3300000
10290,2,0.0000000,0.0000000,128.3300000,197.3300000
10290,3,0.0000000,0.0000000,196.8540083,112.9173700
10290,4,0.0000000,0.0000000,232.7212387,131.8615860
10290,5,0.0000000,0.0000000,126.0000000,24.0000000
10300,0,0.0000000,0.0000000,224.3300000,191.3300000
10300,2,0.0000000,0.0000000,128.3300000,197.3300000
10300,3,0.0000000,0.0000000,196.9985287,112.0092450
10300,4,0.0000000,0.0000000,233.4481686,131.1752054
10300,5,0.0000000,0.0000000,126.0000000,24.0000000
10310,0,0.0000000,0.0000000,224.3300000,191.3300000
10310,2,0.0000000,0.0000000,128.3300000,197.3300000
10310,3,0.0000000,0.0000000,196.9999852,112.0000932
10310,4,0.0000000,0.0000000,234.1755129,130.4889360
10310,5,0.0000000,0.0000000,126.0000000,24.0000000
10320,0,0.0000000,0.0000000,224.3300000,191.3300000
10320,2,0.0000000,0.0000000,128.3300000,197.3300000
10320,3,0.0000000,0.0000000,196.9999999,112.0000009
10320,4,0.0000000,0.0000000,234.9028614,129.8026677
10320,5,0.0000000,0.0000000,126.0000000,24.0000000
10330,0,0.0000000,0.0000000,224.3300000,191.3300000
10330,2,0.0000000,0.0000000,128.3300000,197.3300000
10330,3,0.0000000,0.0000000,197.0000000,112.0000000
10330,4,0.0000000,0.0000000,235.6302099,129.1163995
10330,5,0.0000000,0.0000000,126.0000000,24.0000000
10340,0,0.0000000,0.0000000,224.3300000,191.3300000
10340,2,0.0000000,0.0000000,128.3300000,197.3300000
10340,3,0.0000000,0.0000000,197.0000000,112.0000000
10340,4,0.0000000,0.0000000,236.3575584,128.4301312
10340,5,0.0000000,0.0000000,126.0000000,24.0000000
10350,0,0.0000000,0.0000000,224.3300000,191.3300000
10350,2,0.0000000,0.0000000,128.3300000,197.3300000
10350,3,0.0000000,0.0000000,197.0000000,112.0000000
10350,4,0.0000000,0.0000000,237.0849070,127.7438630
10350,5,0.0000000,0.0000000,126.0000000,24.0000000
10360,0,0.0000000,0.0000000,224.3300000,191.3300000
10360,2,0.0000000,0.0000000,128.3300000,197.3300000
10360,3,0.0000000,0.0000000,197.0000000,112.0000000
10360,4,0.0000000,0.0000000,237.8122555,127.0575947
10360,5,0.0000000,0.0000000,126.0000000,24.0000000
10370,0,0.0000000,0.0000000,224.3300000,191.3300000
10370,2,0.0000000,0.0000000,128.3300000,197.3300000
10370,3,0.0000000,0.0000000,197.0000000,112.0000000
10370,4,0.0000000,0.0000000,238.5396040,126.3713265
10370,5,0.0000000,0.0000000,126.0000000,24.0000000
10380,0,0.0000000,0.0000000,224.3300000,191.3300000
10380,2,0.0000000,0.0000000,128.3300000,197.3300000
10380,3,0.0000000,0.0000000,197.0000000,112.0000000
10380,4,0.0000000,0.0000000,239.2669525,125.6850582
10380,5,0.0000000,0.0000000,126.0000000,24.0000000
10390,0,0.0000000,0.0000000,224.3300000,191.3300000
10390,2,0.0000000,0.0000000,128.3300000,197.3300000
10390,3,0.0000000,0.0000000,197.0000000,112.0000000
10390,4,0.0000000,0.0000000,239.9943011,124.9987900
10390,5,0.0000000,0.0000000,126.0000000,24.0000000
10400,0,0.0000000,0.0000000,224.3300000,191.3300000
10400,2,0.0000000,0.0000000,128.3300000,197.3300000
10400,3,0.0000000,0.0000000,197.0000000,112.0000000
10400,4,0.0000000,0.0000000,240.7216496,124.3125217
10400,5,0.0000000,0.0000000,126.0000000,24.0000000
10410,0,0.0000000,0.0000000,224.3300000,191.3300000
10410,2,0.0000000,0.0000000,128.3300000,197.3300000
10410,3,0.0000000,0.0000000,197.0000000,112.0000000
10410,4,0.0000000,0.0000000,241.4489981,123.6262534
10410,5,0.0000000,0.0000000,126.0000000,24.0000000
10420,0,0.0000000,0.0000000,224.3300000,191.3300000
10420,2,0.0000000,0.0000000,128.3300000,197.3300000
10420,3,0.0000000,0.0000000,197.0000000,112.0000000
10420,4,0.0000000,0.0000000,242.1763467,122.9399852
10420,5,0.0000000,0.0000000,126.0000000,24.0000000
10430,0,0.0000000,0.0000000,224.3300000,191.3300000
10430,2,0.0000000,0.0000000,128.3300000,197.3300000
10430,3,0.0000000,0.0000000,197.0000000,112.0000000
10430,4,0.0000000,0.0000000,242.9036952,122.2537169
10430,5,0.0000000,0.0000000,126.0000000,24.0000000
10440,0,0.0000000,0.0000000,224.3300000,191.3300000
10440,2,0.0000000,0.0000000,128.3300000,197.3300000
10440,3,0.0000000,0.0000000,197.0000000,112.0000000
10440,4,0.0000000,0.0000000,243.6310437,121.5674487
10440,5,0.0000000,0.0000000,126.0000000,24.0000000
10450,0,0.0000000,0.0000000,224.3300000,191.3300000
10450,2,0.0000000,0.0000000,128.3300000,197.3300000
10450,3,0.0000000,0.0000000,197.0000000,112.0000000
10450,4,0.0000000,0.0000000,244.3583922,120.8811804
10450,5,0.0000000,0.0000000,126.0000000,24.0000000
10460,0,0.0000000,0.0000000,224.3300000,191.3300000
10460,2,0.0000000,0.0000000,128.3300000,197.3300000
10460,3,0.0000000,0.0000000,197.0000000,112.0000000
10460,4,0.0000000,0.0000000,245.0857408,120.1949122
10460,5,0.0000000,0.0000000,126.0000000,24.0000000
10470,0,0.0000000,0.0000000,224.3300000,191.3300000
10470,2,0.0000000,0.0000000,128.3300000,197.3300000
10470,3,0.0000000,0.0000000,197.0000000,112.0000000
10470,4,0.0000000,0.0000000,245.8130893,119.5086439
10470,5,0.0000000,0.0000000,126.0000000,24.0000000
10480,0,0.0000000,0.0000000,224.3300000,191.3300000
10480,2,0.0000000,0.0000000,128.3300000,197.3300000
10480,3,0.0000000,0.0000000,197.0000000,112.0000000
10480,4,0.0000000,0.0000000,246.5404378,118.8223757
10480,5,0.0000000,0.0000000,126.0000000,24.0000000
10490,0,0.0000000,0.0000000,224.3300000,191.3300000
10490,2,0.0000000,0.0000000,128.3300000,197.3300000
10490,3,0.0000000,0.0000000,197.0000000,112.0000000
10490,4,0.0000000,0.0000000,247.2677864,118.1361074
10490,5,0.0000000,0.0000000,126.0000000,24.0000000
10500,0,0.0000000,0.0000000,224.3300000,191.3300000
10500,2,0.0000000,0.0000000,128.3300000,197.3300000
10500,3,0.0000000,0.0000000,197.0000000,112.0000000
10500,4,0.0000000,0.0000000,247.9951349,117.4498392
10500,5,0.0000000,0.0000000,126.0000000,24.0000000
10510,0,0.0000000,0.0000000,224.3300000,191.3300000
10510,2,0.0000000,0.0000000,128.3300000,197.3300000
10510,3,0.0000000,0.0000000,197.0000000,112.0000000
10510,4,0.0000000,0.0000000,248.7224834,116.7635709
10510,5,0.0000000,0.0000000,126.0000000,24.0000000
10520,0,0.0000000,0.0000000,224.3300000,191.3300000
10520,2,0.0000000,0.0000000,128.3300000,197.3300000
10520,3,0.0000000,0.0000000,197.0000000,112.0000000
10520,4,0.0000000,0.0000000,249.4498319,116.0773026
10520,5,0.0000000,0.0000000,126.0000000,24.0000000
10530,0,0.0000000,0.0000000,224.3300000,191.3300000
10530,2,0.0000000,0.0000000,128.3300000,197.3300000
10530,3,0.0000000,0.0000000,197.0000000,112.0000000
10530,4,0.0000000,0.0000000,250.1771805,115.3910344
10530,5,0.0000000,0.0000000,126.0000000,24.0000000
10540,0,0.0000000,0.0000000,224.3300000,191.3300000
10540,2,0.0000000,0.0000000,128.3300000,197.3300000
10540,3,0.0000000,0.0000000,197.0000000,112.0000000
10540,4,0.0000000,0.0000000,250.9045290,114.7047661
10540,5,0.0000000,0.0000000,126.0000000,24.0000000
10550,0,0.0000000,0.0000000,224.3300000,191.3300000
10550,2,0.0000000,0.0000000,128.3300000,197.3300000
10550,3,0.0000000,0.0000000,197.0000000,112.0000000
10550,4,0.0000000,0.0000000,251.6318775,114.0184979
10550,5,0.0000000,0.0000000,126.0000000,24.0000000
10560,0,0.0000000,0.0000000,224.3300000,191.3300000
10560,2,0.0000000,0.0000000,128.3300000,197.3300000
10560,3,0.0000000,0.0000000,197.0000000,112.0000000
10560,4,0.0000000,0.0000000,252.3592260,113.3322296
10560,5,0.0000000,0.0000000,126.0000000,24.0000000
10570,0,0.0000000,0.0000000,224.3300000,191.3300000
10570,2,0.0000000,0.0000000,128.3300000,197.3300000
10570,3,0.0000000,0.0000000,197.0000000,112.0000000
10570,4,0.0000000,0.0000000,253.0865746,112.6459614
10570,5,0.0000000,0.0000000,126.0000000,24.0000000
10580,0,0.0000000,0.0000000,224.3300000,191.3300000
10580,2,0.0000000,0.0000000,128.3300000,197.3300000
10580,3,0.0000000,0.0000000,197.0000000,112.0000000
10580,4,0.0000000,0.0000000,253.8139231,111.9596931
10580,5,0.0000000,0.0000000,126.0000000,24.0000000
10590,0,0.0000000,0.0000000,224.3300000,191.3300000
10590,2,0.0000000,0.0000000,128.3300000,197.3300000
10590,3,0.0000000,0.0000000,197.0000000,112.0000000
10590,4,0.0000000,0.0000000,254.5412716,111.2734249
10590,5,0.0000000,0.0000000,126.0000000,24.0000000
10600,0,0.0000000,0.0000000,224.3300000,191.3300000
10600,2,0.0000000,0.0000000,128.3300000,197.3300000
10600,3,0.0000000,0.0000000,197.0000000,112.0000000
10600,4,0.0000000,0.0000000,255.2686202,110.5871566
10600,5,0.0000000,0.0000000,126.0000000,24.0000000
10610,0,0.0000000,0.0000000,224.3300000,191.3300000
10610,2,0.0000000,0.0000000,128.3300000,197.3300000
10610,3,0.0000000,0.0000000,197.0000000,112.0000000
10610,4,0.0000000,0.0000000,255.9959687,109.9008883
10610,5,0.0000000,0.0000000,126.0000000,24.0000000
10620,0,0.0000000,0.0000000,224.3300000,191.3300000
10620,2,0.0000000,0.0000000,128.3300000,197.3300000
10620,3,0.0000000,0.0000000,197.0000000,112.0000000
10620,4,0.0000000,0.0000000,256.7233172,109.2146201
10620,5,0.0000000,0.0000000,126.0000000,24.0000000
10630,0,0.0000000,0.0000000,224.3300000,191.3300000
10630,2,0.0000000,0.0000000,128.3300000,197.3300000
10630,3,0.0000000,0.0000000,197.0000000,112.0000000
10630,4,0.0000000,0.0000000,257.4506657,108.5283518
10630,5,0.0000000,0.0000000,126.0000000,24.0000000
10640,0,0.0000000,0.0000000,224.3300000,191.3300000
10640,2,0.0000000,0.0000000,128.3300000,197.3300000
10640,3,0.0000000,0.0000000,197.0000000,112.0000000
10640,4,0.0000000,0.0000000,258.1780143,107.8420836
10640,5,0.0000000,0.0000000,126.0000000,24.0000000
10650,0,0.0000000,0.0000000,224.3300000,191.3300000
10650,2,0.0000000,0.0000000,128.3300000,197.3300000
10650,3,0.0000000,0.0000000,197.0000000,112.0000000
10650,4,0.0000000,0.0000000,258.9053628,107.1558153
10650,5,0.0000000,0.0000000,126.0000000,24.0000000
10660,0,0.0000000,0.0000000,224.3300000,191.3300000
10660,2,0.0000000,0.0000000,128.3300000,197.3300000
10660,3,0.0000000,0.0000000,197.0000000,112.0000000
10660,4,0.0000000,0.0000000,259.6327113,106.4695471
10660,5,0.0000000,0.0000000,126.0000000,24.0000000
10670,0,0.0000000,0.0000000,224.3300000,191.3300000
10670,2,0.0000000,0.0000000,128.3300000,197.3300000
10670,3,0.0000000,0.0000000,197.0000000,112.0000000
10670,4,0.0000000,0.0000000,260.3600599,105.7832788
10670,5,0.0000000,0.0000000,126.0000000,24.0000000
10680,0,0.0000000,0.0000000,224.3300000,191.3300000
10680,2,0.0000000,0.0000000,128.3300000,197.3300000
10680,3,0.0000000,0.0000000,197.0000000,112.0000000
10680,4,0.0000000,0.0000000,261.0874084,105.0970106
10680,5,0.0000000,0.0000000,126.0000000,24.0000000
10690,0,0.0000000,0.0000000,224.3300000,191.3300000
10690,2,0.0000000,0.0000000,128.3300000,197.3300000
10690,3,0.0000000,0.0000000,197.0000000,112.0000000
10690,4,0.0000000,0.0000000,261.8147569,104.4107423
10690,5,0.0000000,0.0000000,126.0000000,24.0000000
10700,0,0.0000000,0.0000000,224.3300000,191.3300000
10700,2,0.0000000,0.0000000,128.3300000,197.3300000
10700,3,0.0000000,0.0000000,197.0000000,112.0000000
10700,4,0.0000000,0.0000000,262.5421054,103.7244740
10700,5,0.0000000,0.0000000,126.0000000,24.0000000
10710,0,0.0000000,0.0000000,224.3300000,191.3300000
10710,2,0.0000000,0.0000000,128.3300000,197.3300000
10710,3,0.0000000,0.0000000,197.0000000,112.0000000
10710,4,0.0000000,0.0000000,263.2694540,103.0382058
10710,5,0.0000000,0.0000000,126.0000000,24.0000000
10720,0,0.0000000,0.0000000,224.3300000,191.3300000
10720,2,0.0000000,0.0000000,128.3300000,197.3300000
10720,3,0.0000000,0.0000000,197.0000000,112.0000000
10720,4,0.0000000,0.0000000,263.9968025,102.3519375
10720,5,0.0000000,0.0000000,126.0000000,24.0000000
10730,0,0.0000000,0.0000000,224.3300000,191.3300000
10730,2,0.0000000,0.0000000,128.3300000,197.3300000
10730,3,0.0000000,0.0000000,197.0000000,112.0000000
10730,4,0.0000000,0.0000000,264.7241510,101.6656693
10730,5,0.0000000,0.0000000,126.0000000,24.0000000
10740,0,0.0000000,0.0000000,224.3300000,191.3300000
10740,2,0.0000000,0.0000000,128.3300000,197.3300000
10740,3,0.0000000,0.0000000,197.0000000,112.0000000
10740,4,0.0000000,0.0000000,265.4514996,100.9794010
10740,5,0.0000000,0.0000000,126.0000000,24.0000000
10750,0,0.0000000,0.0000000,224.3300000,191.3300000
10750,2,0.0000000,0.0000000,128.3300000,197.3300000
10750,3,0.0000000,0.0000000,197.0000000,112.0000000
10750,4,0.0000000,0.0000000,266.1788481,100.2931328
10750,5,0.0000000,0.0000000,126.0000000,24.0000000
10760,0,0.0000000,0.0000000,224.3300000,191.3300000
10760,2,0.0000000,0.0000000,128.3300000,197.3300000
10760,3,0.0000000,0.0000000,197.0000000,112.0000000
10760,4,0.0000000,0.0000000,266.9061966,99.6068645
10760,5,0.0000000,0.0000000,126.0000000,24.0000000
10770,0,0.0000000,0.0000000,224.3300000,191.3300000
10770,2,0.0000000,0.0000000,128.3300000,197.3300000
10770,3,0.0000000,0.0000000,197.0000000,112.0000000
10770,4,0.0000000,0.0000000,267.6335451,98.9205963
10770,5,0.0000000,0.0000000,126.0000000,24.0000000
10780,0,0.0000000,0.0000000,224.3300000,191.3300000
10780,2,0.0000000,0.0000000,128.3300000,197.3300000
10780,3,0.0000000,0.0000000,197.0000000,112.0000000
10780,4,0.0000000,0.0000000,268.3608937,98.2343280
10780,5,0.0000000,0.0000000,126.0000000,24.0000000
10790,0,0.0000000,0.0000000,224.3300000,191.3300000
10790,2,0.0000000,0.0000000,128.3300000,197.3300000
10790,3,0.0000000,0.0000000,197.0000000,112.0000000
10790,4,0.0000000,0.0000000,269.0882422,97.5480597
10790,5,0.0000000,0.0000000,126.0000000,24.0000000
10800,0,0.0000000,0.0000000,224.3300000,191.3300000
10800,2,0.0000000,0.0000000,128.3300000,197.3300000
10800,3,0.0000000,0.0000000,197.0000000,112.0000000
10800,4,0.0000000,0.0000000,269.8155907,96.8617915
10800,5,0.0000000,0.0000000,126.0000000,24.0000000
10810,0,0.0000000,0.0000000,224.3300000,191.3300000
10810,2,0.0000000,0.0000000,128.3300000,197.3300000
10810,3,0.0000000,0.0000000,197.0000000,112.0000000
10810,4,0.0000000,0.0000000,270.5429393,96.1755232
10810,5,0.0000000,0.0000000,126.0000000,24.0000000
10820,0,0.0000000,0.0000000,224.3300000,191.3300000
10820,2,0.0000000,0.0000000,128.3300000,197.3300000
10820,3,0.0000000,0.0000000,197.0000000,112.0000000
10820,4,0.0000000,0.0000000,271.2702878,95.4892550
10820,5,0.0000000,0.0000000,126.0000000,24.0000000
10830,0,0.0000000,0.0000000,224.3300000,191.3300000
10830,2,0.0000000,0.0000000,128.3300000,197.3300000
10830,3,0.0000000,0.0000000,197.0000000,112.0000000
10830,4,0.0000000,0.0000000,271.9976363,94.8029867
10830,5,0.0000000,0.0000000,126.0000000,24.0000000
10840,0,0.0000000,0.0000000,224.3300000,191.3300000
10840,2,0.0000000,0.0000000,128.3300000,197.3300000
10840,3,0.0000000,0.0000000,197.0000000,112.0000000
10840,4,0.0000000,0.0000000,272.7249848,94.1167185
10840,5,0.0000000,0.0000000,126.0000000,24.0000000
10850,0,0.0000000,0.0000000,224.3300000,191.3300000
10850,2,0.0000000,0.0000000,128.3300000,197.3300000
10850,3,0.0000000,0.0000000,197.0000000,112.0000000
10850,4,0.0000000,0.0000000,273.4523334,93.4304502
10850,5,0.0000000,0.0000000,126.0000000,24.0000000
10860,0,0.0000000,0.0000000,224.3300000,191.3300000
10860,2,0.0000000,0.0000000,128.3300000,197.3300000
10860,3,0.0000000,0.0000000,197.0000000,112.0000000
10860,4,0.0000000,0.0000000,274.1796819,92.7441820
10860,5,0.0000000,0.0000000,126.0000000,24.0000000
10870,0,0.0000000,0.0000000,224.3300000,191.3300000
10870,2,0.0000000,0.0000000,128.3300000,197.3300000
10870,3,0.0000000,0.0000000,197.0000000,112.0000000
10870,4,0.0000000,0.0000000,274.9070304,92.0579137
10870,5,0.0000000,0.0000000,126.0000000,24.0000000
10880,0,0.0000000,0.0000000,224.3300000,191.3300000
10880,2,0.0000000,0.0000000,128.3300000,197.3300000
10880,3,0.0000000,0.0000000,197.0000000,112.0000000
10880,4,0.0000000,0.0000000,275.6343790,91.3716454
10880,5,0.0000000,0.0000000,126.0000000,24.0000000
10890,0,0.0000000,0.0000000,224.3300000,191.3300000
10890,2,0.0000000,0.0000000,128.3300000,197.3300000
10890,3,0.0000000,0.0000000,197.0000000,112.0000000
10890,4,0.0000000,0.0000000,276.3617275,90.6853772
10890,5,0.0000000,0.0000000,126.0000000,24.0000000
10900,0,0.0000000,0.0000000,224.3300000,191.3300000
10900,2,0.0000000,0.0000000,128.3300000,197.3300000
10900,3,0.0000000,0.0000000,197.0000000,112.0000000
10900,4,0.0000000,0.0000000,277.0890760,89.9991089
10900,5,0.0000000,0.0000000,126.0000000,24.0000000
10910,0,0.0000000,0.0000000,224.3300000,191.3300000
10910,2,0.0000000,0.0000000,128.3300000,197.3300000
10910,3,0.0000000,0.0000000,197.0000000,112.0000000
10910,4,0.0000000,0.0000000,277.8164245,89.3128407
10910,5,0.0000000,0.0000000,126.0000000,24.0000000
10920,0,0.0000000,0.0000000,224.3300000,191.3300000
10920,2,0.0000000,0.0000000,128.3300000,197.3300000
10920,3,0.0000000,0.0000000,197.0000000,112.0000000
10920,4,0.0000000,0.0000000,278.5437731,88.6265724
10920,5,0.0000000,0.0000000,126.0000000,24.0000000
10930,0,0.0000000,0.0000000,224.3300000,191.3300000
10930,2,0.0000000,0.0000000,128.3300000,197.3300000
10930,3,0.0000000,0.0000000,197.0000000,112.0000000
10930,4,0.0000000,0.0000000,279.2711216,87.9403042
10930,5,0.0000000,0.0000000,126.0000000,24.0000000
10940,0,0.0000000,0.0000000,224.3300000,191.3300000
10940,2,0.0000000,0.0000000,128.3300000,197.3300000
10940,3,0.0000000,0.0000000,197.0000000,112.0000000
10940,4,0.0000000,0.0000000,279.9984701,87.2540359
10940,5,0.0000000,0.0000000,126.0000000,24.0000000
10950,0,0.0000000,0.0000000,224.3300000,191.3300000
10950,2,0.0000000,0.0000000,128.3300000,197.3300000
10950,3,0.0000000,0.0000000,197.0000000,112.0000000
10950,4,0.0000000,0.0000000,280.7258187,86.5677677
10950,5,0.0000000,0.0000000,126.0000000,24.0000000
10960,0,0.0000000,0.0000000,224.3300000,191.3300000
10960,2,0.0000000,0.0000000,128.3300000,197.3300000
10960,3,0.0000000,0.0000000,197.0000000,112.0000000
10960,4,0.0000000,0.0000000,281.4531672,85.8814994
10960,5,0.0000000,0.0000000,126.0000000,24.0000000
10970,0,0.0000000,0.0000000,224.3300000,191.3300000
10970,2,0.0000000,0.0000000,128.3300000,197.3300000
10970,3,0.0000000,0.0000000,197.0000000,112.0000000
10970,4,0.0000000,0.0000000,282.1805157,85.1952311
10970,5,0.0000000,0.0000000,126.0000000,24.0000000
10980,0,0.0000000,0.0000000,224.3300000,191.3300000
10980,2,0.0000000,0.0000000,128.3300000,197.3300000
10980,3,0.0000000,0.0000000,197.0000000,112.0000000
10980,4,0.0000000,0.0000000,282.9078642,84.5089629
10980,5,0.0000000,0.0000000,126.0000000,24.0000000
10990,0,0.0000000,0.0000000,224.3300000,191.3300000
10990,2,0.0000000,0.0000000,128.3300000,197.3300000
10990,3,0.0000000,0.0000000,197.0000000,112.0000000
10990,4,0.0000000,0.0000000,283.6352128,83.8226946
10990,5,0.0000000,0.0000000,126.0000000,24.0000000
11000,0,0.0000000,0.0000000,224.3300000,191.3300000
11000,2,0.0000000,0.0000000,128.3300000,197.3300000
11000,3,0.0000000,0.0000000,197.0000000,112.0000000
11000,4,0.0000000,0.0000000,284.3625613,83.1364264
11000,5,0.0000000,0.0000000,126.0000000,24.0000000
11010,0,0.0000000,0.0000000,224.3300000,191.3300000
11010,2,0.0000000,0.0000000,128.3300000,197.3300000
11010,3,0.0000000,0.0000000,197.0000000,112.0000000
11010,4,0.0000000,0.0000000,285.0899098,82.4501581
11010,5,0.0000000,0.0000000,126.0000000,24.0000000
11020,0,0.0000000,0.0000000,224.3300000,191.3300000
11020,2,0.0000000,0.0000000,128.3300000,197.3300000
11020,3,0.0000000,0.0000000,197.0000000,112.0000000
11020,4,0.0000000,0.0000000,285.8172584,81.7638899
11020,5,0.0000000,0.0000000,126.0000000,24.0000000
11030,0,0.0000000,0.0000000,224.3300000,191.3300000
11030,2,0.0000000,0.0000000,128.3300000,197.3300000
11030,3,0.0000000,0.0000000,197.0000000,112.0000000
11030,4,0.0000000,0.0000000,286.5446069,81.0776216
11030,5,0.0000000,0.0000000,126.0000000,24.0000000
11040,0,0.0000000,0.0000000,224.3300000,191.3300000
11040,2,0.0000000,0.0000000,128.3300000,197.3300000
11040,3,0.0000000,0.0000000,197.0000000,112.0000000
11040,4,0.0000000,0.0000000,287.2719554,80.3913534
11040,5,0.0000000,0.0000000,126.0000000,24.0000000
11050,0,0.0000000,0.0000000,224.3300000,191.3300000
11050,2,0.0000000,0.0000000,128.3300000,197.3300000
11050,3,0.0000000,0.0000000,197.0000000,112.0000000
11050,4,0.0000000,0.0000000,287.9993039,79.7050851
11050,5,0.0000000,0.0000000,126.0000000,24.0000000
11060,0,0.0000000,0.0000000,224.3300000,191.3300000
11060,2,0.0000000,0.0000000,128.3300000,197.3300000
11060,3,0.0000000,0.0000000,197.0000000,112.0000000
11060,4,0.0000000,0.0000000,288.7266525,79.0188169
11060,5,0.0000000,0.0000000,126.0000000,24.0000000
11070,0,0.0000000,0.0000000,224.3300000,191.3300000
11070,2,0.0000000,0.0000000,128.3300000,197.3300000
11070,3,0.0000000,0.0000000,197.0000000,112.0000000
11070,4,0.0000000,0.0000000,289.4540010,78.3325486
11070,5,0.0000000,0.0000000,126.0000000,24.0000000
11080,0,0.0000000,0.0000000,224.3300000,191.3300000
11080,2,0.0000000,0.0000000,128.3300000,197.3300000
11080,3,0.0000000,0.0000000,197.0000000,112.0000000
11080,4,0.0000000,0.0000000,290.1813495,77.6462803
11080,5,0.0000000,0.0000000,126.0000000,24.0000000
11090,0,0.0000000,0.0000000,224.3300000,191.3300000
11090,2,0.0000000,0.0000000,128.3300000,197.3300000
11090,3,0.0000000,0.0000000,197.0000000,112.0000000
11090,4,0.0000000,0.0000000,290.9086981,76.9600121
11090,5,0.0000000,0.0000000,126.0000000,24.0000000
11100,0,0.0000000,0.0000000,224.3300000,191.3300000
11100,2,0.0000000,0.0000000,128.3300000,197.3300000
11100,3,0.0000000,0.0000000,197.0000000,112.0000000
11100,4,0.0000000,0.0000000,291.6360466,76.2737438
11100,5,0.0000000,0.0000000,126.0000000,24.0000000
11110,0,0.0000000,0.0000000,224.3300000,191.3300000
11110,2,0.0000000,0.0000000,128.3300000,197.3300000
11110,3,0.0000000,0.0000000,197.0000000,112.0000000
11110,4,0.0000000,0.0000000,292.3633951,75.5874756
11110,5,0.0000000,0.0000000,126.0000000,24.0000000
11120,0,0.0000000,0.0000000,224.3300000,191.3300000
11120,2,0.0000000,0.0000000,128.3300000,197.3300000
11120,3,0.0000000,0.0000000,197.0000000,112.0000000
11120,4,0.0000000,0.0000000,293.0907436,74.9012073
11120,5,0.0000000,0.0000000,126.0000000,24.0000000
11130,0,0.0000000,0.0000000,224.3300000,191.3300000
11130,2,0.0000000,0.0000000,128.3300000,197.3300000
11130,3,0.0000000,0.0000000,197.0000000,112.0000000
11130,4,0.0000000,0.0000000,293.8180922,74.2149391
11130,5,0.0000000,0.0000000,126.0000000,24.0000000
11140,0,0.0000000,0.0000000,224.3300000,191.3300000
11140,2,0.0000000,0.0000000,128.3300000,197.3300000
11140,3,0.0000000,0.0000000,197.0000000,112.0000000
11140,4,0.0000000,0.0000000,294.5454407,73.5286708
11140,5,0.0000000,0.0000000,126.0000000,24.0000000
11150,0,0.0000000,0.0000000,224.3300000,191.3300000
11150,2,0.0000000,0.0000000,128.3300000,197.3300000
11150,3,0.0000000,0.0000000,197.0000000,112.0000000
11150,4,0.0000000,0.0000000,295.2727892,72.8424026
11150,5,0.0000000,0.0000000,126.0000000,24.0000000
11160,0,0.0000000,0.0000000,224.3300000,191.3300000
11160,2,0.0000000,0.0000000,128.3300000,197.3300000
11160,3,0.0000000,0.0000000,197.0000000,112.0000000
11160,4,0.0000000,0.0000000,296.0001378,72.1561343
11160,5,0.0000000,0.0000000,126.0000000,24.0000000
11170,0,0.0000000,0.0000000,224.3300000,191.3300000
11170,2,0.0000000,0.0000000,128.3300000,197.3300000
11170,3,0.0000000,0.0000000,197.0000000,112.0000000
11170,4,0.0000000,0.0000000,296.7274863,71.4698660
11170,5,0.0000000,0.0000000,126.0000000,24.0000000
11180,0,0.0000000,0.0000000,224.3300000,191.3300000
11180,2,0.0000000,0.0000000,128.3300000,197.3300000
11180,3,0.0000000,0.0000000,197.0000000,112.0000000
11180,4,0.0000000,0.0000000,297.4548348,70.7835978
11180,5,0.0000000,0.0000000,126.0000000,24.0000000
11190,0,0.0000000,0.0000000,224.3300000,191.3300000
11190,2,0.0000000,0.0000000,128.3300000,197.3300000
11190,3,0.0000000,0.0000000,197.0000000,112.0000000
11190,4,0.0000000,0.0000000,298.1821833,70.0973295
11190,5,0.0000000,0.0000000,126.0000000,24.0000000
11200,0,0.0000000,0.0000000,224.3300000,191.3300000
11200,2,0.0000000,0.0000000,128.3300000,197.3300000
11200,3,0.0000000,0.0000000,197.0000000,112.0000000
11200,4,0.0000000,0.0000000,298.9095319,69.4110613
11200,5,0.0000000,0.0000000,126.0000000,24.0000000
11210,0,0.0000000,0.0000000,224.3300000,191.3300000
11210,2,0.0000000,0.0000000,128.3300000,197.3300000
11210,3,0.0000000,0.0000000,197.0000000,112.0000000
11210,4,0.0000000,0.0000000,299.6368804,68.7247930
11210,5,0.0000000,0.0000000,126.0000000,24.0000000
11220,0,0.0000000,0.0000000,224.3300000,191.3300000
11220,2,0.0000000,0.0000000,128.3300000,197.3300000
11220,3,0.0000000,0.0000000,197.0000000,112.0000000
11220,4,0.0000000,0.0000000,300.3642289,68.0385248
11220,5,0.0000000,0.0000000,126.0000000,24.0000000
11230,0,0.0000000,0.0000000,224.3300000,191.3300000
11230,2,0.0000000,0.0000000,128.3300000,197.3300000
11230,3,0.0000000,0.0000000,197.0000000,112.0000000
11230,4,0.0000000,0.0000000,301.0915774,67.3522565
11230,5,0.0000000,0.0000000,126.0000000,24.0000000
11240,0,0.0000000,0.0000000,224.3300000,191.3300000
11240,2,0.0000000,0.0000000,128.3300000,197.3300000
11240,3,0.0000000,0.0000000,197.0000000,112.0000000
11240,4,0.0000000,0.0000000,301.8189260,66.6659883
11240,5,0.0000000,0.0000000,126.0000000,24.0000000
11250,0,0.0000000,0.0000000,224.3300000,191.3300000
11250,2,0.0000000,0.0000000,128.3300000,197.3300000
11250,3,0.0000000,0.0000000,197.0000000,112.0000000
11250,4,0.0000000,0.0000000,302.5462745,65.9797200
11250,5,0.0000000,0.0000000,126.0000000,24.0000000
11260,0,0.0000000,0.0000000,224.3300000,191.3300000
11260,2,0.0000000,0.0000000,128.3300000,197.3300000
11260,3,0.0000000,0.0000000,197.0000000,112.0000000
11260,4,0.0000000,0.0000000,303.2736230,65.2934517
11260,5,0.0000000,0.0000000,126.0000000,24.0000000
11270,0,0.0000000,0.0000000,224.3300000,191.3300000
11270,2,0.0000000,0.0000000,128.3300000,197.3300000
11270,3,0.0000000,0.0000000,197.0000000,112.0000000
11270,4,0.0000000,0.0000000,304.0009716,64.6071835
11270,5,0.0000000,0.0000000,126.0000000,24.0000000
11280,0,0.0000000,0.0000000,224.3300000,191.3300000
11280,2,0.0000000,0.0000000,128.3300000,197.3300000
11280,3,0.0000000,0.0000000,197.0000000,112.0000000
11280,4,0.0000000,0.0000000,304.7283201,63.9209152
11280,5,0.0000000,0.0000000,126.0000000,24.0000000
11290,0,0.0000000,0.0000000,224.3300000,191.3300000
11290,2,0.0000000,0.0000000,128.3300000,197.3300000
11290,3,0.0000000,0.0000000,197.0000000,112.0000000
11290,4,0.0000000,0.0000000,305.4556686,63.2346470
11290,5,0.0000000,0.0000000,126.0000000,24.0000000
11300,0,0.0000000,0.0000000,224.3300000,191.3300000
11300,2,0.0000000,0.0000000,128.3300000,197.3300000
11300,3,0.0000000,0.0000000,197.0000000,112.0000000
11300,4,0.0000000,0.0000000,306.1830171,62.5483787
11300,5,0.0000000,0.0000000,126.0000000,24.0000000
11310,0,0.0000000,0.0000000,224.3300000,191.3300000
11310,2,0.0000000,0.0000000,128.3300000,197.3300000
11310,3,0.0000000,0.0000000,197.0000000,112.0000000
11310,4,0.0000000,0.0000000,306.9103657,61.8621105
11310,5,0.0000000,0.0000000,126.0000000,24.0000000
11320,0,0.0000000,0.0000000,224.3300000,191.3300000
11320,2,0.0000000,0.0000000,128.3300000,197.3300000
11320,3,0.0000000,0.0000000,197.0000000,112.0000000
11320,4,0.0000000,0.0000000,307.6377142,61.1758422
11320,5,0.0000000,0.0000000,126.0000000,24.0000000
11330,0,0.0000000,0.0000000,224.3300000,191.3300000
11330,2,0.0000000,0.0000000,128.3300000,197.3300000
11330,3,0.0000000,0.0000000,197.0000000,112.0000000
11330,4,0.0000000,0.0000000,308.3650627,60.4895740
11330,5,0.0000000,0.0000000,126.0000000,24.0000000
11340,0,0.0000000,0.0000000,224.3300000,191.3300000
11340,2,0.0000000,0.0000000,128.3300000,197.3300000
11340,3,0.0000000,0.0000000,197.0000000,112.0000000
11340,4,0.0000000,0.0000000,309.0924113,59.8033057
11340,5,0.0000000,0.0000000,126.0000000,24.0000000
11350,0,0.0000000,0.0000000,224.3300000,191.3300000
11350,2,0.0000000,0.0000000,128.3300000,197.3300000
11350,3,0.0000000,0.0000000,197.0000000,112.0000000
11350,4,0.0000000,0.0000000,309.8197598,59.1170374
11350,5,0.0000000,0.0000000,126.0000000,24.0000000
11360,0,0.0000000,0.0000000,224.3300000,191.3300000
11360,2,0.0000000,0.0000000,128.3300000,197.3300000
11360,3,0.0000000,0.0000000,197.0000000,112.0000000
11360,4,0.0000000,0.0000000,310.5471083,58.4307692
11360,5,0.0000000,0.0000000,126.0000000,24.0000000
11370,0,0.0000000,0.0000000,224.3300000,191.3300000
11370,2,0.0000000,0.0000000,128.3300000,197.3300000
11370,3,0.0000000,0.0000000,197.0000000,112.0000000
11370,4,0.0000000,0.0000000,311.2744568,57.7445009
11370,5,0.0000000,0.0000000,126.0000000,24.0000000
11380,0,0.0000000,0.0000000,224.3300000,191.3300000
11380,2,0.0000000,0.0000000,128.3300000,197.3300000
11380,3,0.0000000,0.0000000,197.0000000,112.0000000
11380,4,0.0000000,0.0000000,312.0018054,57.0582327
11380,5,0.0000000,0.0000000,126.0000000,24.0000000
11390,0,0.0000000,0.0000000,224.3300000,191.3300000
11390,2,0.0000000,0.0000000,128.3300000,197.3300000
11390,3,0.0000000,0.0000000,197.0000000,112.0000000
11390,4,0.0000000,0.0000000,312.7291539,56.3719644
11390,5,0.0000000,0.0000000,126.0000000,24.0000000
11400,0,0.0000000,0.0000000,224.3300000,191.3300000
11400,2,0.0000000,0.0000000,128.3300000,197.3300000
11400,3,0.0000000,0.0000000,197.0000000,112.0000000
11400,4,0.0000000,0.0000000,313.4565024,55.6856962
11400,5,0.0000000,0.0000000,126.0000000,24.0000000
11410,0,0.0000000,0.0000000,224.3300000,191.3300000
11410,2,0.0000000,0.0000000,128.3300000,197.3300000
11410,3,0.0000000,0.0000000,197.0000000,112.0000000
11410,4,0.0000000,0.0000000,314.1838510,54.9994279
11410,5,0.0000000,0.0000000,126.0000000,24.0000000
11420,0,0.0000000,0.0000000,224.3300000,191.3300000
11420,2,0.0000000,0.0000000,128.3300000,197.3300000
11420,3,0.0000000,0.0000000,197.0000000,112.0000000
11420,4,0.0000000,0.0000000,314.9111995,54.3131597
11420,5,0.0000000,0.0000000,126.0000000,24.0000000
11430,0,0.0000000,0.0000000,224.3300000,191.3300000
11430,2,0.0000000,0.0000000,128.3300000,197.3300000
11430,3,0.0000000,0.0000000,197.0000000,112.0000000
11430,4,0.0000000,0.0000000,315.6385480,53.6268914
11430,5,0.0000000,0.0000000,126.0000000,24.0000000
11440,0,0.0000000,0.0000000,224.3300000,191.3300000
11440,2,0.0000000,0.0000000,128.3300000,197.3300000
11440,3,0.0000000,0.0000000,197.0000000,112.0000000
11440,4,0.0000000,0.0000000,316.3658965,52.9406231
11440,5,0.0000000,0.0000000,126.0000000,24.0000000
11450,0,0.0000000,0.0000000,224.3300000,191.3300000
11450,2,0.0000000,0.0000000,128.3300000,197.3300000
11450,3,0.0000000,0.0000000,197.0000000,112.0000000
11450,4,0.0000000,0.0000000,317.0932451,52.2543549
11450,5,0.0000000,0.0000000,126.0000000,24.0000000
11460,0,0.0000000,0.0000000,224.3300000,191.3300000
11460,2,0.0000000,0.0000000,128.3300000,197.3300000
11460,3,0.0000000,0.0000000,197.0000000,112.0000000
11460,4,0.0000000,0.0000000,317.8205936,51.5680866
11460,5,0.0000000,0.0000000,126.0000000,24.0000000
11470,0,0.0000000,0.0000000,224.3300000,191.3300000
11470,2,0.0000000,0.0000000,128.3300000,197.3300000
11470,3,0.0000000,0.0000000,197.0000000,112.0000000
11470,4,0.0000000,0.0000000,318.5479421,50.8818184
11470,5,0.0000000,0.0000000,126.0000000,24.0000000
11480,0,0.0000000,0.0000000,224.3300000,191.3300000
11480,2,0.0000000,0.0000000,128.3300000,197.3300000
11480,3,0.0000000,0.0000000,197.0000000,112.0000000
11480,4,0.0000000,0.0000000,319.2752907,50.1955501
11480,5,0.0000000,0.0000000,126.0000000,24.0000000
11490,0,0.0000000,0.0000000,224.3300000,191.3300000
11490,2,0.0000000,0.0000000,128.3300000,197.3300000
11490,3,0.0000000,0.0000000,197.0000000,112.0000000
11490,4,0.0000000,0.0000000,320.0026392,49.5092819
11490,5,0.0000000,0.0000000,126.0000000,24.0000000
11500,0,0.0000000,0.0000000,224.3300000,191.3300000
11500,2,0.0000000,0.0000000,128.3300000,197.3300000
11500,3,0.0000000,0.0000000,197.0000000,112.0000000
11500,4,0.0000000,0.0000000,320.7299877,48.8230136
11500,5,0.0000000,0.0000000,126.0000000,24.0000000
11510,0,0.0000000,0.0000000,224.3300000,191.3300000
11510,2,0.0000000,0.0000000,128.3300000,197.3300000
11510,3,0.0000000,0.0000000,197.0000000,112.0000000
11510,4,0.0000000,0.0000000,321.4573362,48.1367454
11510,5,0.0000000,0.0000000,126.0000000,24.0000000
11520,0,0.0000000,0.0000000,224.3300000,191.3300000
11520,2,0.0000000,0.0000000,128.3300000,197.3300000
11520,3,0.0000000,0.0000000,197.0000000,112.0000000
11520,4,0.0000000,0.0000000,322.1846848,47.4504771
11520,5,0.0000000,0.0000000,126.0000000,24.0000000
11530,0,0.0000000,0.0000000,224.3300000,191.3300000
11530,2,0.0000000,0.0000000,128.3300000,197.3300000
11530,3,0.0000000,0.0000000,197.0000000,112.0000000
11530,4,0.0000000,0.0000000,322.9120333,46.7642088
11530,5,0.0000000,0.0000000,126.0000000,24.0000000
11540,0,0.0000000,0.0000000,224.3300000,191.3300000
11540,2,0.0000000,0.0000000,128.3300000,197.3300000
11540,3,0.0000000,0.0000000,197.0000000,112.0000000
11540,4,0.0000000,0.0000000,323.6393818,46.0779406
11540,5,0.0000000,0.0000000,126.0000000,24.0000000
11550,0,0.0000000,0.0000000,224.3300000,191.3300000
11550,2,0.0000000,0.0000000,128.3300000,197.3300000
11550,3,0.0000000,0.0000000,197.0000000,112.0000000
11550,4,0.0000000,0.0000000,324.3667304,45.3916723
11550,5,0.0000000,0.0000000,126.0000000,24.0000000
11560,0,0.0000000,0.0000000,224.3300000,191.3300000
11560,2,0.0000000,0.0000000,128.3300000,197.3300000
11560,3,0.0000000,0.0000000,197.0000000,112.0000000
11560,4,0.0000000,0.0000000,325.0940789,44.7054041
11560,5,0.0000000,0.0000000,126.0000000,24.0000000
11570,0,0.0000000,0.0000000,224.3300000,191.3300000
11570,2,0.0000000,0.0000000,128.3300000,197.3300000
11570,3,0.0000000,0.0000000,197.0000000,112.0000000
11570,4,0.0000000,0.0000000,325.8214274,44.0191358
11570,5,0.0000000,0.0000000,126.0000000,24.0000000
11580,0,0.0000000,0.0000000,224.3300000,191.3300000
11580,2,0.0000000,0.0000000,128.3300000,197.3300000
11580,3,0.0000000,0.0000000,197.0000000,112.0000000
11580,4,0.0000000,0.0000000,326.5487759,43.3328676
11580,5,0.0000000,0.0000000,126.0000000,24.0000000
11590,0,0.0000000,0.0000000,224.3300000,191.3300000
11590,2,0.0000000,0.0000000,128.3300000,197.3300000
11590,3,0.0000000,0.0000000,197.0000000,112.0000000
11590,4,0.0000000,0.0000000,327.2761245,42.6465993
11590,5,0.0000000,0.0000000,126.0000000,24.0000000
11600,0,0.0000000,0.0000000,224.3300000,191.3300000
11600,2,0.0000000,0.0000000,128.3300000,197.3300000
11600,3,0.0000000,0.0000000,197.0000000,112.0000000
11600,4,0.0000000,0.0000000,328.0034730,41.9603311
11600,5,0.0000000,0.0000000,126.0000000,24.0000000
11610,0,0.0000000,0.0000000,224.3300000,191.3300000
11610,2,0.0000000,0.0000000,128.3300000,197.3300000
11610,3,0.0000000,0.0000000,197.0000000,112.0000000
11610,4,0.0000000,0.0000000,328.7308215,41.2740628
11610,5,0.0000000,0.0000000,126.0000000,24.0000000
11620,0,0.0000000,0.0000000,224.3300000,191.3300000
11620,2,0.0000000,0.0000000,128.3300000,197.3300000
11620,3,0.0000000,0.0000000,197.0000000,112.0000000
11620,4,0.0000000,0.0000000,329.4581701,40.5877945
11620,5,0.0000000,0.0000000,126.0000000,24.0000000
11630,0,0.0000000,0.0000000,224.3300000,191.3300000
11630,2,0.0000000,0.0000000,128.3300000,197.3300000
11630,3,0.0000000,0.0000000,197.0000000,112.0000000
11630,4,0.0000000,0.0000000,330.1855186,39.9015263
11630,5,0.0000000,0.0000000,126.0000000,24.0000000
11640,0,0.0000000,0.0000000,224.3300000,191.3300000
11640,2,0.0000000,0.0000000,128.3300000,197.3300000
11640,3,0.0000000,0.0000000,197.0000000,112.0000000
11640,4,0.0000000,0.0000000,330.9128671,39.2152580
11640,5,0.0000000,0.0000000,126.0000000,24.0000000
11650,0,0.0000000,0.0000000,224.3300000,191.3300000
11650,2,0.0000000,0.0000000,128.3300000,197.3300000
11650,3,0.0000000,0.0000000,197.0000000,112.0000000
11650,4,0.0000000,0.0000000,331.6402156,38.5289898
11650,5,0.0000000,0.0000000,126.0000000,24.0000000
11660,0,0.0000000,0.0000000,224.3300000,191.3300000
11660,2,0.0000000,0.0000000,128.3300000,197.3300000
11660,3,0.0000000,0.0000000,197.0000000,112.0000000
11660,4,0.0000000,0.0000000,332.3675642,37.8427215
11660,5,0.0000000,0.0000000,126.0000000,24.0000000
11670,0,0.0000000,0.0000000,224.3300000,191.3300000
11670,2,0.0000000,0.0000000,128.3300000,197.3300000
11670,3,0.0000000,0.0000000,197.0000000,112.0000000
11670,4,0.0000000,0.0000000,333.0949127,37.1564533
11670,5,0.0000000,0.0000000,126.0000000,24.0000000
11680,0,0.0000000,0.0000000,224.3300000,191.3300000
11680,2,0.0000000,0.0000000,128.3300000,197.3300000
11680,3,0.0000000,0.0000000,197.0000000,112.0000000
11680,4,0.0000000,0.0000000,333.8222612,36.4701850
11680,5,0.0000000,0.0000000,126.0000000,24.0000000
11690,0,0.0000000,0.0000000,224.3300000,191.3300000
11690,2,0.0000000,0.0000000,128.3300000,197.3300000
11690,3,0.0000000,0.0000000,197.0000000,112.0000000
11690,4,0.0000000,0.0000000,334.5496098,35.7839168
11690,5,0.0000000,0.0000000,126.0000000,24.0000000
11700,0,0.0000000,0.0000000,224.3300000,191.3300000
11700,2,0.0000000,0.0000000,128.3300000,197.3300000
11700,3,0.0000000,0.0000000,197.0000000,112.0000000
11700,4,0.0000000,0.0000000,335.2769583,35.0976485
11700,5,0.0000000,0.0000000,126.0000000,24.0000000
11710,0,0.0000000,0.0000000,224.3300000,191.3300000
11710,2,0.0000000,0.0000000,128.3300000,197.3300000
11710,3,0.0000000,0.0000000,197.0000000,112.0000000
11710,4,0.0000000,0.0000000,336.0043068,34.4113803
11710,5,0.0000000,0.0000000,126.0000000,24.0000000
11720,0,0.0000000,0.0000000,224.3300000,191.3300000
11720,2,0.0000000,0.0000000,128.3300000,197.3300000
11720,3,0.0000000,0.0000000,197.0000000,112.0000000
11720,4,0.0000000,0.0000000,336.7316553,33.7251120
11720,5,0.0000000,0.0000000,126.0000000,24.0000000
11730,0,0.0000000,0.0000000,224.3300000,191.3300000
11730,2,0.0000000,0.0000000,128.3300000,197.3300000
11730,3,0.0000000,0.0000000,197.0000000,112.0000000
11730,4,0.0000000,0.0000000,337.4590039,33.0388437
11730,5,0.0000000,0.0000000,126.0000000,24.0000000
11740,0,0.0000000,0.0000000,224.3300000,191.3300000
11740,2,0.0000000,0.0000000,128.3300000,197.3300000
11740,3,0.0000000,0.0000000,197.0000000,112.0000000
11740,4,0.0000000,0.0000000,338.1863524,32.3525755
11740,5,0.0000000,0.0000000,126.0000000,24.0000000
11750,0,0.0000000,0.0000000,224.3300000,191.3300000
11750,2,0.0000000,0.0000000,128.3300000,197.3300000
11750,3,0.0000000,0.0000000,197.0000000,112.0000000
11750,4,0.0000000,0.0000000,338.9137009,31.6663072
11750,5,0.0000000,0.0000000,126.0000000,24.0000000
11760,0,0.0000000,0.0000000,224.3300000,191.3300000
11760,2,0.0000000,0.0000000,128.3300000,197.3300000
11760,3,0.0000000,0.0000000,197.0000000,112.0000000
11760,4,0.0000000,0.0000000,339.6410495,30.9800390
11760,5,0.0000000,0.0000000,126.0000000,24.0000000
11770,0,0.0000000,0.0000000,224.3300000,191.3300000
11770,2,0.0000000,0.0000000,128.3300000,197.3300000
11770,3,0.0000000,0.0000000,197.0000000,112.0000000
11770,4,0.0000000,0.0000000,340.3230570,30.3365509
11770,5,0.0000000,0.0000000,126.0000000,24.0000000
11780,0,0.0000000,0.0000000,224.3300000,191.3300000
11780,2,0.0000000,0.0000000,128.3300000,197.3300000
11780,3,0.0000000,0.0000000,197.0000000,112.0000000
11780,4,0.0000000,0.0000000,340.3258342,30.3339305
11780,5,0.0000000,0.0000000,126.0000000,24.0000000
11790,0,0.0000000,0.0000000,224.3300000,191.3300000
11790,2,0.0000000,0.0000000,128.3300000,197.3300000
11790,3,0.0000000,0.0000000,197.0000000,112.0000000
11790,4,0.0000000,0.0000000,340.3275005,30.3323583
11790,5,0.0000000,0.0000000,126.0000000,24.0000000
11800,0,0.0000000,0.0000000,224.3300000,191.3300000
11800,2,0.0000000,0.0000000,128.3300000,197.3300000
11800,3,0.0000000,0.0000000,197.0000000,112.0000000
11800,4,0.0000000,0.0000000,340.3285003,30.3314150
11800,5,0.0000000,0.0000000,126.0000000,24.0000000
11810,0,0.0000000,0.0000000,224.3300000,191.3300000
11810,2,0.0000000,0.0000000,128.3300000,197.3300000
11810,3,0.0000000,0.0000000,197.0000000,112.0000000
11810,4,0.0000000,0.0000000,340.3291002,30.3308490
11810,5,0.0000000,0.0000000,126.0000000,24.0000000
11820,0,0.0000000,0.0000000,224.3300000,191.3300000
11820,2,0.0000000,0.0000000,128.3300000,197.3300000
11820,3,0.0000000,0.0000000,197.0000000,112.0000000
11820,4,0.0000000,0.0000000,340.3294601,30.3305094
11820,5,0.0000000,0.0000000,126.0000000,24.0000000
11830,0,0.0000000,0.0000000,224.3300000,191.3300000
11830,2,0.0000000,0.0000000,128.3300000,197.3300000
11830,3,0.0000000,0.0000000,197.0000000,112.0000000
11830,4,0.0000000,0.0000000,340.3296761,30.3303056
11830,5,0.0000000,0.0000000,126.0000000,24.0000000
11840,0,0.0000000,0.0000000,224.3300000,191.3300000
11840,2,0.0000000,0.0000000,128.3300000,197.3300000
11840,3,0.0000000,0.0000000,197.0000000,112.0000000
11840,4,0.0000000,0.0000000,340.3298056,30.3301834
11840,5,0.0000000,0.0000000,126.0000000,24.0000000
11850,0,0.0000000,0.0000000,224.3300000,191.3300000
11850,2,0.0000000,0.0000000,128.3300000,197.3300000
11850,3,0.0000000,0.0000000,197.0000000,112.0000000
11850,4,0.0000000,0.0000000,340.3298834,30.3301100
11850,5,0.0000000,0.0000000,126.0000000,24.0000000
11860,0,0.0000000,0.0000000,224.3300000,191.3300000
11860,2,0.0000000,0.0000000,128.3300000,197.3300000
11860,3,0.0000000,0.0000000,197.0000000,112.0000000
11860,4,0.0000000,0.0000000,340.3299300,30.3300660
11860,5,0.0000000,0.0000000,126.0000000,24.0000000
11870,0,0.0000000,0.0000000,224.3300000,191.3300000
11870,2,0.0000000,0.0000000,128.3300000,197.3300000
11870,3,0.0000000,0.0000000,197.0000000,112.0000000
11870,4,0.0000000,0.0000000,340.3299580,30.3300396
11870,5,0.0000000,0.0000000,126.0000000,24.0000000
11880,0,0.0000000,0.0000000,224.3300000,191.3300000
11880,2,0.0000000,0.0000000,128.3300000,197.3300000
11880,3,0.0000000,0.0000000,197.0000000,112.0000000
11880,4,0.0000000,0.0000000,340.3299748,30.3300238
11880,5,0.0000000,0.0000000,126.0000000,24.0000000
11890,0,0.0000000,0.0000000,224.3300000,191.3300000
11890,2,0.0000000,0.0000000,128.3300000,197.3300000
11890,3,0.0000000,0.0000000,197.0000000,112.0000000
11890,4,0.0000000,0.0000000,340.3299849,30.3300143
11890,5,0.0000000,0.0000000,126.0000000,24.0000000
11900,0,0.0000000,0.0000000,224.3300000,191.3300000
11900,2,0.0000000,0.0000000,128.3300000,197.3300000
11900,3,0.0000000,0.0000000,197.0000000,112.0000000
11900,4,0.0000000,0.0000000,340.3299909,30.3300086
11900,5,0.0000000,0.0000000,126.0000000,24.0000000
11910,0,0.0000000,0.0000000,224.3300000,191.3300000
11910,2,0.0000000,0.0000000,128.3300000,197.3300000
11910,3,0.0000000,0.0000000,197.0000000,112.0000000
11910,4,0.0000000,0.0000000,340.3299946,30.3300051
11910,5,0.0000000,0.0000000,126.0000000,24.0000000
11920,0,0.0000000,0.0000000,224.3300000,191.3300000
11920,2,0.0000000,0.0000000,128.3300000,197.3300000
11920,3,0.0000000,0.0000000,197.0000000,112.0000000
11920,4,0.0000000,0.0000000,340.3299967,30.3300031
11920,5,0.0000000,0.0000000,126.0000000,24.0000000
11930,0,0.0000000,0.0000000,224.3300000,191.3300000
11930,2,0.0000000,0.0000000,128.3300000,197.3300000
11930,3,0.0000000,0.0000000,197.0000000,112.0000000
11930,4,0.0000000,0.0000000,340.3299980,30.3300018
11930,5,0.0000000,0.0000000,126.0000000,24.0000000
11940,0,0.0000000,0.0000000,224.3300000,191.3300000
11940,2,0.0000000,0.0000000,128.3300000,197.3300000
11940,3,0.0000000,0.0000000,197.0000000,112.0000000
11940,4,0.0000000,0.0000000,340.3299988,30.3300011
11940,5,0.0000000,0.0000000,126.0000000,24.0000000
11950,0,0.0000000,0.0000000,224.3300000,191.3300000
11950,2,0.0000000,0.0000000,128.3300000,197.3300000
11950,3,0.0000000,0.0000000,197.0000000,112.0000000
11950,4,0.0000000,0.0000000,340.3299993,30.3300007
11950,5,0.0000000,0.0000000,126.0000000,24.0000000
11960,0,0.0000000,0.0000000,224.3300000,191.3300000
11960,2,0.0000000,0.0000000,128.3300000,197.3300000
11960,3,0.0000000,0.0000000,197.0000000,112.0000000
11960,4,0.0000000,0.0000000,340.3299996,30.3300004
11960,5,0.0000000,0.0000000,126.0000000,24.0000000
11970,0,0.0000000,0.0000000,224.3300000,191.3300000
11970,2,0.0000000,0.0000000,128.3300000,197.3300000
11970,3,0.0000000,0.0000000,197.0000000,112.0000000
11970,4,0.0000000,0.0000000,340.3299997,30.3300002
11970,5,0.0000000,0.0000000,126.0000000,24.0000000
11980,0,0.0000000,0.0000000,224.3300000,191.3300000
11980,2,0.0000000,0.0000000,128.3300000,197.3300000
11980,3,0.0000000,0.0000000,197.0000000,112.0000000
11980,4,0.0000000,0.0000000,340.3299998,30.3300001
11980,5,0.0000000,0.0000000,126.0000000,24.0000000
11990,0,0.0000000,0.0000000,224.3300000,191.3300000
11990,2,0.0000000,0.0000000,128.3300000,197.3300000
11990,3,0.0000000,0.0000000,197.0000000,112.0000000
11990,4,0.0000000,0.0000000,340.3299999,30.3300001
11990,5,0.0000000,0.0000000,126.0000000,24.0000000
12000,0,0.0000000,0.0000000,224.3300000,191.3300000
12000,2,0.0000000,0.0000000,128.3300000,197.3300000
12000,3,0.0000000,0.0000000,197.0000000,112.0000000
12000,4,0.0000000,0.0000000,340.3299999,30.3300001
12000,5,0.0000000,0.0000000,126.0000000,24.0000000
12010,0,0.0000000,0.0000000,224.3300000,191.3300000
12010,2,0.0000000,0.0000000,128.3300000,197.3300000
12010,3,0.0000000,0.0000000,197.0000000,112.0000000
12010,4,0.0000000,0.0000000,340.3300000,30.3300000
12010,5,0.0000000,0.0000000,126.0000000,24.0000000
12020,0,0.0000000,0.0000000,224.3300000,191.3300000
12020,2,0.0000000,0.0000000,128.3300000,197.3300000
12020,3,0.0000000,0.0000000,197.0000000,112.0000000
12020,4,0.0000000,0.0000000,340.3300000,30.3300000
12020,5,0.0000000,0.0000000,126.0000000,24.0000000
12030,0,0.0000000,0.0000000,224.3300000,191.3300000
12030,2,0.0000000,0.0000000,128.3300000,197.3300000
12030,3,0.0000000,0.0000000,197.0000000,112.0000000
12030,4,0.0000000,0.0000000,340.3300000,30.3300000
12030,5,0.0000000,0.0000000,126.0000000,24.0000000
12040,0,0.0000000,0.0000000,224.3300000,191.3300000
12040,2,0.0000000,0.0000000,128.3300000,197.3300000
12040,3,0.0000000,0.0000000,197.0000000,112.0000000
12040,4,0.0000000,0.0000000,340.3300000,30.3300000
12040,5,0.0000000,0.0000000,126.0000000,24.0000000
12050,0,0.0000000,0.0000000,224.3300000,191.3300000
12050,2,0.0000000,0.0000000,128.3300000,197.3300000
12050,3,0.0000000,0.0000000,197.0000000,112.0000000
12050,4,0.0000000,0.0000000,340.3300000,30.3300000
12050,5,0.0000000,0.0000000,126.0000000,24.0000000
12060,0,0.0000000,0.0000000,224.3300000,191.3300000
12060,2,0.0000000,0.0000000,128.3300000,197.3300000
12060,3,0.0000000,0.0000000,197.0000000,112.0000000
12060,4,0.0000000,0.0000000,340.3300000,30.3300000
12060,5,0.0000000,0.0000000,126.0000000,24.0000000
12070,0,0.0000000,0.0000000,224.3300000,191.3300000
12070,2,0.0000000,0.0000000,128.3300000,197.3300000
12070,3,0.0000000,0.0000000,197.0000000,112.0000000
12070,4,0.0000000,0.0000000,340.3300000,30.3300000
12070,5,0.0000000,0.0000000,126.0000000,24.0000000
12080,0,0.0000000,0.0000000,224.3300000,191.3300000
12080,2,0.0000000,0.0000000,128.3300000,197.3300000
12080,3,0.0000000,0.0000000,197.0000000,112.0000000
12080,4,0.0000000,0.0000000,340.3300000,30.3300000
12080,5,0.0000000,0.0000000,126.0000000,24.0000000
12090,0,0.0000000,0.0000000,224.3300000,191.3300000
12090,2,0.0000000,0.0000000,128.3300000,197.3300000
12090,3,0.0000000,0.0000000,197.0000000,112.0000000
12090,4,0.0000000,0.0000000,340.3300000,30.3300000
12090,5,0.0000000,0.0000000,126.0000000,24.0000000
12100,0,0.0000000,0.0000000,224.3300000,191.3300000
12100,2,0.0000000,0.0000000,128.3300000,197.3300000
12100,3,0.0000000,0.0000000,197.0000000,112.0000000
12100,4,0.0000000,0.0000000,340.3300000,30.3300000
12100,5,0.0000000,0.0000000,126.0000000,24.0000000
12110,0,0.0000000,0.0000000,224.3300000,191.3300000
12110,2,0.0000000,0.0000000,128.3300000,197.3300000
12110,3,0.0000000,0.0000000,197.0000000,112.0000000
12110,4,0.0000000,0.0000000,340.3300000,30.3300000
12110,5,0.0000000,0.0000000,126.0000000,24.0000000
12120,0,0.0000000,0.0000000,224.3300000,191.3300000
12120,2,0.0000000,0.0000000,128.3300000,197.3300000
12120,3,0.0000000,0.0000000,197.0000000,112.0000000
12120,4,0.0000000,0.0000000,340.3300000,30.3300000
12120,5,0.0000000,0.0000000,126.0000000,24.0000000
12130,0,0.0000000,0.0000000,224.3300000,191.3300000
12130,2,0.0000000,0.0000000,128.3300000,197.3300000
12130,3,0.0000000,0.0000000,197.0000000,112.0000000
12130,4,0.0000000,0.0000000,340.3300000,30.3300000
12130,5,0.0000000,0.0000000,126.0000000,24.0000000
12140,0,0.0000000,0.0000000,224.3300000,191.3300000
12140,2,0.0000000,0.0000000,128.3300000,197.3300000
12140,3,0.0000000,0.0000000,197.0000000,112.0000000
12140,4,0.0000000,0.0000000,340.3300000,30.3300000
12140,5,0.0000000,0.0000000,126.0000000,24.0000000
12150,0,0.0000000,0.0000000,224.3300000,191.3300000
12150,2,0.0000000,0.0000000,128.3300000,197.3300000
12150,3,0.0000000,0.0000000,197.0000000,112.0000000
12150,4,0.0000000,0.0000000,340.3300000,30.3300000
12150,5,0.0000000,0.0000000,126.0000000,24.0000000
12160,0,0.0000000,0.0000000,224.3300000,191.3300000
12160,2,0.0000000,0.0000000,128.3300000,197.3300000
12160,3,0.0000000,0.0000000,197.0000000,112.0000000
12160,4,0.0000000,0.0000000,340.3300000,30.3300000
12160,5,0.0000000,0.0000000,126.0000000,24.0000000
12170,0,0.0000000,0.0000000,224.3300000,191.3300000
12170,2,0.0000000,0.0000000,128.3300000,197.3300000
12170,3,0.0000000,0.0000000,197.0000000,112.0000000
12170,4,0.0000000,0.0000000,340.3300000,30.3300000
12170,5,0.0000000,0.0000000,126.0000000,24.0000000
12180,0,0.0000000,0.0000000,224.3300000,191.3300000
12180,2,0.0000000,0.0000000,128.3300000,197.3300000
12180,3,0.0000000,0.0000000,197.0000000,112.0000000
12180,4,0.0000000,0.0000000,340.3300000,30.3300000
12180,5,0.0000000,0.0000000,126.0000000,24.0000000
12190,0,0.0000000,0.0000000,224.3300000,191.3300000
12190,2,0.0000000,0.0000000,128.3300000,197.3300000
12190,3,0.0000000,0.0000000,197.0000000,112.0000000
12190,4,0.0000000,0.0000000,340.3300000,30.3300000
12190,5,0.0000000,0.0000000,126.0000000,24.0000000
12200,0,0.0000000,0.0000000,224.3300000,191.3300000
12200,2,0.0000000,0.0000000,128.3300000,197.3300000
12200,3,0.0000000,0.0000000,197.0000000,112.0000000
12200,4,0.0000000,0.0000000,340.3300000,30.3300000
12200,5,0.0000000,0.0000000,126.0000000,24.0000000
12210,0,0.0000000,0.0000000,224.3300000,191.3300000
12210,2,0.0000000,0.0000000,128.3300000,197.3300000
12210,3,0.0000000,0.0000000,197.0000000,112.0000000
12210,4,0.0000000,0.0000000,340.3300000,30.3300000
12210,5,0.0000000,0.0000000,126.0000000,24.0000000
12220,0,0.0000000,0.0000000,224.3300000,191.3300000
12220,2,0.0000000,0.0000000,128.3300000,197.3300000
12220,3,0.0000000,0.0000000,197.0000000,112.0000000
12220,4,0.0000000,0.0000000,340.3300000,30.3300000
12220,5,0.0000000,0.0000000,126.0000000,24.0000000
12230,0,0.0000000,0.0000000,224.3300000,191.3300000
12230,2,0.0000000,0.0000000,128.3300000,197.3300000
12230,3,0.0000000,0.0000000,197.0000000,112.0000000
12230,4,0.0000000,0.0000000,340.3300000,30.3300000
12230,5,0.0000000,0.0000000,126.0000000,24.0000000
12240,0,0.0000000,0.0000000,224.3300000,191.3300000
12240,2,0.0000000,0.0000000,128.3300000,197.3300000
12240,3,0.0000000,0.0000000,197.0000000,112.0000000
12240,4,0.0000000,0.0000000,340.3300000,30.3300000
12240,5,0.0000000,0.0000000,126.0000000,24.0000000
12250,0,0.0000000,0.0000000,224.3300000,191.3300000
12250,2,0.0000000,0.0000000,128.3300000,197.3300000
12250,3,0.0000000,0.0000000,197.0000000,112.0000000
12250,4,0.0000000,0.0000000,340.3300000,30.3300000
12250,5,0.0000000,0.0000000,126.0000000,24.0000000
12260,0,0.0000000,0.0000000,224.3300000,191.3300000
12260,2,0.0000000,0.0000000,128.3300000,197.3300000
12260,3,0.0000000,0.0000000,197.0000000,112.0000000
12260,4,0.0000000,0.0000000,340.3300000,30.3300000
12260,5,0.0000000,0.0000000,126.0000000,24.0000000
12270,0,0.0000000,0.0000000,224.3300000,191.3300000
12270,2,0.0000000,0.0000000,128.3300000,197.3300000
12270,3,0.0000000,0.0000000,197.0000000,112.0000000
12270,4,0.0000000,0.0000000,340.3300000,30.3300000
12270,5,0.0000000,0.0000000,126.0000000,24.0000000
12280,0,0.0000000,0.0000000,224.3300000,191.3300000
12280,2,0.0000000,0.0000000,128.3300000,197.3300000
12280,3,0.0000000,0.0000000,197.0000000,112.0000000
12280,4,0.0000000,0.0000000,340.3300000,30.3300000
12280,5,0.0000000,0.0000000,126.0000000,24.0000000
12290,0,0.0000000,0.0000000,224.3300000,191.3300000
12290,2,0.0000000,0.0000000,128.3300000,197.3300000
12290,3,0.0000000,0.0000000,197.0000000,112.0000000
12290,4,0.0000000,0.0000000,340.3300000,30.3300000
12290,5,0.0000000,0.0000000,126.0000000,24.0000000
12300,0,0.0000000,0.0000000,224.3300000,191.3300000
12300,2,0.0000000,0.0000000,128.3300000,197.3300000
12300,3,0.0000000,0.0000000,197.0000000,112.0000000
12300,4,0.0000000,0.0000000,340.3300000,30.3300000
12300,5,0.0000000,0.0000000,126.0000000,24.0000000
12310,0,0.0000000,0.0000000,224.3300000,191.3300000
12310,2,0.0000000,0.0000000,128.3300000,197.3300000
12310,3,0.0000000,0.0000000,197.0000000,112.0000000
12310,4,0.0000000,0.0000000,340.3300000,30.3300000
12310,5,0.0000000,0.0000000,126.0000000,24.0000000
12320,0,0.0000000,0.0000000,224.3300000,191.3300000
12320,2,0.0000000,0.0000000,128.3300000,197.3300000
12320,3,0.0000000,0.0000000,197.0000000,112.0000000
12320,4,0.0000000,0.0000000,340.3300000,30.3300000
12320,5,0.0000000,0.0000000,126.0000000,24.0000000
12330,0,0.0000000,0.0000000,224.3300000,191.3300000
12330,2,0.0000000,0.0000000,128.3300000,197.3300000
12330,3,0.0000000,0.0000000,197.0000000,112.0000000
12330,4,0.0000000,0.0000000,340.3300000,30.3300000
12330,5,0.0000000,0.0000000,126.0000000,24.0000000
12340,0,0.0000000,0.0000000,224.3300000,191.3300000
12340,2,0.0000000,0.0000000,128.3300000,197.3300000
12340,3,0.0000000,0.0000000,197.0000000,112.0000000
12340,4,0.0000000,0.0000000,340.3300000,30.3300000
12340,5,0.0000000,0.0000000,126.0000000,24.0000000
12350,0,0.0000000,0.0000000,224.3300000,191.3300000
12350,2,0.0000000,0.0000000,128.3300000,197.3300000
12350,3,0.0000000,0.0000000,197.0000000,112.0000000
12350,4,0.0000000,0.0000000,340.3300000,30.3300000
12350,5,0.0000000,0.0000000,126.0000000,24.0000000
12360,0,0.0000000,0.0000000,224.3300000,191.3300000
12360,2,0.0000000,0.0000000,128.3300000,197.3300000
12360,3,0.0000000,0.0000000,197.0000000,112.0000000
12360,4,0.0000000,0.0000000,340.3300000,30.3300000
12360,5,0.0000000,0.0000000,126.0000000,24.0000000
12370,0,0.0000000,0.0000000,224.3300000,191.3300000
12370,2,0.0000000,0.0000000,128.3300000,197.3300000
12370,3,0.0000000,0.0000000,197.0000000,112.0000000
12370,4,0.0000000,0.0000000,340.3300000,30.3300000
12370,5,0.0000000,0.0000000,126.0000000,24.0000000
12380,0,0.0000000,0.0000000,224.3300000,191.3300000
12380,2,0.0000000,0.0000000,128.3300000,197.3300000
12380,3,0.0000000,0.0000000,197.0000000,112.0000000
12380,4,0.0000000,0.0000000,340.3300000,30.3300000
12380,5,0.0000000,0.0000000,126.0000000,24.0000000
12390,0,0.0000000,0.0000000,224.3300000,191.3300000
12390,2,0.0000000,0.0000000,128.3300000,197.3300000
12390,3,0.0000000,0.0000000,197.0000000,112.0000000
12390,4,0.0000000,0.0000000,340.3300000,30.3300000
12390,5,0.0000000,0.0000000,126.0000000,24.0000000
12400,0,0.0000000,0.0000000,224.3300000,191.3300000
12400,2,0.0000000,0.0000000,128.3300000,197.3300000
12400,3,0.0000000,0.0000000,197.0000000,112.0000000
12400,4,0.0000000,0.0000000,340.3300000,30.3300000
12400,5,0.0000000,0.0000000,126.0000000,24.0000000
12410,0,0.0000000,0.0000000,224.3300000,191.3300000
12410,2,0.0000000,0.0000000,128.3300000,197.3300000
12410,3,0.0000000,0.0000000,197.0000000,112.0000000
12410,4,0.0000000,0.0000000,340.3300000,30.3300000
12410,5,0.0000000,0.0000000,126.0000000,24.0000000
12420,0,0.0000000,0.0000000,224.3300000,191.3300000
12420,2,0.0000000,0.0000000,128.3300000,197.3300000
12420,3,0.0000000,0.0000000,197.0000000,112.0000000
12420,4,0.0000000,0.0000000,340.3300000,30.3300000
12420,5,0.0000000,0.0000000,126.0000000,24.0000000
12430,0,0.0000000,0.0000000,224.3300000,191.3300000
12430,2,0.0000000,0.0000000,128.3300000,197.3300000
12430,3,0.0000000,0.0000000,197.0000000,112.0000000
12430,4,0.0000000,0.0000000,340.3300000,30.3300000
12430,5,0.0000000,0.0000000,126.0000000,24.0000000
12440,0,0.0000000,0.0000000,224.3300000,191.3300000
12440,2,0.0000000,0.0000000,128.3300000,197.3300000
12440,3,0.0000000,0.0000000,197.0000000,112.0000000
12440,4,0.0000000,0.0000000,340.3300000,30.3300000
12440,5,0.0000000,0.0000000,126.0000000,24.0000000
12450,0,0.0000000,0.0000000,224.3300000,191.3300000
12450,2,0.0000000,0.0000000,128.3300000,197.3300000
12450,3,0.0000000,0.0000000,197.0000000,112.0000000
12450,4,0.0000000,0.0000000,340.3300000,30.3300000
12450,5,0.0000000,0.0000000,126.0000000,24.0000000
12460,0,0.0000000,0.0000000,224.3300000,191.3300000
12460,2,0.0000000,0.0000000,128.3300000,197.3300000
12460,3,0.0000000,0.0000000,197.0000000,112.0000000
12460,4,0.0000000,0.0000000,340.3300000,30.3300000
12460,5,0.0000000,0.0000000,126.0000000,24.0000000
12470,0,0.0000000,0.0000000,224.3300000,191.3300000
12470,2,0.0000000,0.0000000,128.3300000,197.3300000
12470,3,0.0000000,0.0000000,197.0000000,112.0000000
12470,4,0.0000000,0.0000000,340.3300000,30.3300000
12470,5,0.0000000,0.0000000,126.0000000,24.0000000
12480,0,0.0000000,0.0000000,224.3300000,191.3300000
12480,2,0.0000000,0.0000000,128.3300000,197.3300000
12480,3,0.0000000,0.0000000,197.0000000,112.0000000
12480,4,0.0000000,0.0000000,340.3300000,30.3300000
12480,5,0.0000000,0.0000000,126.0000000,24.0000000
12490,0,0.0000000,0.0000000,224.3300000,191.3300000
12490,2,0.0000000,0.0000000,128.3300000,197.3300000
12490,3,0.0000000,0.0000000,197.0000000,112.0000000
12490,4,0.0000000,0.0000000,340.3300000,30.3300000
12490,5,0.0000000,0.0000000,126.0000000,24.0000000
12500,0,0.0000000,0.0000000,224.3300000,191.3300000
12500,2,0.0000000,0.0000000,128.3300000,197.3300000
12500,3,0.0000000,0.0000000,197.0000000,112.0000000
12500,4,0.0000000,0.0000000,340.3300000,30.3300000
12500,5,0.0000000,0.0000000,126.0000000,24.0000000
12510,0,0.0000000,0.0000000,224.3300000,191.3300000
12510,2,0.0000000,0.0000000,128.3300000,197.3300000
12510,3,0.0000000,0.0000000,197.0000000,112.0000000
12510,4,0.0000000,0.0000000,340.3300000,30.3300000
12510,5,0.0000000,0.0000000,126.0000000,24.0000000
12520,0,0.0000000,0.0000000,224.3300000,191.3300000
12520,2,0.0000000,0.0000000,128.3300000,197.3300000
12520,3,0.0000000,0.0000000,197.0000000,112.0000000
12520,4,0.0000000,0.0000000,340.3300000,30.3300000
12520,5,0.0000000,0.0000000,126.0000000,24.0000000
12530,0,0.0000000,0.0000000,224.3300000,191.3300000
12530,2,0.0000000,0.0000000,128.3300000,197.3300000
12530,3,0.0000000,0.0000000,197.0000000,112.0000000
12530,4,0.0000000,0.0000000,340.3300000,30.3300000
12530,5,0.0000000,0.0000000,126.0000000,24.0000000
12540,0,0.0000000,0.0000000,224.3300000,191.3300000
12540,2,0.0000000,0.0000000,128.3300000,197.3300000
12540,3,0.0000000,0.0000000,197.0000000,112.0000000
12540,4,0.0000000,0.0000000,340.3300000,30.3300000
12540,5,0.0000000,0.0000000,126.0000000,24.0000000
12550,0,0.0000000,0.0000000,224.3300000,191.3300000
12550,2,0.0000000,0.0000000,128.3300000,197.3300000
12550,3,0.0000000,0.0000000,197.0000000,112.0000000
12550,4,0.0000000,0.0000000,340.3300000,30.3300000
12550,5,0.0000000,0.0000000,126.0000000,24.0000000
12560,0,0.0000000,0.0000000,224.3300000,191.3300000
12560,2,0.0000000,0.0000000,128.3300000,197.3300000
12560,3,0.0000000,0.0000000,197.0000000,112.0000000
12560,4,0.0000000,0.0000000,340.3300000,30.3300000
12560,5,0.0000000,0.0000000,126.0000000,24.0000000
12570,0,0.0000000,0.0000000,224.3300000,191.3300000
12570,2,0.0000000,0.0000000,128.3300000,197.3300000
12570,3,0.0000000,0.0000000,197.0000000,112.0000000
12570,4,0.0000000,0.0000000,340.3300000,30.3300000
12570,5,0.0000000,0.0000000,126.0000000,24.0000000
12580,0,0.0000000,0.0000000,224.3300000,191.3300000
12580,2,0.0000000,0.0000000,128.3300000,197.3300000
12580,3,0.0000000,0.0000000,197.0000000,112.0000000
12580,4,0.0000000,0.0000000,340.3300000,30.3300000
12580,5,0.0000000,0.0000000,126.0000000,24.0000000
12590,0,0.0000000,0.0000000,224.3300000,191.3300000
12590,2,0.0000000,0.0000000,128.3300000,197.3300000
12590,3,0.0000000,0.0000000,197.0000000,112.0000000
12590,4,0.0000000,0.0000000,340.3300000,30.3300000
12590,5,0.0000000,0.0000000,126.0000000,24.0000000
12600,0,0.0000000,0.0000000,224.3300000,191.3300000
12600,2,0.0000000,0.0000000,128.3300000,197.3300000
12600,3,0.0000000,0.0000000,197.0000000,112.0000000
12600,4,0.0000000,0.0000000,340.3300000,30.3300000
12600,5,0.0000000,0.0000000,126.0000000,24.0000000
12610,0,0.0000000,0.0000000,224.3300000,191.3300000
12610,2,0.0000000,0.0000000,128.3300000,197.3300000
12610,3,0.0000000,0.0000000,197.0000000,112.0000000
12610,4,0.0000000,0.0000000,340.3300000,30.3300000
12610,5,0.0000000,0.0000000,126.0000000,24.0000000
12620,0,0.0000000,0.0000000,224.3300000,191.3300000
12620,2,0.0000000,0.0000000,128.3300000,197.3300000
12620,3,0.0000000,0.0000000,197.0000000,112.0000000
12620,4,0.0000000,0.0000000,340.3300000,30.3300000
12620,5,0.0000000,0.0000000,126.0000000,24.0000000
12630,0,0.0000000,0.0000000,224.3300000,191.3300000
12630,2,0.0000000,0.0000000,128.3300000,197.3300000
12630,3,0.0000000,0.0000000,197.0000000,112.0000000
12630,4,0.0000000,0.0000000,340.3300000,30.3300000
12630,5,0.0000000,0.0000000,126.0000000,24.0000000
12640,0,0.0000000,0.0000000,224.3300000,191.3300000
12640,2,0.0000000,0.0000000,128.3300000,197.3300000
12640,3,0.0000000,0.0000000,197.0000000,112.0000000
12640,4,0.0000000,0.0000000,340.3300000,30.3300000
12640,5,0.0000000,0.0000000,126.0000000,24.0000000
12650,0,0.0000000,0.0000000,224.3300000,191.3300000
12650,2,0.0000000,0.0000000,128.3300000,197.3300000
12650,3,0.0000000,0.0000000,197.0000000,112.0000000
12650,4,0.0000000,0.0000000,340.3300000,30.3300000
12650,5,0.0000000,0.0000000,126.0000000,24.0000000
12660,0,0.0000000,0.0000000,224.3300000,191.3300000
12660,2,0.0000000,0.0000000,128.3300000,197.3300000
12660,3,0.0000000,0.0000000,197.0000000,112.0000000
12660,4,0.0000000,0.0000000,340.3300000,30.3300000
12660,5,0.0000000,0.0000000,126.0000000,24.0000000
12670,0,0.0000000,0.0000000,224.3300000,191.3300000
12670,2,0.0000000,0.0000000,128.3300000,197.3300000
12670,3,0.0000000,0.0000000,197.0000000,112.0000000
12670,4,0.0000000,0.0000000,340.3300000,30.3300000
12670,5,0.0000000,0.0000000,126.0000000,24.0000000
12680,0,0.0000000,0.0000000,224.3300000,191.3300000
12680,2,0.0000000,0.0000000,128.3300000,197.3300000
12680,3,0.0000000,0.0000000,197.0000000,112.0000000
12680,4,0.0000000,0.0000000,340.3300000,30.3300000
12680,5,0.0000000,0.0000000,126.0000000,24.0000000
12690,0,0.0000000,0.0000000,224.3300000,191.3300000
12690,2,0.0000000,0.0000000,128.3300000,197.3300000
12690,3,0.0000000,0.0000000,197.0000000,112.0000000
12690,4,0.0000000,0.0000000,340.3300000,30.3300000
12690,5,0.0000000,0.0000000,126.0000000,24.0000000
12700,0,0.0000000,0.0000000,224.3300000,191.3300000
12700,2,0.0000000,0.0000000,128.3300000,197.3300000
12700,3,0.0000000,0.0000000,197.0000000,112.0000000
12700,4,0.0000000,0.0000000,340.3300000,30.3300000
12700,5,0.0000000,0.0000000,126.0000000,24.0000000
12710,0,0.0000000,0.0000000,224.3300000,191.3300000
12710,2,0.0000000,0.0000000,128.3300000,197.3300000
12710,3,0.0000000,0.0000000,197.0000000,112.0000000
12710,4,0.0000000,0.0000000,340.3300000,30.3300000
12710,5,0.0000000,0.0000000,126.0000000,24.0000000
12720,0,0.0000000,0.0000000,224.3300000,191.3300000
12720,2,0.0000000,0.0000000,128.3300000,197.3300000
12720,3,0.0000000,0.0000000,197.0000000,112.0000000
12720,4,0.0000000,0.0000000,340.3300000,30.3300000
12720,5,0.0000000,0.0000000,126.0000000,24.0000000
12730,0,0.0000000,0.0000000,224.3300000,191.3300000
12730,2,0.0000000,0.0000000,128.3300000,197.3300000
12730,3,0.0000000,0.0000000,197.0000000,112.0000000
12730,4,0.0000000,0.0000000,340.3300000,30.3300000
12730,5,0.0000000,0.0000000,126.0000000,24.0000000
12740,0,0.0000000,0.0000000,224.3300000,191.3300000
12740,2,0.0000000,0.0000000,128.3300000,197.3300000
12740,3,0.0000000,0.0000000,197.0000000,112.0000000
12740,4,0.0000000,0.0000000,340.3300000,30.3300000
12740,5,0.0000000,0.0000000,126.0000000,24.0000000
12750,0,0.0000000,0.0000000,224.3300000,191.3300000
12750,2,0.0000000,0.0000000,128.3300000,197.3300000
12750,3,0.0000000,0.0000000,197.0000000,112.0000000
12750,4,0.0000000,0.0000000,340.3300000,30.3300000
12750,5,0.0000000,0.0000000,126.0000000,24.0000000
12760,0,0.0000000,0.0000000,224.3300000,191.3300000
12760,2,0.0000000,0.0000000,128.3300000,197.3300000
12760,3,0.0000000,0.0000000,197.0000000,112.0000000
12760,4,0.0000000,0.0000000,340.3300000,30.3300000
12760,5,0.0000000,0.0000000,126.0000000,24.0000000
12770,0,0.0000000,0.0000000,224.3300000,191.3300000
12770,2,0.0000000,0.0000000,128.3300000,197.3300000
12770,3,0.0000000,0.0000000,197.0000000,112.0000000
12770,4,0.0000000,0.0000000,340.3300000,30.3300000
12770,5,0.0000000,0.0000000,126.0000000,24.0000000
12780,0,0.0000000,0.0000000,224.3300000,191.3300000
12780,2,0.0000000,0.0000000,128.3300000,197.3300000
12780,3,0.0000000,0.0000000,197.0000000,112.0000000
12780,4,0.0000000,0.0000000,340.3300000,30.3300000
12780,5,0.0000000,0.0000000,126.0000000,24.0000000
12790,0,0.0000000,0.0000000,224.3300000,191.3300000
12790,2,0.0000000,0.0000000,128.3300000,197.3300000
12790,3,0.0000000,0.0000000,197.0000000,112.0000000
12790,4,0.0000000,0.0000000,340.3300000,30.3300000
12790,5,0.0000000,0.0000000,126.0000000,24.0000000
12800,0,0.0000000,0.0000000,224.3300000,191.3300000
12800,2,0.0000000,0.0000000,128.3300000,197.3300000
12800,3,0.0000000,0.0000000,197.0566957,112.0419604
12800,4,0.0000000,0.0000000,340.3300000,30.3300000
12800,5,0.0000000,0.0000000,126.0000000,24.0000000
12810,0,0.0000000,0.0000000,224.3300000,191.3300000
12810,2,0.0000000,0.0000000,128.3300000,197.3300000
12810,3,0.0000000,0.0000000,197.8607559,112.6370444
12810,4,0.0000000,0.0000000,340.3300000,30.3300000
12810,5,0.0000000,0.0000000,126.0000000,24.0000000
12820,0,0.0000000,0.0000000,224.3300000,191.3300000
12820,2,0.0000000,0.0000000,128.3300000,197.3300000
12820,3,0.0000000,0.0000000,198.6645624,113.2319407
12820,4,0.0000000,0.0000000,340.3300000,30.3300000
12820,5,0.0000000,0.0000000,126.0000000,24.0000000
12830,0,0.0000000,0.0000000,224.3300000,191.3300000
12830,2,0.0000000,0.0000000,128.3300000,197.3300000
12830,3,0.0000000,0.0000000,199.4683663,113.8268351
12830,4,0.0000000,0.0000000,340.3300000,30.3300000
12830,5,0.0000000,0.0000000,126.0000000,24.0000000
12840,0,0.0000000,0.0000000,224.3300000,191.3300000
12840,2,0.0000000,0.0000000,128.3300000,197.3300000
12840,3,0.0000000,0.0000000,200.2721702,114.4217294
12840,4,0.0000000,0.0000000,340.3300000,30.3300000
12840,5,0.0000000,0.0000000,126.0000000,24.0000000
12850,0,0.0000000,0.0000000,224.3300000,191.3300000
12850,2,0.0000000,0.0000000,128.3300000,197.3300000
12850,3,0.0000000,0.0000000,201.0759741,115.0166237
12850,4,0.0000000,0.0000000,340.3300000,30.3300000
12850,5,0.0000000,0.0000000,126.0000000,24.0000000
12860,0,0.0000000,0.0000000,224.3300000,191.3300000
12860,2,0.0000000,0.0000000,128.3300000,197.3300000
12860,3,0.0000000,0.0000000,201.8797781,115.6115181
12860,4,0.0000000,0.0000000,340.3300000,30.3300000
12860,5,0.0000000,0.0000000,126.0000000,24.0000000
12870,0,0.0000000,0.0000000,224.3300000,191.3300000
12870,2,0.0000000,0.0000000,128.3300000,197.3300000
12870,3,0.0000000,0.0000000,202.6835820,116.2064124
12870,4,0.0000000,0.0000000,340.3300000,30.3300000
12870,5,0.0000000,0.0000000,126.0000000,24.0000000
12880,0,0.0000000,0.0000000,224.3300000,191.3300000
12880,2,0.0000000,0.0000000,128.3300000,197.3300000
12880,3,0.0000000,0.0000000,203.4873859,116.8013067
12880,4,0.0000000,0.0000000,340.3300000,30.3300000
12880,5,0.0000000,0.0000000,126.0000000,24.0000000
12890,0,0.0000000,0.0000000,224.3300000,191.3300000
12890,2,0.0000000,0.0000000,128.3300000,197.3300000
12890,3,0.0000000,0.0000000,204.2911898,117.3962011
12890,4,0.0000000,0.0000000,340.3300000,30.3300000
12890,5,0.0000000,0.0000000,126.0000000,24.0000000
12900,0,0.0000000,0.0000000,224.3300000,191.3300000
12900,2,0.0000000,0.0000000,128.3300000,197.3300000
12900,3,0.0000000,0.0000000,205.0949937,117.9910954
12900,4,0.0000000,0.0000000,340.3300000,30.3300000
12900,5,0.0000000,0.0000000,126.0000000,24.0000000
12910,0,0.0000000,0.0000000,224.3300000,191.3300000
12910,2,0.0000000,0.0000000,128.3300000,197.3300000
12910,3,0.0000000,0.0000000,205.8987976,118.5859898
12910,4,0.0000000,0.0000000,340.3300000,30.3300000
12910,5,0.0000000,0.0000000,126.0000000,24.0000000
12920,0,0.0000000,0.0000000,224.3300000,191.3300000
12920,2,0.0000000,0.0000000,128.3300000,197.3300000
12920,3,0.0000000,0.0000000,206.7026015,119.1808841
12920,4,0.0000000,0.0000000,340.3300000,30.3300000
12920,5,0.0000000,0.0000000,126.0000000,24.0000000
12930,0,0.0000000,0.0000000,224.3300000,191.3300000
12930,2,0.0000000,0.0000000,128.3300000,197.3300000
12930,3,0.0000000,0.0000000,207.5064054,119.7757784
12930,4,0.0000000,0.0000000,340.3300000,30.3300000
12930,5,0.0000000,0.0000000,126.0000000,24.0000000
12940,0,0.0000000,0.0000000,224.3300000,191.3300000
12940,2,0.0000000,0.0000000,128.3300000,197.3300000
12940,3,0.0000000,0.0000000,208.3102093,120.3706728
12940,4,0.0000000,0.0000000,340.3300000,30.3300000
12940,5,0.0000000,0.0000000,126.0000000,24.0000000
12950,0,0.0000000,0.0000000,224.3300000,191.3300000
12950,2,0.0000000,0.0000000,128.3300000,197.3300000
12950,3,0.0000000,0.0000000,209.1140132,120.9655671
12950,4,0.0000000,0.0000000,340.3300000,30.3300000
12950,5,0.0000000,0.0000000,126.0000000,24.0000000
12960,0,0.0000000,0.0000000,224.3300000,191.3300000
12960,2,0.0000000,0.0000000,128.3300000,197.3300000
12960,3,0.0000000,0.0000000,209.9178172,121.5604615
12960,4,0.0000000,0.0000000,340.3300000,30.3300000
12960,5,0.0000000,0.0000000,126.0000000,24.0000000
12970,0,0.0000000,0.0000000,224.3300000,191.3300000
12970,2,0.0000000,0.0000000,128.3300000,197.3300000
12970,3,0.0000000,0.0000000,210.7216211,122.1553558
12970,4,0.0000000,0.0000000,340.3300000,30.3300000
12970,5,0.0000000,0.0000000,126.0000000,24.0000000
12980,0,0.0000000,0.0000000,224.3300000,191.3300000
12980,2,0.0000000,0.0000000,128.3300000,197.3300000
12980,3,0.0000000,0.0000000,211.5254250,122.7502501
12980,4,0.0000000,0.0000000,340.3300000,30.3300000
12980,5,0.0000000,0.0000000,126.0000000,24.0000000
12990,0,0.0000000,0.0000000,224.3300000,191.3300000
12990,2,0.0000000,0.0000000,128.3300000,197.3300000
12990,3,0.0000000,0.0000000,212.3292289,123.3451445
12990,4,0.0000000,0.0000000,340.3300000,30.3300000
12990,5,0.0000000,0.0000000,126.0000000,24.0000000
13000,0,0.0000000,0.0000000,224.3300000,191.3300000
13000,2,0.0000000,0.0000000,128.3300000,197.3300000
13000,3,0.0000000,0.0000000,213.1330328,123.9400388
13000,4,0.0000000,0.0000000,340.3300000,30.3300000
13000,5,0.0000000,0.0000000,126.0000000,24.0000000
13010,0,0.0000000,0.0000000,224.3300000,191.3300000
13010,2,0.0000000,0.0000000,128.3300000,197.3300000
13010,3,0.0000000,0.0000000,213.9368367,124.5349332
13010,4,0.0000000,0.0000000,340.3300000,30.3300000
13010,5,0.0000000,0.0000000,126.0000000,24.0000000
13020,0,0.0000000,0.0000000,224.3300000,191.3300000
13020,2,0.0000000,0.0000000,128.3300000,197.3300000
13020,3,0.0000000,0.0000000,214.7406406,125.1298275
13020,4,0.0000000,0.0000000,340.3300000,30.3300000
13020,5,0.0000000,0.0000000,126.0000000,24.0000000
13030,0,0.0000000,0.0000000,224.3300000,191.3300000
13030,2,0.0000000,0.0000000,128.3300000,197.3300000
13030,3,0.0000000,0.0000000,215.5444445,125.7247218
13030,4,0.0000000,0.0000000,340.3300000,30.3300000
13030,5,0.0000000,0.0000000,126.0000000,24.0000000
13040,0,0.0000000,0.0000000,224.3300000,191.3300000
13040,2,0.0000000,0.0000000,128.3300000,197.3300000
13040,3,0.0000000,0.0000000,216.3482484,126.3196162
13040,4,0.0000000,0.0000000,340.3300000,30.3300000
13040,5,0.0000000,0.0000000,126.0000000,24.0000000
13050,0,0.0000000,0.0000000,224.3300000,191.3300000
13050,2,0.0000000,0.0000000,128.3300000,197.3300000
13050,3,0.0000000,0.0000000,217.1520523,126.9145105
13050,4,0.0000000,0.0000000,340.3300000,30.3300000
13050,5,0.0000000,0.0000000,126.0000000,24.0000000
13060,0,0.0000000,0.0000000,224.3300000,191.3300000
13060,2,0.0000000,0.0000000,128.3300000,197.3300000
13060,3,0.0000000,0.0000000,217.9558563,127.5094049
13060,4,0.0000000,0.0000000,340.3300000,30.3300000
13060,5,0.0000000,0.0000000,126.0000000,24.0000000
13070,0,0.0000000,0.0000000,224.3300000,191.3300000
13070,2,0.0000000,0.0000000,128.3300000,197.3300000
13070,3,0.0000000,0.0000000,218.7596602,128.1042992
13070,4,0.0000000,0.0000000,340.3300000,30.3300000
13070,5,0.0000000,0.0000000,126.0000000,24.0000000
13080,0,0.0000000,0.0000000,224.3300000,191.3300000
13080,2,0.0000000,0.0000000,128.3300000,197.3300000
13080,3,0.0000000,0.0000000,219.5634641,128.6991935
13080,4,0.0000000,0.0000000,340.3300000,30.3300000
13080,5,0.0000000,0.0000000,126.0000000,24.0000000
13090,0,0.0000000,0.0000000,224.3300000,191.3300000
13090,2,0.0000000,0.0000000,128.3300000,197.3300000
13090,3,0.0000000,0.0000000,220.3672680,129.2940879
13090,4,0.0000000,0.0000000,340.3300000,30.3300000
13090,5,0.0000000,0.0000000,126.0000000,24.0000000
13100,0,0.0000000,0.0000000,224.3300000,191.3300000
13100,2,0.0000000,0.0000000,128.3300000,197.3300000
13100,3,0.0000000,0.0000000,221.1710719,129.8889822
13100,4,0.0000000,0.0000000,340.3300000,30.3300000
13100,5,0.0000000,0.0000000,126.0000000,24.0000000
13110,0,0.0000000,0.0000000,224.3300000,191.3300000
13110,2,0.0000000,0.0000000,128.3300000,197.3300000
13110,3,0.0000000,0.0000000,221.9748758,130.4838765
13110,4,0.0000000,0.0000000,340.3300000,30.3300000
13110,5,0.0000000,0.0000000,126.0000000,24.0000000
13120,0,0.0000000,0.0000000,224.3300000,191.3300000
13120,2,0.0000000,0.0000000,128.3300000,197.3300000
13120,3,0.0000000,0.0000000,222.7786797,131.0787709
13120,4,0.0000000,0.0000000,340.3300000,30.3300000
13120,5,0.0000000,0.0000000,126.0000000,24.0000000
13130,0,0.0000000,0.0000000,224.3300000,191.3300000
13130,2,0.0000000,0.0000000,128.3300000,197.3300000
13130,3,0.0000000,0.0000000,223.5824836,131.6736652
13130,4,0.0000000,0.0000000,340.3300000,30.3300000
13130,5,0.0000000,0.0000000,126.0000000,24.0000000
13140,0,0.0000000,0.0000000,224.3300000,191.3300000
13140,2,0.0000000,0.0000000,128.3300000,197.3300000
13140,3,0.0000000,0.0000000,224.3862875,132.2685596
13140,4,0.0000000,0.0000000,340.3300000,30.3300000
13140,5,0.0000000,0.0000000,126.0000000,24.0000000
13150,0,0.0000000,0.0000000,224.3300000,191.3300000
13150,2,0.0000000,0.0000000,128.3300000,197.3300000
13150,3,0.0000000,0.0000000,225.1900914,132.8634539
13150,4,0.0000000,0.0000000,340.3300000,30.3300000
13150,5,0.0000000,0.0000000,126.0000000,24.0000000
13160,0,0.0000000,0.0000000,224.3300000,191.3300000
13160,2,0.0000000,0.0000000,128.3300000,197.3300000
13160,3,0.0000000,0.0000000,225.9938953,133.4583482
13160,4,0.0000000,0.0000000,340.3300000,30.3300000
13160,5,0.0000000,0.0000000,126.0000000,24.0000000
13170,0,0.0000000,0.0000000,224.3300000,191.3300000
13170,2,0.0000000,0.0000000,128.3300000,197.3300000
13170,3,0.0000000,0.0000000,226.7976993,134.0532426
13170,4,0.0000000,0.0000000,340.3300000,30.3300000
13170,5,0.0000000,0.0000000,126.0000000,24.0000000
13180,0,0.0000000,0.0000000,224.3300000,191.3300000
13180,2,0.0000000,0.0000000,128.3300000,197.3300000
13180,3,0.0000000,0.0000000,227.6015032,134.6481369
13180,4,0.0000000,0.0000000,340.3300000,30.3300000
13180,5,0.0000000,0.0000000,126.0000000,24.0000000
13190,0,0.0000000,0.0000000,224.3300000,191.3300000
13190,2,0.0000000,0.0000000,128.3300000,197.3300000
13190,3,0.0000000,0.0000000,228.4053071,135.2430313
13190,4,0.0000000,0.0000000,340.3300000,30.3300000
13190,5,0.0000000,0.0000000,126.0000000,24.0000000
13200,0,0.0000000,0.0000000,224.3300000,191.3300000
13200,2,0.0000000,0.0000000,128.3300000,197.3300000
13200,3,0.0000000,0.0000000,229.2091110,135.8379256
13200,4,0.0000000,0.0000000,340.3300000,30.3300000
13200,5,0.0000000,0.0000000,126.0000000,24.0000000
13210,0,0.0000000,0.0000000,224.3300000,191.3300000
13210,2,0.0000000,0.0000000,128.3300000,197.3300000
13210,3,0.0000000,0.0000000,230.0129149,136.4328199
13210,4,0.0000000,0.0000000,340.3300000,30.3300000
13210,5,0.0000000,0.0000000,126.0000000,24.0000000
13220,0,0.0000000,0.0000000,224.3300000,191.3300000
13220,2,0.0000000,0.0000000,128.3300000,197.3300000
13220,3,0.0000000,0.0000000,230.8167188,137.0277143
13220,4,0.0000000,0.0000000,340.3300000,30.3300000
13220,5,0.0000000,0.0000000,126.0000000,24.0000000
13230,0,0.0000000,0.0000000,224.3300000,191.3300000
13230,2,0.0000000,0.0000000,128.3300000,197.3300000
13230,3,0.0000000,0.0000000,231.6205227,137.6226086
13230,4,0.0000000,0.0000000,340.3300000,30.3300000
13230,5,0.0000000,0.0000000,126.0000000,24.0000000
13240,0,0.0000000,0.0000000,224.3300000,191.3300000
13240,2,0.0000000,0.0000000,128.3300000,197.3300000
13240,3,0.0000000,0.0000000,232.4243266,138.2175030
13240,4,0.0000000,0.0000000,340.3300000,30.3300000
13240,5,0.0000000,0.0000000,126.0000000,24.0000000
13250,0,0.0000000,0.0000000,224.3300000,191.3300000
13250,2,0.0000000,0.0000000,128.3300000,197.3300000
13250,3,0.0000000,0.0000000,233.2281305,138.8123973
13250,4,0.0000000,0.0000000,340.3300000,30.3300000
13250,5,0.0000000,0.0000000,126.0000000,24.0000000
13260,0,0.0000000,0.0000000,224.3300000,191.3300000
13260,2,0.0000000,0.0000000,128.3300000,197.3300000
13260,3,0.0000000,0.0000000,234.0319344,139.4072916
13260,4,0.0000000,0.0000000,340.3300000,30.3300000
13260,5,0.0000000,0.0000000,126.0000000,24.0000000
13270,0,0.0000000,0.0000000,224.3300000,191.3300000
13270,2,0.0000000,0.0000000,128.3300000,197.3300000
13270,3,0.0000000,0.0000000,234.8357384,140.0021860
13270,4,0.0000000,0.0000000,340.3300000,30.3300000
13270,5,0.0000000,0.0000000,126.0000000,24.0000000
13280,0,0.0000000,0.0000000,224.3300000,191.3300000
13280,2,0.0000000,0.0000000,128.3300000,197.3300000
13280,3,0.0000000,0.0000000,235.6395423,140.5970803
13280,4,0.0000000,0.0000000,340.3300000,30.3300000
13280,5,0.0000000,0.0000000,126.0000000,24.0000000
13290,0,0.0000000,0.0000000,224.3300000,191.3300000
13290,2,0.0000000,0.0000000,128.3300000,197.3300000
13290,3,0.0000000,0.0000000,236.4433462,141.1919747
13290,4,0.0000000,0.0000000,340.3300000,30.3300000
13290,5,0.0000000,0.0000000,126.0000000,24.0000000
13300,0,0.0000000,0.0000000,224.3300000,191.3300000
13300,2,0.0000000,0.0000000,128.3300000,197.3300000
13300,3,0.0000000,0.0000000,237.2471501,141.7868690
13300,4,0.0000000,0.0000000,340.3300000,30.3300000
13300,5,0.0000000,0.0000000,126.0000000,24.0000000
13310,0,0.0000000,0.0000000,224.3300000,191.3300000
13310,2,0.0000000,0.0000000,128.3300000,197.3300000
13310,3,0.0000000,0.0000000,238.0509540,142.3817633
13310,4,0.0000000,0.0000000,340.3300000,30.3300000
13310,5,0.0000000,0.0000000,126.0000000,24.0000000
13320,0,0.0000000,0.0000000,224.3300000,191.3300000
13320,2,0.0000000,0.0000000,128.3300000,197.3300000
13320,3,0.0000000,0.0000000,238.8547579,142.9766577
13320,4,0.0000000,0.0000000,340.3300000,30.3300000
13320,5,0.0000000,0.0000000,126.0000000,24.0000000
13330,0,0.0000000,0.0000000,224.3300000,191.3300000
13330,2,0.0000000,0.0000000,128.3300000,197.3300000
13330,3,0.0000000,0.0000000,239.6585618,143.5715520
13330,4,0.0000000,0.0000000,340.3300000,30.3300000
13330,5,0.0000000,0.0000000,126.0000000,24.0000000
13340,0,0.0000000,0.0000000,224.3300000,191.3300000
13340,2,0.0000000,0.0000000,128.3300000,197.3300000
13340,3,0.0000000,0.0000000,240.4623657,144.1664464
13340,4,0.0000000,0.0000000,340.3300000,30.3300000
13340,5,0.0000000,0.0000000,126.0000000,24.0000000
13350,0,0.0000000,0.0000000,224.3300000,191.3300000
13350,2,0.0000000,0.0000000,128.3300000,197.3300000
13350,3,0.0000000,0.0000000,241.2661696,144.7613407
13350,4,0.0000000,0.0000000,340.3300000,30.3300000
13350,5,0.0000000,0.0000000,126.0000000,24.0000000
13360,0,0.0000000,0.0000000,224.3300000,191.3300000
13360,2,0.0000000,0.0000000,128.3300000,197.3300000
13360,3,0.0000000,0.0000000,242.0699735,145.3562350
13360,4,0.0000000,0.0000000,340.3300000,30.3300000
13360,5,0.0000000,0.0000000,126.0000000,24.0000000
13370,0,0.0000000,0.0000000,224.3300000,191.3300000
13370,2,0.0000000,0.0000000,128.3300000,197.3300000
13370,3,0.0000000,0.0000000,242.8737775,145.9511294
13370,4,0.0000000,0.0000000,340.3300000,30.3300000
13370,5,0.0000000,0.0000000,126.0000000,24.0000000
13380,0,0.0000000,0.0000000,224.3300000,191.3300000
13380,2,0.0000000,0.0000000,128.3300000,197.3300000
13380,3,0.0000000,0.0000000,243.6775814,146.5460237
13380,4,0.0000000,0.0000000,340.3300000,30.3300000
13380,5,0.0000000,0.0000000,126.0000000,24.0000000
13390,0,0.0000000,0.0000000,224.3300000,191.3300000
13390,2,0.0000000,0.0000000,128.3300000,197.3300000
13390,3,0.0000000,0.0000000,244.4813853,147.1409180
13390,4,0.0000000,0.0000000,340.3300000,30.3300000
13390,5,0.0000000,0.0000000,126.0000000,24.0000000
13400,0,0.0000000,0.0000000,224.3300000,191.3300000
13400,2,0.0000000,0.0000000,128.3300000,197.3300000
13400,3,0.0000000,0.0000000,245.2851892,147.7358124
13400,4,0.0000000,0.0000000,340.3300000,30.3300000
13400,5,0.0000000,0.0000000,126.0000000,24.0000000
13410,0,0.0000000,0.0000000,224.3300000,191.3300000
13410,2,0.0000000,0.0000000,128.3300000,197.3300000
13410,3,0.0000000,0.0000000,246.0889931,148.3307067
13410,4,0.0000000,0.0000000,340.3300000,30.3300000
13410,5,0.0000000,0.0000000,126.0000000,24.0000000
13420,0,0.0000000,0.0000000,224.3300000,191.3300000
13420,2,0.0000000,0.0000000,128.3300000,197.3300000
13420,3,0.0000000,0.0000000,246.8927970,148.9256011
13420,4,0.0000000,0.0000000,340.3300000,30.3300000
13420,5,0.0000000,0.0000000,126.0000000,24.0000000
13430,0,0.0000000,0.0000000,224.3300000,191.3300000
13430,2,0.0000000,0.0000000,128.3300000,197.3300000
13430,3,0.0000000,0.0000000,247.6966009,149.5204954
13430,4,0.0000000,0.0000000,340.3300000,30.3300000
13430,5,0.0000000,0.0000000,126.0000000,24.0000000
13440,0,0.0000000,0.0000000,224.3300000,191.3300000
13440,2,0.0000000,0.0000000,128.3300000,197.3300000
13440,3,0.0000000,0.0000000,248.5004048,150.1153897
13440,4,0.0000000,0.0000000,340.3300000,30.3300000
13440,5,0.0000000,0.0000000,126.0000000,24.0000000
13450,0,0.0000000,0.0000000,224.3300000,191.3300000
13450,2,0.0000000,0.0000000,128.3300000,197.3300000
13450,3,0.0000000,0.0000000,249.3042087,150.7102841
13450,4,0.0000000,0.0000000,340.3300000,30.3300000
13450,5,0.0000000,0.0000000,126.0000000,24.0000000
13460,0,0.0000000,0.0000000,224.3300000,191.3300000
13460,2,0.0000000,0.0000000,128.3300000,197.3300000
13460,3,0.0000000,0.0000000,250.1080126,151.3051784
13460,4,0.0000000,0.0000000,340.3300000,30.3300000
13460,5,0.0000000,0.0000000,126.0000000,24.0000000
13470,0,0.0000000,0.0000000,224.3300000,191.3300000
13470,2,0.0000000,0.0000000,128.3300000,197.3300000
13470,3,0.0000000,0.0000000,250.9118165,151.9000728
13470,4,0.0000000,0.0000000,340.3300000,30.3300000
13470,5,0.0000000,0.0000000,126.0000000,24.0000000
13480,0,0.0000000,0.0000000,224.3300000,191.3300000
13480,2,0.0000000,0.0000000,128.3300000,197.3300000
13480,3,0.0000000,0.0000000,251.7156205,152.4949671
13480,4,0.0000000,0.0000000,340.3300000,30.3300000
13480,5,0.0000000,0.0000000,126.0000000,24.0000000
13490,0,0.0000000,0.0000000,224.3300000,191.3300000
13490,2,0.0000000,0.0000000,128.3300000,197.3300000
13490,3,0.0000000,0.0000000,252.5194244,153.0898614
13490,4,0.0000000,0.0000000,340.3300000,30.3300000
13490,5,0.0000000,0.0000000,126.0000000,24.0000000
13500,0,0.0000000,0.0000000,224.3300000,191.3300000
13500,2,0.0000000,0.0000000,128.3300000,197.3300000
13500,3,0.0000000,0.0000000,253.3232283,153.6847558
13500,4,0.0000000,0.0000000,340.3300000,30.3300000
13500,5,0.0000000,0.0000000,126.0000000,24.0000000
13510,0,0.0000000,0.0000000,224.3300000,191.3300000
13510,2,0.0000000,0.0000000,128.3300000,197.3300000
13510,3,0.0000000,0.0000000,254.1270322,154.2796501
13510,4,0.0000000,0.0000000,340.3300000,30.3300000
13510,5,0.0000000,0.0000000,126.0000000,24.0000000
13520,0,0.0000000,0.0000000,224.3300000,191.3300000
13520,2,0.0000000,0.0000000,128.3300000,197.3300000
13520,3,0.0000000,0.0000000,254.9308361,154.8745445
13520,4,0.0000000,0.0000000,340.3300000,30.3300000
13520,5,0.0000000,0.0000000,126.0000000,24.0000000
13530,0,0.0000000,0.0000000,224.3300000,191.3300000
13530,2,0.0000000,0.0000000,128.3300000,197.3300000
13530,3,0.0000000,0.0000000,255.7346400,155.4694388
13530,4,0.0000000,0.0000000,340.3300000,30.3300000
13530,5,0.0000000,0.0000000,126.0000000,24.0000000
13540,0,0.0000000,0.0000000,224.3300000,191.3300000
13540,2,0.0000000,0.0000000,128.3300000,197.3300000
13540,3,0.0000000,0.0000000,256.5384439,156.0643331
13540,4,0.0000000,0.0000000,340.3300000,30.3300000
13540,5,0.0000000,0.0000000,126.0000000,24.0000000
13550,0,0.0000000,0.0000000,224.3300000,191.3300000
13550,2,0.0000000,0.0000000,128.3300000,197.3300000
13550,3,0.0000000,0.0000000,257.3422478,156.6592275
13550,4,0.0000000,0.0000000,340.3300000,30.3300000
13550,5,0.0000000,0.0000000,126.0000000,24.0000000
13560,0,0.0000000,0.0000000,224.3300000,191.3300000
13560,2,0.0000000,0.0000000,128.3300000,197.3300000
13560,3,0.0000000,0.0000000,258.1460517,157.2541218
13560,4,0.0000000,0.0000000,340.3300000,30.3300000
13560,5,0.0000000,0.0000000,126.0000000,24.0000000
13570,0,0.0000000,0.0000000,224.3300000,191.3300000
13570,2,0.0000000,0.0000000,128.3300000,197.3300000
13570,3,0.0000000,0.0000000,258.9498556,157.8490162
13570,4,0.0000000,0.0000000,340.3300000,30.3300000
13570,5,0.0000000,0.0000000,126.0000000,24.0000000
13580,0,0.0000000,0.0000000,224.3300000,191.3300000
13580,2,0.0000000,0.0000000,128.3300000,197.3300000
13580,3,0.0000000,0.0000000,259.7536596,158.4439105
13580,4,0.0000000,0.0000000,340.3300000,30.3300000
13580,5,0.0000000,0.0000000,126.0000000,24.0000000
13590,0,0.0000000,0.0000000,224.3300000,191.3300000
13590,2,0.0000000,0.0000000,128.3300000,197.3300000
13590,3,0.0000000,0.0000000,260.5574635,159.0388048
13590,4,0.0000000,0.0000000,340.3300000,30.3300000
13590,5,0.0000000,0.0000000,126.0000000,24.0000000
13600,0,0.0000000,0.0000000,224.3300000,191.3300000
13600,2,0.0000000,0.0000000,128.3300000,197.3300000
13600,3,0.0000000,0.0000000,261.3612674,159.6336992
13600,4,0.0000000,0.0000000,340.3300000,30.3300000
13600,5,0.0000000,0.0000000,126.0000000,24.0000000
13610,0,0.0000000,0.0000000,224.3300000,191.3300000
13610,2,0.0000000,0.0000000,128.3300000,197.3300000
13610,3,0.0000000,0.0000000,262.1650713,160.2285935
13610,4,0.0000000,0.0000000,340.3300000,30.3300000
13610,5,0.0000000,0.0000000,126.0000000,24.0000000
13620,0,0.0000000,0.0000000,224.3300000,191.3300000
13620,2,0.0000000,0.0000000,128.3300000,197.3300000
13620,3,0.0000000,0.0000000,262.9688752,160.8234878
13620,4,0.0000000,0.0000000,340.3300000,30.3300000
13620,5,0.0000000,0.0000000,126.0000000,24.0000000
13630,0,0.0000000,0.0000000,224.3300000,191.3300000
13630,2,0.0000000,0.0000000,128.3300000,197.3300000
13630,3,0.0000000,0.0000000,263.7726791,161.4183822
13630,4,0.0000000,0.0000000,340.3300000,30.3300000
13630,5,0.0000000,0.0000000,126.0000000,24.0000000
13640,0,0.0000000,0.0000000,224.3300000,191.3300000
13640,2,0.0000000,0.0000000,128.3300000,197.3300000
13640,3,0.0000000,0.0000000,264.5764830,162.0132765
13640,4,0.0000000,0.0000000,340.3300000,30.3300000
13640,5,0.0000000,0.0000000,126.0000000,24.0000000
13650,0,0.0000000,0.0000000,224.3300000,191.3300000
13650,2,0.0000000,0.0000000,128.3300000,197.3300000
13650,3,0.0000000,0.0000000,265.3802869,162.6081709
13650,4,0.0000000,0.0000000,340.3300000,30.3300000
13650,5,0.0000000,0.0000000,126.0000000,24.0000000
13660,0,0.0000000,0.0000000,224.3300000,191.3300000
13660,2,0.0000000,0.0000000,128.3300000,197.3300000
13660,3,0.0000000,0.0000000,266.1840908,163.2030652
13660,4,0.0000000,0.0000000,340.3300000,30.3300000
13660,5,0.0000000,0.0000000,126.0000000,24.0000000
13670,0,0.0000000,0.0000000,224.3300000,191.3300000
13670,2,0.0000000,0.0000000,128.3300000,197.3300000
13670,3,0.0000000,0.0000000,266.9878947,163.7979595
13670,4,0.0000000,0.0000000,340.3300000,30.3300000
13670,5,0.0000000,0.0000000,126.0000000,24.0000000
13680,0,0.0000000,0.0000000,224.3300000,191.3300000
13680,2,0.0000000,0.0000000,128.3300000,197.3300000
13680,3,0.0000000,0.0000000,267.7916987,164.3928539
13680,4,0.0000000,0.0000000,340.3300000,30.3300000
13680,5,0.0000000,0.0000000,126.0000000,24.0000000
13690,0,0.0000000,0.0000000,224.3300000,191.3300000
13690,2,0.0000000,0.0000000,128.3300000,197.3300000
13690,3,0.0000000,0.0000000,268.5955026,164.9877482
13690,4,0.0000000,0.0000000,340.3300000,30.3300000
13690,5,0.0000000,0.0000000,126.0000000,24.0000000
13700,0,0.0000000,0.0000000,224.3300000,191.3300000
13700,2,0.0000000,0.0000000,128.3300000,197.3300000
13700,3,0.0000000,0.0000000,269.3993065,165.5826426
13700,4,0.0000000,0.0000000,340.3300000,30.3300000
13700,5,0.0000000,0.0000000,126.0000000,24.0000000
13710,0,0.0000000,0.0000000,224.3300000,191.3300000
13710,2,0.0000000,0.0000000,128.3300000,197.3300000
13710,3,0.0000000,0.0000000,270.2031104,166.1775369
13710,4,0.0000000,0.0000000,340.3300000,30.3300000
13710,5,0.0000000,0.0000000,126.0000000,24.0000000
13720,0,0.0000000,0.0000000,224.3300000,191.3300000
13720,2,0.0000000,0.0000000,128.3300000,197.3300000
13720,3,0.0000000,0.0000000,271.0069143,166.7724312
13720,4,0.0000000,0.0000000,340.3300000,30.3300000
13720,5,0.0000000,0.0000000,126.0000000,24.0000000
13730,0,0.0000000,0.0000000,224.3300000,191.3300000
13730,2,0.0000000,0.0000000,128.3300000,197.3300000
13730,3,0.0000000,0.0000000,271.8107182,167.3673256
13730,4,0.0000000,0.0000000,340.3300000,30.3300000
13730,5,0.0000000,0.0000000,126.0000000,24.0000000
13740,0,0.0000000,0.0000000,224.3300000,191.3300000
13740,2,0.0000000,0.0000000,128.3300000,197.3300000
13740,3,0.0000000,0.0000000,272.6145221,167.9622199
13740,4,0.0000000,0.0000000,340.3300000,30.3300000
13740,5,0.0000000,0.0000000,126.0000000,24.0000000
13750,0,0.0000000,0.0000000,224.3300000,191.3300000
13750,2,0.0000000,0.0000000,128.3300000,197.3300000
13750,3,0.0000000,0.0000000,273.4183260,168.5571143
13750,4,0.0000000,0.0000000,340.3300000,30.3300000
13750,5,0.0000000,0.0000000,126.0000000,24.0000000
13760,0,0.0000000,0.0000000,224.3300000,191.3300000
13760,2,0.0000000,0.0000000,128.3300000,197.3300000
13760,3,0.0000000,0.0000000,274.2221299,169.1520086
13760,4,0.0000000,0.0000000,340.3300000,30.3300000
13760,5,0.0000000,0.0000000,126.0000000,24.0000000
13770,0,0.0000000,0.0000000,224.3300000,191.3300000
13770,2,0.0000000,0.0000000,128.3300000,197.3300000
13770,3,0.0000000,0.0000000,275.0259338,169.7469029
13770,4,0.0000000,0.0000000,340.3300000,30.3300000
13770,5,0.0000000,0.0000000,126.0000000,24.0000000
13780,0,0.0000000,0.0000000,224.3300000,191.3300000
13780,2,0.0000000,0.0000000,128.3300000,197.3300000
13780,3,0.0000000,0.0000000,275.8297377,170.3417973
13780,4,0.0000000,0.0000000,340.3300000,30.3300000
13780,5,0.0000000,0.0000000,126.0000000,24.0000000
13790,0,0.0000000,0.0000000,224.3300000,191.3300000
13790,2,0.0000000,0.0000000,128.3300000,197.3300000
13790,3,0.0000000,0.0000000,276.6335417,170.9366916
13790,4,0.0000000,0.0000000,340.3300000,30.3300000
13790,5,0.0000000,0.0000000,126.0000000,24.0000000
13800,0,0.0000000,0.0000000,224.3300000,191.3300000
13800,2,0.0000000,0.0000000,128.3300000,197.3300000
13800,3,0.0000000,0.0000000,277.4373456,171.5315860
13800,4,0.0000000,0.0000000,340.3300000,30.3300000
13800,5,0.0000000,0.0000000,126.0000000,24.0000000
13810,0,0.0000000,0.0000000,224.3300000,191.3300000
13810,2,0.0000000,0.0000000,128.3300000,197.3300000
13810,3,0.0000000,0.0000000,278.2411495,172.1264803
13810,4,0.0000000,0.0000000,340.3300000,30.3300000
13810,5,0.0000000,0.0000000,126.0000000,24.0000000
13820,0,0.0000000,0.0000000,224.3300000,191.3300000
13820,2,0.0000000,0.0000000,128.3300000,197.3300000
13820,3,0.0000000,0.0000000,279.0449534,172.7213746
13820,4,0.0000000,0.0000000,340.3300000,30.3300000
13820,5,0.0000000,0.0000000,126.0000000,24.0000000
13830,0,0.0000000,0.0000000,224.3300000,191.3300000
13830,2,0.0000000,0.0000000,128.3300000,197.3300000
13830,3,0.0000000,0.0000000,279.8487573,173.3162690
13830,4,0.0000000,0.0000000,340.3300000,30.3300000
13830,5,0.0000000,0.0000000,126.0000000,24.0000000
13840,0,0.0000000,0.0000000,224.3300000,191.3300000
13840,2,0.0000000,0.0000000,128.3300000,197.3300000
13840,3,0.0000000,0.0000000,280.6525612,173.9111633
13840,4,0.0000000,0.0000000,340.3300000,30.3300000
13840,5,0.0000000,0.0000000,126.0000000,24.0000000
13850,0,0.0000000,0.0000000,224.3300000,191.3300000
13850,2,0.0000000,0.0000000,128.3300000,197.3300000
13850,3,0.0000000,0.0000000,281.4563651,174.5060577
13850,4,0.0000000,0.0000000,340.3300000,30.3300000
13850,5,0.0000000,0.0000000,126.0000000,24.0000000
13860,0,0.0000000,0.0000000,224.3300000,191.3300000
13860,2,0.0000000,0.0000000,128.3300000,197.3300000
13860,3,0.0000000,0.0000000,282.2601690,175.1009520
13860,4,0.0000000,0.0000000,340.3300000,30.3300000
13860,5,0.0000000,0.0000000,126.0000000,24.0000000
13870,0,0.0000000,0.0000000,224.3300000,191.3300000
13870,2,0.0000000,0.0000000,128.3300000,197.3300000
13870,3,0.0000000,0.0000000,283.0639729,175.6958463
13870,4,0.0000000,0.0000000,340.3300000,30.3300000
13870,5,0.0000000,0.0000000,126.0000000,24.0000000
13880,0,0.0000000,0.0000000,224.3300000,191.3300000
13880,2,0.0000000,0.0000000,128.3300000,197.3300000
13880,3,0.0000000,0.0000000,283.8677768,176.2907407
13880,4,0.0000000,0.0000000,340.3300000,30.3300000
13880,5,0.0000000,0.0000000,126.0000000,24.0000000
13890,0,0.0000000,0.0000000,224.3300000,191.3300000
13890,2,0.0000000,0.0000000,128.3300000,197.3300000
13890,3,0.0000000,0.0000000,284.6715808,176.8856350
13890,4,0.0000000,0.0000000,340.3300000,30.3300000
13890,5,0.0000000,0.0000000,126.0000000,24.0000000
13900,0,0.0000000,0.0000000,224.3300000,191.3300000
13900,2,0.0000000,0.0000000,128.3300000,197.3300000
13900,3,0.0000000,0.0000000,285.4753847,177.4805293
13900,4,0.0000000,0.0000000,340.3300000,30.3300000
13900,5,0.0000000,0.0000000,126.0000000,24.0000000
13910,0,0.0000000,0.0000000,224.3300000,191.3300000
13910,2,0.0000000,0.0000000,128.3300000,197.3300000
13910,3,0.0000000,0.0000000,286.2791886,178.0754237
13910,4,0.0000000,0.0000000,340.3300000,30.3300000
13910,5,0.0000000,0.0000000,126.0000000,24.0000000
13920,0,0.0000000,0.0000000,224.3300000,191.3300000
13920,2,0.0000000,0.0000000,128.3300000,197.3300000
13920,3,0.0000000,0.0000000,287.0829925,178.6703180
13920,4,0.0000000,0.0000000,340.3300000,30.3300000
13920,5,0.0000000,0.0000000,126.0000000,24.0000000
13930,0,0.0000000,0.0000000,224.3300000,191.3300000
13930,2,0.0000000,0.0000000,128.3300000,197.3300000
13930,3,0.0000000,0.0000000,287.8867964,179.2652124
13930,4,0.0000000,0.0000000,340.3300000,30.3300000
13930,5,0.0000000,0.0000000,126.0000000,24.0000000
13940,0,0.0000000,0.0000000,224.3300000,191.3300000
13940,2,0.0000000,0.0000000,128.3300000,197.3300000
13940,3,0.0000000,0.0000000,288.6906003,179.8601067
13940,4,0.0000000,0.0000000,340.3300000,30.3300000
13940,5,0.0000000,0.0000000,126.0000000,24.0000000
13950,0,0.0000000,0.0000000,224.3300000,191.3300000
13950,2,0.0000000,0.0000000,128.3300000,197.3300000
13950,3,0.0000000,0.0000000,289.4944042,180.4550010
13950,4,0.0000000,0.0000000,340.3300000,30.3300000
13950,5,0.0000000,0.0000000,126.0000000,24.0000000
13960,0,0.0000000,0.0000000,224.3300000,191.3300000
13960,2,0.0000000,0.0000000,128.3300000,197.3300000
13960,3,0.0000000,0.0000000,290.2982081,181.0498954
13960,4,0.0000000,0.0000000,340.3300000,30.3300000
13960,5,0.0000000,0.0000000,126.0000000,24.0000000
13970,0,0.0000000,0.0000000,224.3300000,191.3300000
13970,2,0.0000000,0.0000000,128.3300000,197.3300000
13970,3,0.0000000,0.0000000,291.1020120,181.6447897
13970,4,0.0000000,0.0000000,340.3300000,30.3300000
13970,5,0.0000000,0.0000000,126.0000000,24.0000000
13980,0,0.0000000,0.0000000,224.3300000,191.3300000
13980,2,0.0000000,0.0000000,128.3300000,197.3300000
13980,3,0.0000000,0.0000000,291.9058159,182.2396841
13980,4,0.0000000,0.0000000,340.3300000,30.3300000
13980,5,0.0000000,0.0000000,126.0000000,24.0000000
13990,0,0.0000000,0.0000000,224.3300000,191.3300000
13990,2,0.0000000,0.0000000,128.3300000,197.3300000
13990,3,0.0000000,0.0000000,292.7096199,182.8345784
13990,4,0.0000000,0.0000000,340.3300000,30.3300000
13990,5,0.0000000,0.0000000,126.0000000,24.0000000
14000,0,0.0000000,0.0000000,224.3300000,191.3300000
14000,2,0.0000000,0.0000000,128.3300000,197.3300000
14000,3,0.0000000,0.0000000,293.5134238,183.4294727
14000,4,0.0000000,0.0000000,340.3300000,30.3300000
14000,5,0.0000000,0.0000000,126.0000000,24.0000000
14010,0,0.0000000,0.0000000,224.3300000,191.3300000
14010,2,0.0000000,0.0000000,128.3300000,197.3300000
14010,3,0.0000000,0.0000000,294.3172277,184.0243671
14010,4,0.0000000,0.0000000,340.3300000,30.3300000
14010,5,0.0000000,0.0000000,126.0000000,24.0000000
14020,0,0.0000000,0.0000000,224.3300000,191.3300000
14020,2,0.0000000,0.0000000,128.3300000,197.3300000
14020,3,0.0000000,0.0000000,295.1210316,184.6192614
14020,4,0.0000000,0.0000000,340.3300000,30.3300000
14020,5,0.0000000,0.0000000,126.0000000,24.0000000
14030,0,0.0000000,0.0000000,224.3300000,191.3300000
14030,2,0.0000000,0.0000000,128.3300000,197.3300000
14030,3,0.0000000,0.0000000,295.9248355,185.2141558
14030,4,0.0000000,0.0000000,340.3300000,30.3300000
14030,5,0.0000000,0.0000000,126.0000000,24.0000000
14040,0,0.0000000,0.0000000,224.3300000,191.3300000
14040,2,0.0000000,0.0000000,128.3300000,197.3300000
14040,3,0.0000000,0.0000000,296.7286394,185.8090501
14040,4,0.0000000,0.0000000,340.3300000,30.3300000
14040,5,0.0000000,0.0000000,126.0000000,24.0000000
14050,0,0.0000000,0.0000000,224.3300000,191.3300000
14050,2,0.0000000,0.0000000,128.3300000,197.3300000
14050,3,0.0000000,0.0000000,297.5324433,186.4039444
14050,4,0.0000000,0.0000000,340.3300000,30.3300000
14050,5,0.0000000,0.0000000,126.0000000,24.0000000
14060,0,0.0000000,0.0000000,224.3300000,191.3300000
14060,2,0.0000000,0.0000000,128.3300000,197.3300000
14060,3,0.0000000,0.0000000,298.3362472,186.9988388
14060,4,0.0000000,0.0000000,340.3300000,30.3300000
14060,5,0.0000000,0.0000000,126.0000000,24.0000000
14070,0,0.0000000,0.0000000,224.3300000,191.3300000
14070,2,0.0000000,0.0000000,128.3300000,197.3300000
14070,3,0.0000000,0.0000000,299.1400511,187.5937331
14070,4,0.0000000,0.0000000,340.3300000,30.3300000
14070,5,0.0000000,0.0000000,126.0000000,24.0000000
14080,0,0.0000000,0.0000000,224.3300000,191.3300000
14080,2,0.0000000,0.0000000,128.3300000,197.3300000
14080,3,0.0000000,0.0000000,299.9438550,188.1886275
14080,4,0.0000000,0.0000000,340.3300000,30.3300000
14080,5,0.0000000,0.0000000,126.0000000,24.0000000
14090,0,0.0000000,0.0000000,224.3300000,191.3300000
14090,2,0.0000000,0.0000000,128.3300000,197.3300000
14090,3,0.0000000,0.0000000,300.7476589,188.7835218
14090,4,0.0000000,0.0000000,340.3300000,30.3300000
14090,5,0.0000000,0.0000000,126.0000000,24.0000000
14100,0,0.0000000,0.0000000,224.3300000,191.3300000
14100,2,0.0000000,0.0000000,128.3300000,197.3300000
14100,3,0.0000000,0.0000000,301.5514629,189.3784161
14100,4,0.0000000,0.0000000,340.3300000,30.3300000
14100,5,0.0000000,0.0000000,126.0000000,24.0000000
14110,0,0.0000000,0.0000000,224.3300000,191.3300000
14110,2,0.0000000,0.0000000,128.3300000,197.3300000
14110,3,0.0000000,0.0000000,302.3552668,189.9733105
14110,4,0.0000000,0.0000000,340.3300000,30.3300000
14110,5,0.0000000,0.0000000,126.0000000,24.0000000
14120,0,0.0000000,0.0000000,224.3300000,191.3300000
14120,2,0.0000000,0.0000000,128.3300000,197.3300000
14120,3,0.0000000,0.0000000,303.1590707,190.5682048
14120,4,0.0000000,0.0000000,340.3300000,30.3300000
14120,5,0.0000000,0.0000000,126.0000000,24.0000000
14130,0,0.0000000,0.0000000,224.3300000,191.3300000
14130,2,0.0000000,0.0000000,128.3300000,197.3300000
14130,3,0.0000000,0.0000000,303.9628746,191.1630991
14130,4,0.0000000,0.0000000,340.3300000,30.3300000
14130,5,0.0000000,0.0000000,126.0000000,24.0000000
14140,0,0.0000000,0.0000000,224.3300000,191.3300000
14140,2,0.0000000,0.0000000,128.3300000,197.3300000
14140,3,0.0000000,0.0000000,304.7666785,191.7579935
14140,4,0.0000000,0.0000000,340.3300000,30.3300000
14140,5,0.0000000,0.0000000,126.0000000,24.0000000
14150,0,0.0000000,0.0000000,224.3300000,191.3300000
14150,2,0.0000000,0.0000000,128.3300000,197.3300000
14150,3,0.0000000,0.0000000,305.5704824,192.3528878
14150,4,0.0000000,0.0000000,340.3300000,30.3300000
14150,5,0.0000000,0.0000000,126.0000000,24.0000000
14160,0,0.0000000,0.0000000,224.3300000,191.3300000
14160,2,0.0000000,0.0000000,128.3300000,197.3300000
14160,3,0.0000000,0.0000000,306.3742863,192.9477822
14160,4,0.0000000,0.0000000,340.3300000,30.3300000
14160,5,0.0000000,0.0000000,126.0000000,24.0000000
14170,0,0.0000000,0.0000000,224.3300000,191.3300000
14170,2,0.0000000,0.0000000,128.3300000,197.3300000
14170,3,0.0000000,0.0000000,307.1780902,193.5426765
14170,4,0.0000000,0.0000000,340.3300000,30.3300000
14170,5,0.0000000,0.0000000,126.0000000,24.0000000
14180,0,0.0000000,0.0000000,224.3300000,191.3300000
14180,2,0.0000000,0.0000000,128.3300000,197.3300000
14180,3,0.0000000,0.0000000,307.9818941,194.1375708
14180,4,0.0000000,0.0000000,340.3300000,30.3300000
14180,5,0.0000000,0.0000000,126.0000000,24.0000000
14190,0,0.0000000,0.0000000,224.3300000,191.3300000
14190,2,0.0000000,0.0000000,128.3300000,197.3300000
14190,3,0.0000000,0.0000000,308.7856980,194.7324652
14190,4,0.0000000,0.0000000,340.3300000,30.3300000
14190,5,0.0000000,0.0000000,126.0000000,24.0000000
14200,0,0.0000000,0.0000000,224.3300000,191.3300000
14200,2,0.0000000,0.0000000,128.3300000,197.3300000
14200,3,0.0000000,0.0000000,309.5895020,195.3273595
14200,4,0.0000000,0.0000000,340.3300000,30.3300000
14200,5,0.0000000,0.0000000,126.0000000,24.0000000
14210,0,0.0000000,0.0000000,224.3300000,191.3300000
14210,2,0.0000000,0.0000000,128.3300000,197.3300000
14210,3,0.0000000,0.0000000,310.3933059,195.9222539
14210,4,0.0000000,0.0000000,340.3300000,30.3300000
14210,5,0.0000000,0.0000000,126.0000000,24.0000000
14220,0,0.0000000,0.0000000,224.3300000,191.3300000
14220,2,0.0000000,0.0000000,128.3300000,197.3300000
14220,3,0.0000000,0.0000000,311.1971098,196.5171482
14220,4,0.0000000,0.0000000,340.3300000,30.3300000
14220,5,0.0000000,0.0000000,126.0000000,24.0000000
14230,0,0.0000000,0.0000000,224.3300000,191.3300000
14230,2,0.0000000,0.0000000,128.3300000,197.3300000
14230,3,0.0000000,0.0000000,312.0009137,197.1120425
14230,4,0.0000000,0.0000000,340.3300000,30.3300000
14230,5,0.0000000,0.0000000,126.0000000,24.0000000
14240,0,0.0000000,0.0000000,224.3300000,191.3300000
14240,2,0.0000000,0.0000000,128.3300000,197.3300000
14240,3,0.0000000,0.0000000,312.8047176,197.7069369
14240,4,0.0000000,0.0000000,340.3300000,30.3300000
14240,5,0.0000000,0.0000000,126.0000000,24.0000000
14250,0,0.0000000,0.0000000,224.3300000,191.3300000
14250,2,0.0000000,0.0000000,128.3300000,197.3300000
14250,3,0.0000000,0.0000000,313.6085215,198.3018312
14250,4,0.0000000,0.0000000,340.3300000,30.3300000
14250,5,0.0000000,0.0000000,126.0000000,24.0000000
14260,0,0.0000000,0.0000000,224.3300000,191.3300000
14260,2,0.0000000,0.0000000,128.3300000,197.3300000
14260,3,0.0000000,0.0000000,314.4123254,198.8967256
14260,4,0.0000000,0.0000000,340.3300000,30.3300000
14260,5,0.0000000,0.0000000,126.0000000,24.0000000
14270,0,0.0000000,0.0000000,224.3300000,191.3300000
14270,2,0.0000000,0.0000000,128.3300000,197.3300000
14270,3,0.0000000,0.0000000,315.2161293,199.4916199
14270,4,0.0000000,0.0000000,340.3300000,30.3300000
14270,5,0.0000000,0.0000000,126.0000000,24.0000000
14280,0,0.0000000,0.0000000,224.3300000,191.3300000
14280,2,0.0000000,0.0000000,128.3300000,197.3300000
14280,3,0.0000000,0.0000000,316.0199332,200.0865142
14280,4,0.0000000,0.0000000,340.3300000,30.3300000
14280,5,0.0000000,0.0000000,126.0000000,24.0000000
14290,0,0.0000000,0.0000000,224.3300000,191.3300000
14290,2,0.0000000,0.0000000,128.3300000,197.3300000
14290,3,0.0000000,0.0000000,316.8237371,200.6814086
14290,4,0.0000000,0.0000000,340.3300000,30.3300000
14290,5,0.0000000,0.0000000,126.0000000,24.0000000
14300,0,0.0000000,0.0000000,224.3300000,191.3300000
14300,2,0.0000000,0.0000000,128.3300000,197.3300000
14300,3,0.0000000,0.0000000,317.6275410,201.2763029
14300,4,0.0000000,0.0000000,340.3300000,30.3300000
14300,5,0.0000000,0.0000000,126.0000000,24.0000000
14310,0,0.0000000,0.0000000,224.3300000,191.3300000
14310,2,0.0000000,0.0000000,128.3300000,197.3300000
14310,3,0.0000000,0.0000000,318.4313450,201.8711973
14310,4,0.0000000,0.0000000,340.3300000,30.3300000
14310,5,0.0000000,0.0000000,126.0000000,24.0000000
14320,0,0.0000000,0.0000000,224.3300000,191.3300000
14320,2,0.0000000,0.0000000,128.3300000,197.3300000
14320,3,0.0000000,0.0000000,319.2351489,202.4660916
14320,4,0.0000000,0.0000000,340.3300000,30.3300000
14320,5,0.0000000,0.0000000,126.0000000,24.0000000
14330,0,0.0000000,0.0000000,224.3300000,191.3300000
14330,2,0.0000000,0.0000000,128.3300000,197.3300000
14330,3,0.0000000,0.0000000,320.0389528,203.0609859
14330,4,0.0000000,0.0000000,340.3300000,30.3300000
14330,5,0.0000000,0.0000000,126.0000000,24.0000000
14340,0,0.0000000,0.0000000,224.3300000,191.3300000
14340,2,0.0000000,0.0000000,128.3300000,197.3300000
14340,3,0.0000000,0.0000000,320.8427567,203.6558803
14340,4,0.0000000,0.0000000,340.3300000,30.3300000
14340,5,0.0000000,0.0000000,126.0000000,24.0000000
14350,0,0.0000000,0.0000000,224.3300000,191.3300000
14350,2,0.0000000,0.0000000,128.3300000,197.3300000
14350,3,0.0000000,0.0000000,321.6465606,204.2507746
14350,4,0.0000000,0.0000000,340.3300000,30.3300000
14350,5,0.0000000,0.0000000,126.0000000,24.0000000
14360,0,0.0000000,0.0000000,224.3300000,191.3300000
14360,2,0.0000000,0.0000000,128.3300000,197.3300000
14360,3,0.0000000,0.0000000,322.4503645,204.8456690
14360,4,0.0000000,0.0000000,340.3300000,30.3300000
14360,5,0.0000000,0.0000000,126.0000000,24.0000000
14370,0,0.0000000,0.0000000,224.3300000,191.3300000
14370,2,0.0000000,0.0000000,128.3300000,197.3300000
14370,3,0.0000000,0.0000000,323.2541684,205.4405633
14370,4,0.0000000,0.0000000,340.3300000,30.3300000
14370,5,0.0000000,0.0000000,126.0000000,24.0000000
14380,0,0.0000000,0.0000000,224.3300000,191.3300000
14380,2,0.0000000,0.0000000,128.3300000,197.3300000
14380,3,0.0000000,0.0000000,324.0579723,206.0354576
14380,4,0.0000000,0.0000000,340.3300000,30.3300000
14380,5,0.0000000,0.0000000,126.0000000,24.0000000
14390,0,0.0000000,0.0000000,224.3300000,191.3300000
14390,2,0.0000000,0.0000000,128.3300000,197.3300000
14390,3,0.0000000,0.0000000,324.8617762,206.6303520
14390,4,0.0000000,0.0000000,340.3300000,30.3300000
14390,5,0.0000000,0.0000000,126.0000000,24.0000000
14400,0,0.0000000,0.0000000,224.3300000,191.3300000
14400,2,0.0000000,0.0000000,128.3300000,197.3300000
14400,3,0.0000000,0.0000000,325.6655801,207.2252463
14400,4,0.0000000,0.0000000,340.3300000,30.3300000
14400,5,0.0000000,0.0000000,126.0000000,24.0000000
14410,0,0.0000000,0.0000000,224.3300000,191.3300000
14410,2,0.0000000,0.0000000,128.3300000,197.3300000
14410,3,0.0000000,0.0000000,326.4693841,207.8201406
14410,4,0.0000000,0.0000000,340.3300000,30.3300000
14410,5,0.0000000,0.0000000,126.0000000,24.0000000
14420,0,0.0000000,0.0000000,224.3300000,191.3300000
14420,2,0.0000000,0.0000000,128.3300000,197.3300000
14420,3,0.0000000,0.0000000,327.2731880,208.4150350
14420,4,0.0000000,0.0000000,340.3300000,30.3300000
14420,5,0.0000000,0.0000000,126.0000000,24.0000000
14430,0,0.0000000,0.0000000,224.3300000,191.3300000
14430,2,0.0000000,0.0000000,128.3300000,197.3300000
14430,3,0.0000000,0.0000000,328.0769919,209.0099293
14430,4,0.0000000,0.0000000,340.3300000,30.3300000
14430,5,0.0000000,0.0000000,126.0000000,24.0000000
14440,0,0.0000000,0.0000000,224.3300000,191.3300000
14440,2,0.0000000,0.0000000,128.3300000,197.3300000
14440,3,0.0000000,0.0000000,328.8807958,209.6048237
14440,4,0.0000000,0.0000000,340.3300000,30.3300000
14440,5,0.0000000,0.0000000,126.0000000,24.0000000
14450,0,0.0000000,0.0000000,224.3300000,191.3300000
14450,2,0.0000000,0.0000000,128.3300000,197.3300000
14450,3,0.0000000,0.0000000,329.6845997,210.1997180
14450,4,0.0000000,0.0000000,340.3300000,30.3300000
14450,5,0.0000000,0.0000000,126.0000000,24.0000000
14460,0,0.0000000,0.0000000,224.3300000,191.3300000
14460,2,0.0000000,0.0000000,128.3300000,197.3300000
14460,3,0.0000000,0.0000000,330.4884036,210.7946123
14460,4,0.0000000,0.0000000,340.3300000,30.3300000
14460,5,0.0000000,0.0000000,126.0000000,24.0000000
14470,0,0.0000000,0.0000000,224.3300000,191.3300000
14470,2,0.0000000,0.0000000,128.3300000,197.3300000
14470,3,0.0000000,0.0000000,331.2922075,211.3895067
14470,4,0.0000000,0.0000000,340.3300000,30.3300000
14470,5,0.0000000,0.0000000,126.0000000,24.0000000
14480,0,0.0000000,0.0000000,224.3300000,191.3300000
14480,2,0.0000000,0.0000000,128.3300000,197.3300000
14480,3,0.0000000,0.0000000,332.0960114,211.9844010
14480,4,0.0000000,0.0000000,340.3300000,30.3300000
14480,5,0.0000000,0.0000000,126.0000000,24.0000000
14490,0,0.0000000,0.0000000,224.3300000,191.3300000
14490,2,0.0000000,0.0000000,128.3300000,197.3300000
14490,3,0.0000000,0.0000000,332.8998153,212.5792954
14490,4,0.0000000,0.0000000,340.3300000,30.3300000
14490,5,0.0000000,0.0000000,126.0000000,24.0000000
14500,0,0.0000000,0.0000000,224.3300000,191.3300000
14500,2,0.0000000,0.0000000,128.3300000,197.3300000
14500,3,0.0000000,0.0000000,333.7036192,213.1741897
14500,4,0.0000000,0.0000000,340.3300000,30.3300000
14500,5,0.0000000,0.0000000,126.0000000,24.0000000
14510,0,0.0000000,0.0000000,224.3300000,191.3300000
14510,2,0.0000000,0.0000000,128.3300000,197.3300000
14510,3,0.0000000,0.0000000,334.5074232,213.7690840
14510,4,0.0000000,0.0000000,340.3300000,30.3300000
14510,5,0.0000000,0.0000000,126.0000000,24.0000000
14520,0,0.0000000,0.0000000,224.3300000,191.3300000
14520,2,0.0000000,0.0000000,128.3300000,197.3300000
14520,3,0.0000000,0.0000000,335.3112271,214.3639784
14520,4,0.0000000,0.0000000,340.3300000,30.3300000
14520,5,0.0000000,0.0000000,126.0000000,24.0000000
14530,0,0.0000000,0.0000000,224.3300000,191.3300000
14530,2,0.0000000,0.0000000,128.3300000,197.3300000
14530,3,0.0000000,0.0000000,336.1150310,214.9588727
14530,4,0.0000000,0.0000000,340.3300000,30.3300000
14530,5,0.0000000,0.0000000,126.0000000,24.0000000
14540,0,0.0000000,0.0000000,224.3300000,191.3300000
14540,2,0.0000000,0.0000000,128.3300000,197.3300000
14540,3,0.0000000,0.0000000,336.9188349,215.5537671
14540,4,0.0000000,0.0000000,340.3300000,30.3300000
14540,5,0.0000000,0.0000000,126.0000000,24.0000000
14550,0,0.0000000,0.0000000,224.3300000,191.3300000
14550,2,0.0000000,0.0000000,128.3300000,197.3300000
14550,3,0.0000000,0.0000000,337.7226388,216.1486614
14550,4,0.0000000,0.0000000,340.3300000,30.3300000
14550,5,0.0000000,0.0000000,126.0000000,24.0000000
14560,0,0.0000000,0.0000000,224.3300000,191.3300000
14560,2,0.0000000,0.0000000,128.3300000,197.3300000
14560,3,0.0000000,0.0000000,338.5264427,216.7435557
14560,4,0.0000000,0.0000000,340.3300000,30.3300000
14560,5,0.0000000,0.0000000,126.0000000,24.0000000
14570,0,0.0000000,0.0000000,224.3300000,191.3300000
14570,2,0.0000000,0.0000000,128.3300000,197.3300000
14570,3,0.0000000,0.0000000,339.3302466,217.3384501
14570,4,0.0000000,0.0000000,340.3300000,30.3300000
14570,5,0.0000000,0.0000000,126.0000000,24.0000000
14580,0,0.0000000,0.0000000,224.3300000,191.3300000
14580,2,0.0000000,0.0000000,128.3300000,197.3300000
14580,3,0.0000000,0.0000000,340.1340505,217.9333444
14580,4,0.0000000,0.0000000,340.3300000,30.3300000
14580,5,0.0000000,0.0000000,126.0000000,24.0000000
