frame,robot_id,sim_x,sim_y,real_x,real_y
0,0,0.0000000,0.0000000,221.8386443,195.0506827
0,2,0.0000000,0.0000000,123.6604262,201.5352776
0,3,0.0000000,0.0000000,321.7747329,215.2988396
0,4,0.0000000,0.0000000,302.7879394,48.5141270
0,5,0.0000000,0.0000000,123.6777802,20.8775174
1000,0,0.0000000,0.0000000,222.9572885,194.0513654
1000,2,0.0000000,0.0000000,124.9508523,200.7705552
1000,3,0.0000000,0.0000000,320.5194658,214.4776791
1000,4,0.0000000,0.0000000,301.2958788,48.6682540
1000,5,0.0000000,0.0000000,124.6555605,22.0150348
2000,0,0.0000000,0.0000000,224.0759328,193.0520482
2000,2,0.0000000,0.0000000,126.2412785,200.0058328
2000,3,0.0000000,0.0000000,319.2641987,213.6565187
2000,4,0.0000000,0.0000000,299.8038182,48.8223809
2000,5,0.0000000,0.0000000,125.6333407,23.1525521
3000,0,0.0000000,0.0000000,225.1945770,192.0527309
3000,2,0.0000000,0.0000000,127.5317046,199.2411105
3000,3,0.0000000,0.0000000,318.0089315,212.8353582
3000,4,0.0000000,0.0000000,298.3117575,48.9765079
3000,5,0.0000000,0.0000000,126.6111210,24.2900695
4000,0,0.0000000,0.0000000,226.3132213,191.0534136
4000,2,0.0000000,0.0000000,128.8221308,198.4763881
4000,3,0.0000000,0.0000000,316.7536644,212.0141978
4000,4,0.0000000,0.0000000,296.8196969,49.1306349
4000,5,0.0000000,0.0000000,127.5889012,25.4275869
5000,0,0.0000000,0.0000000,227.4318656,190.0540963
5000,2,0.0000000,0.0000000,130.1125570,197.7116657
5000,3,0.0000000,0.0000000,315.4983973,211.1930374
5000,4,0.0000000,0.0000000,295.3276363,49.2847619
5000,5,0.0000000,0.0000000,128.5666815,26.5651043
6000,0,0.0000000,0.0000000,228.5505098,189.0547791
6000,2,0.0000000,0.0000000,131.4029831,196.9469433
6000,3,0.0000000,0.0000000,314.2431302,210.3718769
6000,4,0.0000000,0.0000000,293.8355757,49.4388889
6000,5,0.0000000,0.0000000,129.5444617,27.7026217
7000,0,0.0000000,0.0000000,229.6691541,188.0554618
7000,2,0.0000000,0.0000000,132.6934093,196.1822209
7000,3,0.0000000,0.0000000,312.9878631,209.5507165
7000,4,0.0000000,0.0000000,292.3435151,49.5930159
7000,5,0.0000000,0.0000000,130.5222420,28.8401390
8000,0,0.0000000,0.0000000,230.7877983,187.0561445
8000,2,0.0000000,0.0000000,133.9838354,195.4174985
8000,3,0.0000000,0.0000000,311.7325960,208.7295560
8000,4,0.0000000,0.0000000,290.8514545,49.7471428
8000,5,0.0000000,0.0000000,131.5000222,29.9776564
9000,0,0.0000000,0.0000000,231.9064426,186.0568272
9000,2,0.0000000,0.0000000,135.2742616,194.6527761
9000,3,0.0000000,0.0000000,310.4773288,207.9083956
9000,4,0.0000000,0.0000000,289.3593939,49.9012698
9000,5,0.0000000,0.0000000,132.4778025,31.1151738
1000,0,0.0000000,0.0000000,233.0250868,185.0575099
1000,2,0.0000000,0.0000000,136.5646878,193.8880538
1000,3,0.0000000,0.0000000,309.2220617,207.0872352
1000,4,0.0000000,0.0000000,287.8673333,50.0553968
1000,5,0.0000000,0.0000000,133.4555827,32.2526912
1100,0,0.0000000,0.0000000,234.1437311,184.0581927
1100,2,0.0000000,0.0000000,137.8551139,193.1233314
1100,3,0.0000000,0.0000000,307.9667946,206.2660747
1100,4,0.0000000,0.0000000,286.3752726,50.2095238
1100,5,0.0000000,0.0000000,134.4333630,33.3902085
1200,0,0.0000000,0.0000000,235.2623754,183.0588754
1200,2,0.0000000,0.0000000,139.1455401,192.3586090
1200,3,0.0000000,0.0000000,306.7115275,205.4449143
1200,4,0.0000000,0.0000000,284.8832120,50.3636508
1200,5,0.0000000,0.0000000,135.4111432,34.5277259
1300,0,0.0000000,0.0000000,236.3810196,182.0595581
1300,2,0.0000000,0.0000000,140.4359662,191.5938866
1300,3,0.0000000,0.0000000,305.4562604,204.6237538
1300,4,0.0000000,0.0000000,283.3911514,50.5177778
1300,5,0.0000000,0.0000000,136.3889235,35.6652433
1400,0,0.0000000,0.0000000,237.4996639,181.0602408
1400,2,0.0000000,0.0000000,141.7263924,190.8291642
1400,3,0.0000000,0.0000000,304.2009933,203.8025934
1400,4,0.0000000,0.0000000,281.8990908,50.6719047
1400,5,0.0000000,0.0000000,137.3667037,36.8027607
1500,0,0.0000000,0.0000000,238.6183081,180.0609235
1500,2,0.0000000,0.0000000,143.0168186,190.0644418
1500,3,0.0000000,0.0000000,302.9457261,202.9814330
1500,4,0.0000000,0.0000000,280.4070302,50.8260317
1500,5,0.0000000,0.0000000,138.3444840,37.9402781
1600,0,0.0000000,0.0000000,239.7369524,179.0616063
1600,2,0.0000000,0.0000000,144.3072447,189.2997194
1600,3,0.0000000,0.0000000,301.6904590,202.1602725
1600,4,0.0000000,0.0000000,278.9149696,50.9801587
1600,5,0.0000000,0.0000000,139.3222642,39.0777954
1700,0,0.0000000,0.0000000,240.8555967,178.0622890
1700,2,0.0000000,0.0000000,145.5976709,188.5349971
1700,3,0.0000000,0.0000000,300.4351919,201.3391121
1700,4,0.0000000,0.0000000,277.4229090,51.1342857
1700,5,0.0000000,0.0000000,140.3000445,40.2153128
1800,0,0.0000000,0.0000000,241.9742409,177.0629717
1800,2,0.0000000,0.0000000,146.8880970,187.7702747
1800,3,0.0000000,0.0000000,299.1799248,200.5179516
1800,4,0.0000000,0.0000000,275.9308484,51.2884127
1800,5,0.0000000,0.0000000,141.2778247,41.3528302
1900,0,0.0000000,0.0000000,243.0928852,176.0636544
1900,2,0.0000000,0.0000000,148.1785232,187.0055523
1900,3,0.0000000,0.0000000,297.9246577,199.6967912
1900,4,0.0000000,0.0000000,274.4387877,51.4425397
1900,5,0.0000000,0.0000000,142.2556049,42.4903476
2000,0,0.0000000,0.0000000,244.2115294,175.0643372
2000,2,0.0000000,0.0000000,149.4689494,186.2408299
2000,3,0.0000000,0.0000000,296.6693906,198.8756308
2000,4,0.0000000,0.0000000,272.9467271,51.5966666
2000,5,0.0000000,0.0000000,143.2333852,43.6278650
2100,0,0.0000000,0.0000000,243.0928852,176.0636544
2100,2,0.0000000,0.0000000,150.7593755,185.4761075
2100,3,0.0000000,0.0000000,295.4141235,198.0544703
2100,4,0.0000000,0.0000000,271.4546665,51.7507936
2100,5,0.0000000,0.0000000,144.2111654,44.7653823
2200,0,0.0000000,0.0000000,244.2115294,175.0643372
2200,2,0.0000000,0.0000000,152.0498017,184.7113851
2200,3,0.0000000,0.0000000,294.1588563,197.2333099
2200,4,0.0000000,0.0000000,269.9626059,51.9049206
2200,5,0.0000000,0.0000000,145.1889457,45.9028997
2300,0,0.0000000,0.0000000,243.0928852,176.0636544
2300,2,0.0000000,0.0000000,150.7593755,185.4761075
2300,3,0.0000000,0.0000000,292.9035892,196.4121494
2300,4,0.0000000,0.0000000,268.4705453,52.0590476
2300,5,0.0000000,0.0000000,146.1667259,47.0404171
2400,0,0.0000000,0.0000000,244.2115294,175.0643372
2400,2,0.0000000,0.0000000,152.0498017,184.7113851
2400,3,0.0000000,0.0000000,291.6483221,195.5909890
2400,4,0.0000000,0.0000000,266.9784847,52.2131746
2400,5,0.0000000,0.0000000,147.1445062,48.1779345
2500,0,0.0000000,0.0000000,243.0928852,176.0636544
2500,2,0.0000000,0.0000000,150.7593755,185.4761075
2500,3,0.0000000,0.0000000,290.3930550,194.7698286
2500,4,0.0000000,0.0000000,265.4864241,52.3673016
2500,5,0.0000000,0.0000000,148.1222864,49.3154519
2600,0,0.0000000,0.0000000,244.2115294,175.0643372
2600,2,0.0000000,0.0000000,152.0498017,184.7113851
2600,3,0.0000000,0.0000000,289.1377879,193.9486681
2600,4,0.0000000,0.0000000,263.9943634,52.5214285
2600,5,0.0000000,0.0000000,149.1000667,50.4529692
2700,0,0.0000000,0.0000000,243.0928852,176.0636544
2700,2,0.0000000,0.0000000,150.7593755,185.4761075
2700,3,0.0000000,0.0000000,287.8825208,193.1275077
2700,4,0.0000000,0.0000000,262.5023028,52.6755555
2700,5,0.0000000,0.0000000,150.0778469,51.5904866
2800,0,0.0000000,0.0000000,244.2115294,175.0643372
2800,2,0.0000000,0.0000000,152.0498017,184.7113851
2800,3,0.0000000,0.0000000,286.6272536,192.3063472
2800,4,0.0000000,0.0000000,261.0102422,52.8296825
2800,5,0.0000000,0.0000000,151.0556272,52.7280040
2900,0,0.0000000,0.0000000,243.0928852,176.0636544
2900,2,0.0000000,0.0000000,150.7593755,185.4761075
2900,3,0.0000000,0.0000000,285.3719865,191.4851868
2900,4,0.0000000,0.0000000,259.5181816,52.9838095
2900,5,0.0000000,0.0000000,152.0334074,53.8655214
3000,0,0.0000000,0.0000000,244.2115294,175.0643372
3000,2,0.0000000,0.0000000,152.0498017,184.7113851
3000,3,0.0000000,0.0000000,284.1167194,190.6640264
3000,4,0.0000000,0.0000000,258.0261210,53.1379365
3000,5,0.0000000,0.0000000,153.0111877,55.0030388
3100,0,0.0000000,0.0000000,242.7146480,175.1610125
3100,2,0.0000000,0.0000000,150.7593755,185.4761075
3100,3,0.0000000,0.0000000,282.9027595,189.7829467
3100,4,0.0000000,0.0000000,256.5340604,53.2920635
3100,5,0.0000000,0.0000000,153.9889679,56.1405561
3200,0,0.0000000,0.0000000,241.4327416,174.3820928
3200,2,0.0000000,0.0000000,152.0498017,184.7113851
3200,3,0.0000000,0.0000000,281.6945212,188.8940372
3200,4,0.0000000,0.0000000,255.0419998,53.4461904
3200,5,0.0000000,0.0000000,154.9667482,57.2780735
3300,0,0.0000000,0.0000000,240.6169372,173.1233382
3300,2,0.0000000,0.0000000,150.7593755,185.4761075
3300,3,0.0000000,0.0000000,280.4843784,188.0077221
3300,4,0.0000000,0.0000000,253.5499392,53.6003174
3300,5,0.0000000,0.0000000,155.9445284,58.4155909
3400,0,0.0000000,0.0000000,239.8676095,171.8239122
3400,2,0.0000000,0.0000000,152.0498017,184.7113851
3400,3,0.0000000,0.0000000,279.2769416,187.1177241
3400,4,0.0000000,0.0000000,252.0578785,53.7544444
3400,5,0.0000000,0.0000000,156.9223087,59.5531083
3500,0,0.0000000,0.0000000,239.2490405,170.4573938
3500,2,0.0000000,0.0000000,150.7593755,185.4761075
3500,3,0.0000000,0.0000000,278.0724761,186.2237091
3500,4,0.0000000,0.0000000,250.5658179,53.9085714
3500,5,0.0000000,0.0000000,157.9000889,60.6906256
3600,0,0.0000000,0.0000000,238.7133798,169.0562987
3600,2,0.0000000,0.0000000,152.0498017,184.7113851
3600,3,0.0000000,0.0000000,276.8720388,185.3242925
3600,4,0.0000000,0.0000000,249.0737573,54.0626984
3600,5,0.0000000,0.0000000,158.8778692,61.8281430
3700,0,0.0000000,0.0000000,238.2570173,167.6274063
3700,2,0.0000000,0.0000000,150.7593755,185.4761075
3700,3,0.0000000,0.0000000,275.6754160,184.4198071
3700,4,0.0000000,0.0000000,250.5658179,53.9085714
3700,5,0.0000000,0.0000000,159.8556494,62.9656604
3800,0,0.0000000,0.0000000,237.8513348,166.1833074
3800,2,0.0000000,0.0000000,152.0498017,184.7113851
3800,3,0.0000000,0.0000000,274.4816635,183.5115367
3800,4,0.0000000,0.0000000,249.0737573,54.0626984
3800,5,0.0000000,0.0000000,160.8334297,64.1031778
3900,0,0.0000000,0.0000000,237.4744693,164.7314216
3900,2,0.0000000,0.0000000,150.7593755,185.4761075
3900,3,0.0000000,0.0000000,273.2882513,182.6028194
3900,4,0.0000000,0.0000000,250.5658179,53.9085714
3900,5,0.0000000,0.0000000,161.8112099,65.2406952
4000,0,0.0000000,0.0000000,237.0953215,163.2801301
4000,2,0.0000000,0.0000000,152.0498017,184.7113851
4000,3,0.0000000,0.0000000,272.0905391,181.6997770
4000,4,0.0000000,0.0000000,249.0737573,54.0626984
4000,5,0.0000000,0.0000000,162.7889901,66.3782125
4100,0,0.0000000,0.0000000,236.6827859,161.8379740
4100,2,0.0000000,0.0000000,150.7593755,185.4761075
4100,3,0.0000000,0.0000000,270.8804926,180.8133305
4100,4,0.0000000,0.0000000,250.5658179,53.9085714
4100,5,0.0000000,0.0000000,163.7667704,67.5157299
4200,0,0.0000000,0.0000000,236.1990395,160.4181185
4200,2,0.0000000,0.0000000,152.0498017,184.7113851
4200,3,0.0000000,0.0000000,269.6445360,179.9633826
4200,4,0.0000000,0.0000000,249.0737573,54.0626984
4200,5,0.0000000,0.0000000,164.7445506,68.6532473
4300,0,0.0000000,0.0000000,235.5906576,159.0470345
4300,2,0.0000000,0.0000000,150.7593755,185.4761075
4300,3,0.0000000,0.0000000,268.3587052,179.1909584
4300,4,0.0000000,0.0000000,250.5658179,53.9085714
4300,5,0.0000000,0.0000000,165.7223309,69.7907647
4400,0,0.0000000,0.0000000,236.3496484,160.3408401
4400,2,0.0000000,0.0000000,152.0498017,184.7113851
4400,3,0.0000000,0.0000000,266.9774806,178.6059639
4400,4,0.0000000,0.0000000,249.0737573,54.0626984
4400,5,0.0000000,0.0000000,166.7001111,70.9282821
4500,0,0.0000000,0.0000000,235.0672891,159.5626662
4500,2,0.0000000,0.0000000,150.7593755,185.4761075
4500,3,0.0000000,0.0000000,268.2737307,179.3607723
4500,4,0.0000000,0.0000000,250.5658179,53.9085714
4500,5,0.0000000,0.0000000,167.6778914,72.0657994
4600,0,0.0000000,0.0000000,236.3820397,160.2847680
4600,2,0.0000000,0.0000000,152.0498017,184.7113851
4600,3,0.0000000,0.0000000,266.9981461,178.5715423
4600,4,0.0000000,0.0000000,249.0737573,54.0626984
4600,5,0.0000000,0.0000000,168.6556716,73.2033168
4700,0,0.0000000,0.0000000,235.0954822,159.5135547
4700,2,0.0000000,0.0000000,150.7593755,185.4761075
4700,3,0.0000000,0.0000000,268.2875677,179.3379573
4700,4,0.0000000,0.0000000,250.5658179,53.9085714
4700,5,0.0000000,0.0000000,169.6334519,74.3408342
4800,0,0.0000000,0.0000000,236.3888173,160.2733470
4800,2,0.0000000,0.0000000,152.0498017,184.7113851
4800,3,0.0000000,0.0000000,267.0023787,178.5644657
4800,4,0.0000000,0.0000000,249.0737573,54.0626984
4800,5,0.0000000,0.0000000,170.6112321,75.4783516
4900,0,0.0000000,0.0000000,235.1014021,159.5035664
4900,2,0.0000000,0.0000000,150.7593755,185.4761075
4900,3,0.0000000,0.0000000,268.2903857,179.3332556
4900,4,0.0000000,0.0000000,250.5658179,53.9085714
4900,5,0.0000000,0.0000000,171.5890124,76.6158690
5000,0,0.0000000,0.0000000,236.3902224,160.2709922
5000,2,0.0000000,0.0000000,152.0498017,184.7113851
5000,3,0.0000000,0.0000000,267.0032522,178.5630041
5000,4,0.0000000,0.0000000,249.0737573,54.0626984
5000,5,0.0000000,0.0000000,172.5667926,77.7533863
5100,0,0.0000000,0.0000000,235.1026303,159.5015076
5100,2,0.0000000,0.0000000,150.7593755,185.4761075
5100,3,0.0000000,0.0000000,268.2909666,179.3322842
5100,4,0.0000000,0.0000000,250.5658179,53.9085714
5100,5,0.0000000,0.0000000,173.5445729,78.8909037
5200,0,0.0000000,0.0000000,236.3905128,160.2705060
5200,2,0.0000000,0.0000000,152.0498017,184.7113851
5200,3,0.0000000,0.0000000,267.0034326,178.5627022
5200,4,0.0000000,0.0000000,249.0737573,54.0626984
5200,5,0.0000000,0.0000000,174.5223531,80.0284211
5300,0,0.0000000,0.0000000,235.1028842,159.5010825
5300,2,0.0000000,0.0000000,150.7593755,185.4761075
5300,3,0.0000000,0.0000000,268.2910865,179.3320835
5300,4,0.0000000,0.0000000,250.5658179,53.9085714
5300,5,0.0000000,0.0000000,175.5001334,81.1659385
5400,0,0.0000000,0.0000000,236.3905728,160.2704056
5400,2,0.0000000,0.0000000,152.0498017,184.7113851
5400,3,0.0000000,0.0000000,267.0034699,178.5626399
5400,4,0.0000000,0.0000000,249.0737573,54.0626984
5400,5,0.0000000,0.0000000,176.4779136,82.3034558
5500,0,0.0000000,0.0000000,235.1029367,159.5009947
5500,2,0.0000000,0.0000000,150.7593755,185.4761075
5500,3,0.0000000,0.0000000,268.2911112,179.3320420
5500,4,0.0000000,0.0000000,250.5658179,53.9085714
5500,5,0.0000000,0.0000000,177.4556939,83.4409732
5600,0,0.0000000,0.0000000,236.3905852,160.2703848
5600,2,0.0000000,0.0000000,152.0498017,184.7113851
5600,3,0.0000000,0.0000000,267.0034776,178.5626270
5600,4,0.0000000,0.0000000,249.0737573,54.0626984
5600,5,0.0000000,0.0000000,178.4334741,84.5784906
5700,0,0.0000000,0.0000000,235.1029475,159.5009766
5700,2,0.0000000,0.0000000,150.7593755,185.4761075
5700,3,0.0000000,0.0000000,268.2911164,179.3320335
5700,4,0.0000000,0.0000000,250.5658179,53.9085714
5700,5,0.0000000,0.0000000,179.4112544,85.7160080
5800,0,0.0000000,0.0000000,236.3905878,160.2703806
5800,2,0.0000000,0.0000000,152.0498017,184.7113851
5800,3,0.0000000,0.0000000,267.0034792,178.5626243
5800,4,0.0000000,0.0000000,249.0737573,54.0626984
5800,5,0.0000000,0.0000000,180.3890346,86.8535254
5900,0,0.0000000,0.0000000,235.1029497,159.5009728
5900,2,0.0000000,0.0000000,150.7593755,185.4761075
5900,3,0.0000000,0.0000000,268.2911174,179.3320317
5900,4,0.0000000,0.0000000,250.5658179,53.9085714
5900,5,0.0000000,0.0000000,181.3668148,87.9910427
6000,0,0.0000000,0.0000000,236.3905883,160.2703797
6000,2,0.0000000,0.0000000,152.0498017,184.7113851
6000,3,0.0000000,0.0000000,267.0034795,178.5626238
6000,4,0.0000000,0.0000000,249.0737573,54.0626984
6000,5,0.0000000,0.0000000,182.3445951,89.1285601
6100,0,0.0000000,0.0000000,235.1029502,159.5009720
6100,2,0.0000000,0.0000000,150.7593755,185.4761075
6100,3,0.0000000,0.0000000,268.2911176,179.3320313
6100,4,0.0000000,0.0000000,250.5658179,53.9085714
6100,5,0.0000000,0.0000000,183.3223753,90.2660775
6200,0,0.0000000,0.0000000,236.3905884,160.2703795
6200,2,0.0000000,0.0000000,152.0498017,184.7113851
6200,3,0.0000000,0.0000000,267.0034796,178.5626237
6200,4,0.0000000,0.0000000,249.0737573,54.0626984
6200,5,0.0000000,0.0000000,184.3001556,91.4035949
6300,0,0.0000000,0.0000000,235.1029503,159.5009719
6300,2,0.0000000,0.0000000,150.7593755,185.4761075
6300,3,0.0000000,0.0000000,268.2911177,179.3320313
6300,4,0.0000000,0.0000000,250.5658179,53.9085714
6300,5,0.0000000,0.0000000,185.2779358,92.5411123
6400,0,0.0000000,0.0000000,236.3905884,160.2703795
6400,2,0.0000000,0.0000000,152.0498017,184.7113851
6400,3,0.0000000,0.0000000,267.0034796,178.5626236
6400,4,0.0000000,0.0000000,249.0737573,54.0626984
6400,5,0.0000000,0.0000000,186.2557161,93.6786296
6500,0,0.0000000,0.0000000,235.1029503,159.5009719
6500,2,0.0000000,0.0000000,150.7593755,185.4761075
6500,3,0.0000000,0.0000000,268.2911177,179.3320312
6500,4,0.0000000,0.0000000,250.5658179,53.9085714
6500,5,0.0000000,0.0000000,187.2334963,94.8161470
6600,0,0.0000000,0.0000000,236.3905885,160.2703794
6600,2,0.0000000,0.0000000,152.0498017,184.7113851
6600,3,0.0000000,0.0000000,267.0034796,178.5626236
6600,4,0.0000000,0.0000000,249.0737573,54.0626984
6600,5,0.0000000,0.0000000,188.2112766,95.9536644
6700,0,0.0000000,0.0000000,235.1029503,159.5009718
6700,2,0.0000000,0.0000000,150.7593755,185.4761075
6700,3,0.0000000,0.0000000,268.2911177,179.3320312
6700,4,0.0000000,0.0000000,250.5658179,53.9085714
6700,5,0.0000000,0.0000000,189.1890568,97.0911818
6800,0,0.0000000,0.0000000,236.3905885,160.2703794
6800,2,0.0000000,0.0000000,152.0498017,184.7113851
6800,3,0.0000000,0.0000000,267.0034796,178.5626236
6800,4,0.0000000,0.0000000,249.0737573,54.0626984
6800,5,0.0000000,0.0000000,190.1668371,98.2286992
6900,0,0.0000000,0.0000000,235.1029503,159.5009718
6900,2,0.0000000,0.0000000,150.7593755,185.4761075
6900,3,0.0000000,0.0000000,268.2911177,179.3320312
6900,4,0.0000000,0.0000000,250.5658179,53.9085714
6900,5,0.0000000,0.0000000,191.1446173,99.3662165
7000,0,0.0000000,0.0000000,236.3905885,160.2703794
7000,2,0.0000000,0.0000000,152.0498017,184.7113851
7000,3,0.0000000,0.0000000,267.0034796,178.5626236
7000,4,0.0000000,0.0000000,249.0737573,54.0626984
7000,5,0.0000000,0.0000000,192.1223976,100.5037339
7100,0,0.0000000,0.0000000,235.1029503,159.5009718
7100,2,0.0000000,0.0000000,150.7593755,185.4761075
7100,3,0.0000000,0.0000000,268.2911177,179.3320312
7100,4,0.0000000,0.0000000,250.5658179,53.9085714
7100,5,0.0000000,0.0000000,193.1001778,101.6412513
7200,0,0.0000000,0.0000000,236.3905885,160.2703794
7200,2,0.0000000,0.0000000,152.0498017,184.7113851
7200,3,0.0000000,0.0000000,267.0034796,178.5626236
7200,4,0.0000000,0.0000000,249.0737573,54.0626984
7200,5,0.0000000,0.0000000,194.0779581,102.7787687
7300,0,0.0000000,0.0000000,235.1029503,159.5009718
7300,2,0.0000000,0.0000000,150.7593755,185.4761075
7300,3,0.0000000,0.0000000,268.2911177,179.3320312
7300,4,0.0000000,0.0000000,250.5658179,53.9085714
7300,5,0.0000000,0.0000000,195.0557383,103.9162861
7400,0,0.0000000,0.0000000,236.3905885,160.2703794
7400,2,0.0000000,0.0000000,152.0498017,184.7113851
7400,3,0.0000000,0.0000000,267.0034796,178.5626236
7400,4,0.0000000,0.0000000,249.0737573,54.0626984
7400,5,0.0000000,0.0000000,196.0335186,105.0538034
7500,0,0.0000000,0.0000000,235.1029503,159.5009718
7500,2,0.0000000,0.0000000,150.7593755,185.4761075
7500,3,0.0000000,0.0000000,268.2911177,179.3320312
7500,4,0.0000000,0.0000000,250.5658179,53.9085714
7500,5,0.0000000,0.0000000,197.0112988,106.1913208
7600,0,0.0000000,0.0000000,236.3905885,160.2703794
7600,2,0.0000000,0.0000000,152.0498017,184.7113851
7600,3,0.0000000,0.0000000,267.0034796,178.5626236
7600,4,0.0000000,0.0000000,249.0737573,54.0626984
7600,5,0.0000000,0.0000000,197.9890791,107.3288382
7700,0,0.0000000,0.0000000,235.1029503,159.5009718
7700,2,0.0000000,0.0000000,150.7593755,185.4761075
7700,3,0.0000000,0.0000000,268.2911177,179.3320312
7700,4,0.0000000,0.0000000,250.5658179,53.9085714
7700,5,0.0000000,0.0000000,198.9668593,108.4663556
7800,0,0.0000000,0.0000000,236.3905885,160.2703794
7800,2,0.0000000,0.0000000,152.0498017,184.7113851
7800,3,0.0000000,0.0000000,267.0034796,178.5626236
7800,4,0.0000000,0.0000000,249.0737573,54.0626984
7800,5,0.0000000,0.0000000,199.9446395,109.6038729
7900,0,0.0000000,0.0000000,235.1029503,159.5009718
7900,2,0.0000000,0.0000000,150.7593755,185.4761075
7900,3,0.0000000,0.0000000,268.2911177,179.3320312
7900,4,0.0000000,0.0000000,250.5658179,53.9085714
7900,5,0.0000000,0.0000000,200.9224198,110.7413903
8000,0,0.0000000,0.0000000,236.3905885,160.2703794
8000,2,0.0000000,0.0000000,152.0498017,184.7113851
8000,3,0.0000000,0.0000000,267.0034796,178.5626236
8000,4,0.0000000,0.0000000,249.0737573,54.0626984
8000,5,0.0000000,0.0000000,201.9002000,111.8789077
8100,0,0.0000000,0.0000000,235.1029503,159.5009718
8100,2,0.0000000,0.0000000,150.7593755,185.4761075
8100,3,0.0000000,0.0000000,268.2911177,179.3320312
8100,4,0.0000000,0.0000000,250.5658179,53.9085714
8100,5,0.0000000,0.0000000,202.8779803,113.0164251
8200,0,0.0000000,0.0000000,236.3905885,160.2703794
8200,2,0.0000000,0.0000000,152.0498017,184.7113851
8200,3,0.0000000,0.0000000,267.0034796,178.5626236
8200,4,0.0000000,0.0000000,249.0737573,54.0626984
8200,5,0.0000000,0.0000000,203.8557605,114.1539425
8300,0,0.0000000,0.0000000,235.1029503,159.5009718
8300,2,0.0000000,0.0000000,150.7593755,185.4761075
8300,3,0.0000000,0.0000000,268.2911177,179.3320312
8300,4,0.0000000,0.0000000,250.5658179,53.9085714
8300,5,0.0000000,0.0000000,204.8335408,115.2914598
8400,0,0.0000000,0.0000000,236.3905885,160.2703794
8400,2,0.0000000,0.0000000,152.0498017,184.7113851
8400,3,0.0000000,0.0000000,267.0034796,178.5626236
8400,4,0.0000000,0.0000000,249.0737573,54.0626984
8400,5,0.0000000,0.0000000,205.8113210,116.4289772
8500,0,0.0000000,0.0000000,235.1029503,159.5009718
8500,2,0.0000000,0.0000000,150.7593755,185.4761075
8500,3,0.0000000,0.0000000,268.2911177,179.3320312
8500,4,0.0000000,0.0000000,250.5658179,53.9085714
8500,5,0.0000000,0.0000000,206.7891013,117.5664946
8600,0,0.0000000,0.0000000,236.3905885,160.2703794
8600,2,0.0000000,0.0000000,152.0498017,184.7113851
8600,3,0.0000000,0.0000000,267.0034796,178.5626236
8600,4,0.0000000,0.0000000,249.0737573,54.0626984
8600,5,0.0000000,0.0000000,207.7668815,118.7040120
8700,0,0.0000000,0.0000000,235.1029503,159.5009718
8700,2,0.0000000,0.0000000,150.7593755,185.4761075
8700,3,0.0000000,0.0000000,268.2911177,179.3320312
8700,4,0.0000000,0.0000000,250.5658179,53.9085714
8700,5,0.0000000,0.0000000,208.7446618,119.8415294
8800,0,0.0000000,0.0000000,236.3905885,160.2703794
8800,2,0.0000000,0.0000000,152.0498017,184.7113851
8800,3,0.0000000,0.0000000,267.0034796,178.5626236
8800,4,0.0000000,0.0000000,249.0737573,54.0626984
8800,5,0.0000000,0.0000000,209.7224420,120.9790467
8900,0,0.0000000,0.0000000,235.1029503,159.5009718
8900,2,0.0000000,0.0000000,150.7593755,185.4761075
8900,3,0.0000000,0.0000000,268.2911177,179.3320312
8900,4,0.0000000,0.0000000,250.5658179,53.9085714
8900,5,0.0000000,0.0000000,210.7002223,122.1165641
9000,0,0.0000000,0.0000000,236.2367619,160.4830469
9000,2,0.0000000,0.0000000,152.0498017,184.7113851
9000,3,0.0000000,0.0000000,267.0034796,178.5626236
9000,4,0.0000000,0.0000000,249.0737573,54.0626984
9000,5,0.0000000,0.0000000,211.6823474,123.2503323
9100,0,0.0000000,0.0000000,234.9100513,159.7831618
9100,2,0.0000000,0.0000000,150.7593755,185.4761075
9100,3,0.0000000,0.0000000,268.3128184,179.2944924
9100,4,0.0000000,0.0000000,250.5658179,53.9085714
9100,5,0.0000000,0.0000000,212.6647598,124.3838516
9200,0,0.0000000,0.0000000,235.8170559,160.9778763
9200,2,0.0000000,0.0000000,152.0498017,184.7113851
9200,3,0.0000000,0.0000000,267.0550090,178.4772314
9200,4,0.0000000,0.0000000,249.0737573,54.0626984
9200,5,0.0000000,0.0000000,213.6988800,125.4704035
9300,0,0.0000000,0.0000000,234.9402011,162.1948913
9300,2,0.0000000,0.0000000,150.7593755,185.4761075
9300,3,0.0000000,0.0000000,268.4117538,179.1169529
9300,4,0.0000000,0.0000000,250.5658179,53.9085714
9300,5,0.0000000,0.0000000,214.7323406,126.5575830
9400,0,0.0000000,0.0000000,235.5615418,163.5601516
9400,2,0.0000000,0.0000000,152.0498017,184.7113851
9400,3,0.0000000,0.0000000,268.9505337,177.7170543
9400,4,0.0000000,0.0000000,249.0737573,54.0626984
9400,5,0.0000000,0.0000000,215.8069129,127.6041461
9500,0,0.0000000,0.0000000,235.1185990,164.9932607
9500,2,0.0000000,0.0000000,150.7593755,185.4761075
9500,3,0.0000000,0.0000000,270.4419823,177.8769956
9500,4,0.0000000,0.0000000,250.5658179,53.9085714
9500,5,0.0000000,0.0000000,216.8828831,128.6492721
9600,0,0.0000000,0.0000000,235.4649303,166.4527314
9600,2,0.0000000,0.0000000,152.0498017,184.7113851
9600,3,0.0000000,0.0000000,269.8902013,176.4821702
9600,4,0.0000000,0.0000000,249.0737573,54.0626984
9600,5,0.0000000,0.0000000,217.9890627,129.6623697
9700,0,0.0000000,0.0000000,234.5981530,167.6769443
9700,2,0.0000000,0.0000000,150.7593755,185.4761075
9700,3,0.0000000,0.0000000,271.3744760,176.2655401
9700,4,0.0000000,0.0000000,250.5658179,53.9085714
9700,5,0.0000000,0.0000000,219.0987298,130.6716461
9800,0,0.0000000,0.0000000,234.9093061,169.1443173
9800,2,0.0000000,0.0000000,152.0498017,184.7113851
9800,3,0.0000000,0.0000000,270.6832587,174.9342931
9800,4,0.0000000,0.0000000,249.0737573,54.0626984
9800,5,0.0000000,0.0000000,220.2614520,131.6193154
990,0,0.0000000,0.0000000,234.3212233,170.5242299
990,2,0.0000000,0.0000000,150.7593755,185.4761075
990,3,0.0000000,0.0000000,271.9422286,174.1188209
990,4,0.0000000,0.0000000,250.5658179,53.9085714
990,5,0.0000000,0.0000000,221.4207726,132.5711430
1000,0,0.0000000,0.0000000,234.5064945,172.0127441
1000,2,0.0000000,0.0000000,152.0498017,184.7113851
1000,3,0.0000000,0.0000000,271.2494848,172.7883676
1000,4,0.0000000,0.0000000,249.0737573,54.0626984
1000,5,0.0000000,0.0000000,222.6093585,133.4861641
1010,0,0.0000000,0.0000000,234.0964934,173.4556228
1010,2,0.0000000,0.0000000,150.7593755,185.4761075
1010,3,0.0000000,0.0000000,271.9518076,171.4629459
1010,4,0.0000000,0.0000000,250.5658179,53.9085714
1010,5,0.0000000,0.0000000,223.7875481,134.4145332
1020,0,0.0000000,0.0000000,234.2383543,174.9488996
1020,2,0.0000000,0.0000000,152.0498017,184.7113851
1020,3,0.0000000,0.0000000,271.1971545,170.1666054
1020,4,0.0000000,0.0000000,249.0737573,54.0626984
1020,5,0.0000000,0.0000000,224.9730387,135.3335609
1030,0,0.0000000,0.0000000,233.9925263,176.4286187
1030,2,0.0000000,0.0000000,150.7593755,185.4761075
1030,3,0.0000000,0.0000000,271.2978497,168.6699891
1030,4,0.0000000,0.0000000,250.5658179,53.9085714
1030,5,0.0000000,0.0000000,226.1398203,136.2762277
1040,0,0.0000000,0.0000000,234.2012578,177.9140248
1040,2,0.0000000,0.0000000,152.0498017,184.7113851
1040,3,0.0000000,0.0000000,270.4628268,167.4239005
1040,4,0.0000000,0.0000000,249.0737573,54.0626984
1040,5,0.0000000,0.0000000,227.2959885,137.2318821
1050,0,0.0000000,0.0000000,234.1644521,179.4135731
1050,2,0.0000000,0.0000000,150.7593755,185.4761075
1050,3,0.0000000,0.0000000,270.1259248,165.9622244
1050,4,0.0000000,0.0000000,250.5658179,53.9085714
1050,5,0.0000000,0.0000000,228.4263288,138.2179504
1060,0,0.0000000,0.0000000,234.6399706,180.8362052
1060,2,0.0000000,0.0000000,152.0498017,184.7113851
1060,3,0.0000000,0.0000000,269.1668476,164.8088940
1060,4,0.0000000,0.0000000,249.0737573,54.0626984
1060,5,0.0000000,0.0000000,229.5336181,139.2298349
1070,0,0.0000000,0.0000000,234.8520252,182.3211405
1070,2,0.0000000,0.0000000,150.7593755,185.4761075
1070,3,0.0000000,0.0000000,268.6603037,163.3970112
1070,4,0.0000000,0.0000000,250.5658179,53.9085714
1070,5,0.0000000,0.0000000,230.6133431,140.2710813
1080,0,0.0000000,0.0000000,235.9542823,183.3385044
1080,2,0.0000000,0.0000000,152.0498017,184.7113851
1080,3,0.0000000,0.0000000,267.6034121,162.3325958
1080,4,0.0000000,0.0000000,249.0737573,54.0626984
1080,5,0.0000000,0.0000000,231.6498777,141.3553304
1090,0,0.0000000,0.0000000,236.0414398,184.8359701
1090,2,0.0000000,0.0000000,150.7593755,185.4761075
1090,3,0.0000000,0.0000000,269.0944736,162.4961052
1090,4,0.0000000,0.0000000,250.5658179,53.9085714
1090,5,0.0000000,0.0000000,232.4976157,142.5928037
1100,0,0.0000000,0.0000000,237.4850106,184.4284121
1100,2,0.0000000,0.0000000,152.0498017,184.7113851
1100,3,0.0000000,0.0000000,269.5685089,163.9192322
1100,4,0.0000000,0.0000000,249.0737573,54.0626984
1100,5,0.0000000,0.0000000,233.3157830,143.8500238
1110,0,0.0000000,0.0000000,237.2510231,185.9100497
1110,2,0.0000000,0.0000000,150.7593755,185.4761075
1110,3,0.0000000,0.0000000,271.0666350,163.8442787
1110,4,0.0000000,0.0000000,250.5658179,53.9085714
1110,5,0.0000000,0.0000000,234.3549036,144.9317947
1120,0,0.0000000,0.0000000,238.7449986,186.0443530
1120,2,0.0000000,0.0000000,152.0498017,184.7113851
1120,3,0.0000000,0.0000000,270.6084009,165.2725719
1120,4,0.0000000,0.0000000,249.0737573,54.0626984
1120,5,0.0000000,0.0000000,235.3019946,146.0949880
1130,0,0.0000000,0.0000000,238.2391817,187.4564966
1130,2,0.0000000,0.0000000,150.7593755,185.4761075
1130,3,0.0000000,0.0000000,272.1073038,165.2152122
1130,4,0.0000000,0.0000000,250.5658179,53.9085714
1130,5,0.0000000,0.0000000,236.3884349,147.1292257
1140,0,0.0000000,0.0000000,239.7083387,187.7591149
1140,2,0.0000000,0.0000000,152.0498017,184.7113851
1140,3,0.0000000,0.0000000,272.4667014,166.6715203
1140,4,0.0000000,0.0000000,249.0737573,54.0626984
1140,5,0.0000000,0.0000000,237.1673584,148.4111298
1150,0,0.0000000,0.0000000,239.3031570,189.2033544
1150,2,0.0000000,0.0000000,150.7593755,185.4761075
1150,3,0.0000000,0.0000000,273.9666527,166.6836115
1150,4,0.0000000,0.0000000,250.5658179,53.9085714
1150,5,0.0000000,0.0000000,237.0687160,146.9143768
1160,0,0.0000000,0.0000000,239.9645575,187.8570449
1160,2,0.0000000,0.0000000,152.0498017,184.7113851
1160,3,0.0000000,0.0000000,272.4791374,166.8767389
1160,4,0.0000000,0.0000000,249.0737573,54.0626984
1160,5,0.0000000,0.0000000,237.7907903,148.2291424
1170,0,0.0000000,0.0000000,239.2648498,189.1838490
1170,2,0.0000000,0.0000000,150.7593755,185.4761075
1170,3,0.0000000,0.0000000,273.9789677,166.8993018
1170,4,0.0000000,0.0000000,250.5658179,53.9085714
1170,5,0.0000000,0.0000000,236.7182697,147.1804768
1180,0,0.0000000,0.0000000,239.9760260,187.8631566
1180,2,0.0000000,0.0000000,152.0498017,184.7113851
1180,3,0.0000000,0.0000000,272.4795600,166.9414518
1180,4,0.0000000,0.0000000,249.0737573,54.0626984
1180,5,0.0000000,0.0000000,237.5615519,148.4209909
1190,0,0.0000000,0.0000000,239.3321044,189.2179130
1190,2,0.0000000,0.0000000,150.7593755,185.4761075
1190,3,0.0000000,0.0000000,273.9779121,166.8711600
1190,4,0.0000000,0.0000000,250.5658179,53.9085714
1190,5,0.0000000,0.0000000,236.8691975,147.0903349
1200,0,0.0000000,0.0000000,239.9971372,187.8733940
1200,2,0.0000000,0.0000000,152.0498017,184.7113851
1200,3,0.0000000,0.0000000,272.4795589,166.9414281
1200,4,0.0000000,0.0000000,249.0737573,54.0626984
1200,5,0.0000000,0.0000000,237.6652010,148.3617036
1210,0,0.0000000,0.0000000,239.3177956,189.2107403
1210,2,0.0000000,0.0000000,150.7593755,185.4761075
1210,3,0.0000000,0.0000000,273.9788471,166.8952225
1210,4,0.0000000,0.0000000,250.5658179,53.9085714
1210,5,0.0000000,0.0000000,236.8120575,147.1279507
1220,0,0.0000000,0.0000000,239.9944144,187.8720144
1220,2,0.0000000,0.0000000,152.0498017,184.7113851
1220,3,0.0000000,0.0000000,272.4797443,166.9470941
1220,4,0.0000000,0.0000000,249.0737573,54.0626984
1220,5,0.0000000,0.0000000,237.6265466,148.3875568
1230,0,0.0000000,0.0000000,239.3257434,189.2147277
1230,2,0.0000000,0.0000000,150.7593755,185.4761075
1230,3,0.0000000,0.0000000,273.9785921,166.8883145
1230,4,0.0000000,0.0000000,250.5658179,53.9085714
1230,5,0.0000000,0.0000000,236.8344033,147.1137793
1240,0,0.0000000,0.0000000,239.9966082,187.8731091
1240,2,0.0000000,0.0000000,152.0498017,184.7113851
1240,3,0.0000000,0.0000000,272.4796961,166.9458519
1240,4,0.0000000,0.0000000,249.0737573,54.0626984
1240,5,0.0000000,0.0000000,237.6417427,148.3779799
1250,0,0.0000000,0.0000000,239.3231713,189.2134385
1250,2,0.0000000,0.0000000,150.7593755,185.4761075
1250,3,0.0000000,0.0000000,273.9787045,166.8913198
1250,4,0.0000000,0.0000000,250.5658179,53.9085714
1250,5,0.0000000,0.0000000,236.8255983,147.1194458
1260,0,0.0000000,0.0000000,239.9960512,187.8728294
1260,2,0.0000000,0.0000000,152.0498017,184.7113851
1260,3,0.0000000,0.0000000,272.4797159,166.9463936
1260,4,0.0000000,0.0000000,249.0737573,54.0626984
1260,5,0.0000000,0.0000000,237.6357374,148.3818540
1270,0,0.0000000,0.0000000,239.3243692,189.2140391
1270,2,0.0000000,0.0000000,150.7593755,185.4761075
1270,3,0.0000000,0.0000000,273.9786584,166.8900811
1270,4,0.0000000,0.0000000,250.5658179,53.9085714
1270,5,0.0000000,0.0000000,236.8289085,147.1173276
1280,0,0.0000000,0.0000000,239.9964185,187.8730134
1280,2,0.0000000,0.0000000,152.0498017,184.7113851
1280,3,0.0000000,0.0000000,272.4797041,166.9460802
1280,4,0.0000000,0.0000000,249.0737573,54.0626984
1280,5,0.0000000,0.0000000,237.6379645,148.3804302
1290,0,0.0000000,0.0000000,239.3240415,189.2138748
1290,2,0.0000000,0.0000000,150.7593755,185.4761075
1290,3,0.0000000,0.0000000,273.9786716,166.8904334
1290,4,0.0000000,0.0000000,250.5658179,53.9085714
1290,5,0.0000000,0.0000000,236.8274900,147.1182373
1300,0,0.0000000,0.0000000,239.9964006,187.8730044
1300,2,0.0000000,0.0000000,152.0498017,184.7113851
1300,3,0.0000000,0.0000000,272.4797039,166.9460735
1300,4,0.0000000,0.0000000,249.0737573,54.0626984
1300,5,0.0000000,0.0000000,237.6369763,148.3810642
1310,0,0.0000000,0.0000000,239.3242997,189.2140042
1310,2,0.0000000,0.0000000,150.7593755,185.4761075
1310,3,0.0000000,0.0000000,273.9786612,166.8901548
1310,4,0.0000000,0.0000000,250.5658179,53.9085714
1310,5,0.0000000,0.0000000,236.8279150,147.1179650
1320,0,0.0000000,0.0000000,239.9965289,187.8730688
1320,2,0.0000000,0.0000000,152.0498017,184.7113851
1320,3,0.0000000,0.0000000,272.4796990,166.9459429
1320,4,0.0000000,0.0000000,249.0737573,54.0626984
1320,5,0.0000000,0.0000000,237.6372413,148.3808945
1330,0,0.0000000,0.0000000,239.3243280,189.2140184
1330,2,0.0000000,0.0000000,150.7593755,185.4761075
1330,3,0.0000000,0.0000000,273.9786599,166.8901206
1330,4,0.0000000,0.0000000,250.5658179,53.9085714
1330,5,0.0000000,0.0000000,236.8276210,147.1181534
1340,0,0.0000000,0.0000000,239.9965996,187.8731042
1340,2,0.0000000,0.0000000,152.0498017,184.7113851
1340,3,0.0000000,0.0000000,272.4796959,166.9458599
1340,4,0.0000000,0.0000000,249.0737573,54.0626984
1340,5,0.0000000,0.0000000,237.6370174,148.3810380
1350,0,0.0000000,0.0000000,239.3244457,189.2140774
1350,2,0.0000000,0.0000000,150.7593755,185.4761075
1350,3,0.0000000,0.0000000,273.9786551,166.8899909
1350,4,0.0000000,0.0000000,250.5658179,53.9085714
1350,5,0.0000000,0.0000000,236.8276073,147.1181622
1360,0,0.0000000,0.0000000,239.9966927,187.8731508
1360,2,0.0000000,0.0000000,152.0498017,184.7113851
1360,3,0.0000000,0.0000000,272.4796921,166.9457582
1360,4,0.0000000,0.0000000,249.0737573,54.0626984
1360,5,0.0000000,0.0000000,237.6369842,148.3810593
1370,0,0.0000000,0.0000000,239.3245285,189.2141189
1370,2,0.0000000,0.0000000,150.7593755,185.4761075
1370,3,0.0000000,0.0000000,273.9786517,166.8898984
1370,4,0.0000000,0.0000000,250.5658179,53.9085714
1370,5,0.0000000,0.0000000,236.8274844,147.1182410
1380,0,0.0000000,0.0000000,239.9967770,187.8731931
1380,2,0.0000000,0.0000000,152.0498017,184.7113851
1380,3,0.0000000,0.0000000,272.4796886,166.9456638
1380,4,0.0000000,0.0000000,249.0737573,54.0626984
1380,5,0.0000000,0.0000000,237.6368766,148.3811282
1390,0,0.0000000,0.0000000,239.3246249,189.2141672
1390,2,0.0000000,0.0000000,150.7593755,185.4761075
1390,3,0.0000000,0.0000000,273.9786477,166.8897914
1390,4,0.0000000,0.0000000,250.5658179,53.9085714
1390,5,0.0000000,0.0000000,236.8274040,147.1182925
1400,0,0.0000000,0.0000000,239.9968647,187.8732371
1400,2,0.0000000,0.0000000,152.0498017,184.7113851
1400,3,0.0000000,0.0000000,272.4796850,166.9455666
1400,4,0.0000000,0.0000000,249.0737573,54.0626984
1400,5,0.0000000,0.0000000,237.6367980,148.3811786
1410,0,0.0000000,0.0000000,239.3247160,189.2142129
1410,2,0.0000000,0.0000000,150.7593755,185.4761075
1410,3,0.0000000,0.0000000,273.9786439,166.8896901
1410,4,0.0000000,0.0000000,250.5658179,53.9085714
1410,5,0.0000000,0.0000000,236.8273071,147.1183546
1420,0,0.0000000,0.0000000,239.9969510,187.8732804
1420,2,0.0000000,0.0000000,152.0498017,184.7113851
1420,3,0.0000000,0.0000000,272.4796814,166.9454704
1420,4,0.0000000,0.0000000,249.0737573,54.0626984
1420,5,0.0000000,0.0000000,237.6367081,148.3812362
1430,0,0.0000000,0.0000000,239.3248091,189.2142596
1430,2,0.0000000,0.0000000,150.7593755,185.4761075
1430,3,0.0000000,0.0000000,273.9786400,166.8895865
1430,4,0.0000000,0.0000000,250.5658179,53.9085714
1430,5,0.0000000,0.0000000,236.8272166,147.1184126
1440,0,0.0000000,0.0000000,239.9970379,187.8733239
1440,2,0.0000000,0.0000000,152.0498017,184.7113851
1440,3,0.0000000,0.0000000,272.4796778,166.9453739
1440,4,0.0000000,0.0000000,249.0737573,54.0626984
1440,5,0.0000000,0.0000000,237.6366227,148.3812910
1450,0,0.0000000,0.0000000,239.3249015,189.2143059
1450,2,0.0000000,0.0000000,150.7593755,185.4761075
1450,3,0.0000000,0.0000000,273.9786362,166.8894838
1450,4,0.0000000,0.0000000,250.5658179,53.9085714
1450,5,0.0000000,0.0000000,236.8271236,147.1184722
1460,0,0.0000000,0.0000000,239.9971246,187.8733674
1460,2,0.0000000,0.0000000,152.0498017,184.7113851
1460,3,0.0000000,0.0000000,272.4796742,166.9452775
1460,4,0.0000000,0.0000000,249.0737573,54.0626984
1460,5,0.0000000,0.0000000,237.6365355,148.3813469
1470,0,0.0000000,0.0000000,239.3249941,189.2143523
1470,2,0.0000000,0.0000000,150.7593755,185.4761075
1470,3,0.0000000,0.0000000,273.9786324,166.8893808
1470,4,0.0000000,0.0000000,250.5658179,53.9085714
1470,5,0.0000000,0.0000000,236.8270316,147.1185312
1480,0,0.0000000,0.0000000,239.9972114,187.8734109
1480,2,0.0000000,0.0000000,152.0498017,184.7113851
1480,3,0.0000000,0.0000000,272.4796706,166.9451811
1480,4,0.0000000,0.0000000,249.0737573,54.0626984
1480,5,0.0000000,0.0000000,237.6364490,148.3814023
1490,0,0.0000000,0.0000000,239.3250866,189.2143987
1490,2,0.0000000,0.0000000,150.7593755,185.4761075
1490,3,0.0000000,0.0000000,273.9786285,166.8892779
1490,4,0.0000000,0.0000000,250.5658179,53.9085714
1490,5,0.0000000,0.0000000,236.8269393,147.1185904
1500,0,0.0000000,0.0000000,239.9972981,187.8734543
1500,2,0.0000000,0.0000000,152.0498017,184.7113851
1500,3,0.0000000,0.0000000,272.4796670,166.9450847
1500,4,0.0000000,0.0000000,249.0737573,54.0626984
1500,5,0.0000000,0.0000000,237.6363622,148.3814579
1510,0,0.0000000,0.0000000,239.3251792,189.2144451
1510,2,0.0000000,0.0000000,150.7593755,185.4761075
1510,3,0.0000000,0.0000000,273.9786247,166.8891750
1510,4,0.0000000,0.0000000,250.5658179,53.9085714
1510,5,0.0000000,0.0000000,236.8268470,147.1186495
1520,0,0.0000000,0.0000000,239.9973848,187.8734978
1520,2,0.0000000,0.0000000,152.0498017,184.7113851
1520,3,0.0000000,0.0000000,272.4796634,166.9449883
1520,4,0.0000000,0.0000000,249.0737573,54.0626984
1520,5,0.0000000,0.0000000,237.6362755,148.3815135
1530,0,0.0000000,0.0000000,239.3252718,189.2144915
1530,2,0.0000000,0.0000000,150.7593755,185.4761075
1530,3,0.0000000,0.0000000,273.9786209,166.8890721
1530,4,0.0000000,0.0000000,250.5658179,53.9085714
1530,5,0.0000000,0.0000000,236.8267548,147.1187086
1540,0,0.0000000,0.0000000,239.9974716,187.8735413
1540,2,0.0000000,0.0000000,152.0498017,184.7113851
1540,3,0.0000000,0.0000000,272.4796598,166.9448919
1540,4,0.0000000,0.0000000,249.0737573,54.0626984
1540,5,0.0000000,0.0000000,237.6361888,148.3815691
1550,0,0.0000000,0.0000000,239.3253643,189.2145379
1550,2,0.0000000,0.0000000,150.7593755,185.4761075
1550,3,0.0000000,0.0000000,273.9786170,166.8889692
1550,4,0.0000000,0.0000000,250.5658179,53.9085714
1550,5,0.0000000,0.0000000,236.8266625,147.1187678
1560,0,0.0000000,0.0000000,239.9975583,187.8735848
1560,2,0.0000000,0.0000000,152.0498017,184.7113851
1560,3,0.0000000,0.0000000,272.4796563,166.9447955
1560,4,0.0000000,0.0000000,249.0737573,54.0626984
1560,5,0.0000000,0.0000000,237.6361021,148.3816246
1570,0,0.0000000,0.0000000,239.3254568,189.2145843
1570,2,0.0000000,0.0000000,150.7593755,185.4761075
1570,3,0.0000000,0.0000000,273.9786132,166.8888663
1570,4,0.0000000,0.0000000,250.5658179,53.9085714
1570,5,0.0000000,0.0000000,236.8265703,147.1188269
1580,0,0.0000000,0.0000000,239.9976450,187.8736282
1580,2,0.0000000,0.0000000,152.0498017,184.7113851
1580,3,0.0000000,0.0000000,272.4796527,166.9446991
1580,4,0.0000000,0.0000000,249.0737573,54.0626984
1580,5,0.0000000,0.0000000,237.6360155,148.3816802
1590,0,0.0000000,0.0000000,239.3255494,189.2146306
1590,2,0.0000000,0.0000000,150.7593755,185.4761075
1590,3,0.0000000,0.0000000,273.9786094,166.8887634
1590,4,0.0000000,0.0000000,250.5658179,53.9085714
1590,5,0.0000000,0.0000000,236.8264780,147.1188860
1600,0,0.0000000,0.0000000,239.9977317,187.8736717
1600,2,0.0000000,0.0000000,152.0498017,184.7113851
1600,3,0.0000000,0.0000000,272.4796491,166.9446027
1600,4,0.0000000,0.0000000,249.0737573,54.0626984
1600,5,0.0000000,0.0000000,237.6359288,148.3817358
1610,0,0.0000000,0.0000000,239.3256419,189.2146770
1610,2,0.0000000,0.0000000,150.7593755,185.4761075
1610,3,0.0000000,0.0000000,273.9786055,166.8886605
1610,4,0.0000000,0.0000000,250.5658179,53.9085714
1610,5,0.0000000,0.0000000,236.8263858,147.1189452
1620,0,0.0000000,0.0000000,239.9978184,187.8737151
1620,2,0.0000000,0.0000000,152.0498017,184.7113851
1620,3,0.0000000,0.0000000,272.4796455,166.9445063
1620,4,0.0000000,0.0000000,249.0737573,54.0626984
1620,5,0.0000000,0.0000000,237.6358421,148.3817913
1630,0,0.0000000,0.0000000,239.3257344,189.2147234
1630,2,0.0000000,0.0000000,150.7593755,185.4761075
1630,3,0.0000000,0.0000000,273.9786017,166.8885576
1630,4,0.0000000,0.0000000,250.5658179,53.9085714
1630,5,0.0000000,0.0000000,236.8262935,147.1190043
1640,0,0.0000000,0.0000000,239.9979051,187.8737586
1640,2,0.0000000,0.0000000,152.0498017,184.7113851
1640,3,0.0000000,0.0000000,272.4796419,166.9444099
1640,4,0.0000000,0.0000000,249.0737573,54.0626984
1640,5,0.0000000,0.0000000,237.6357554,148.3818469
1650,0,0.0000000,0.0000000,239.3258270,189.2147698
1650,2,0.0000000,0.0000000,150.7593755,185.4761075
1650,3,0.0000000,0.0000000,273.9785979,166.8884548
1650,4,0.0000000,0.0000000,250.5658179,53.9085714
1650,5,0.0000000,0.0000000,236.8262013,147.1190634
1660,0,0.0000000,0.0000000,239.9979918,187.8738021
1660,2,0.0000000,0.0000000,152.0498017,184.7113851
1660,3,0.0000000,0.0000000,272.4796383,166.9443135
1660,4,0.0000000,0.0000000,249.0737573,54.0626984
1660,5,0.0000000,0.0000000,237.6356688,148.3819024
1670,0,0.0000000,0.0000000,239.3259195,189.2148161
1670,2,0.0000000,0.0000000,150.7593755,185.4761075
1670,3,0.0000000,0.0000000,273.9785940,166.8883519
1670,4,0.0000000,0.0000000,250.5658179,53.9085714
1670,5,0.0000000,0.0000000,236.8261090,147.1191226
1680,0,0.0000000,0.0000000,239.9980785,187.8738455
1680,2,0.0000000,0.0000000,152.0498017,184.7113851
1680,3,0.0000000,0.0000000,272.4796347,166.9442171
1680,4,0.0000000,0.0000000,249.0737573,54.0626984
1680,5,0.0000000,0.0000000,237.6355821,148.3819580
1690,0,0.0000000,0.0000000,239.3260120,189.2148625
1690,2,0.0000000,0.0000000,150.7593755,185.4761075
1690,3,0.0000000,0.0000000,273.9785902,166.8882490
1690,4,0.0000000,0.0000000,250.5658179,53.9085714
1690,5,0.0000000,0.0000000,236.8260168,147.1191817
1700,0,0.0000000,0.0000000,239.9981652,187.8738890
1700,2,0.0000000,0.0000000,152.0498017,184.7113851
1700,3,0.0000000,0.0000000,272.4796311,166.9441207
1700,4,0.0000000,0.0000000,249.0737573,54.0626984
1700,5,0.0000000,0.0000000,237.6354955,148.3820135
1710,0,0.0000000,0.0000000,239.3261045,189.2149089
1710,2,0.0000000,0.0000000,150.7593755,185.4761075
1710,3,0.0000000,0.0000000,273.9785863,166.8881461
1710,4,0.0000000,0.0000000,250.5658179,53.9085714
1710,5,0.0000000,0.0000000,236.8259246,147.1192408
1720,0,0.0000000,0.0000000,239.9982519,187.8739324
1720,2,0.0000000,0.0000000,152.0498017,184.7113851
1720,3,0.0000000,0.0000000,272.4796275,166.9440244
1720,4,0.0000000,0.0000000,249.0737573,54.0626984
1720,5,0.0000000,0.0000000,237.6354088,148.3820691
1730,0,0.0000000,0.0000000,239.3261970,189.2149552
1730,2,0.0000000,0.0000000,150.7593755,185.4761075
1730,3,0.0000000,0.0000000,273.9785825,166.8880433
1730,4,0.0000000,0.0000000,250.5658179,53.9085714
1730,5,0.0000000,0.0000000,236.8258324,147.1192999
1740,0,0.0000000,0.0000000,239.9983386,187.8739759
1740,2,0.0000000,0.0000000,152.0498017,184.7113851
1740,3,0.0000000,0.0000000,272.4796239,166.9439280
1740,4,0.0000000,0.0000000,249.0737573,54.0626984
1740,5,0.0000000,0.0000000,237.6353222,148.3821246
1750,0,0.0000000,0.0000000,239.3262895,189.2150016
1750,2,0.0000000,0.0000000,150.7593755,185.4761075
1750,3,0.0000000,0.0000000,273.9785787,166.8879404
1750,4,0.0000000,0.0000000,250.5658179,53.9085714
1750,5,0.0000000,0.0000000,236.8257402,147.1193590
1760,0,0.0000000,0.0000000,239.9984253,187.8740193
1760,2,0.0000000,0.0000000,152.0498017,184.7113851
1760,3,0.0000000,0.0000000,272.4796203,166.9438316
1760,4,0.0000000,0.0000000,249.0737573,54.0626984
1760,5,0.0000000,0.0000000,237.6352355,148.3821802
1770,0,0.0000000,0.0000000,239.3263820,189.2150480
1770,2,0.0000000,0.0000000,150.7593755,185.4761075
1770,3,0.0000000,0.0000000,273.9785748,166.8878376
1770,4,0.0000000,0.0000000,250.5658179,53.9085714
1770,5,0.0000000,0.0000000,236.8256479,147.1194182
1780,0,0.0000000,0.0000000,239.9985120,187.8740628
1780,2,0.0000000,0.0000000,152.0498017,184.7113851
1780,3,0.0000000,0.0000000,272.4796167,166.9437353
1780,4,0.0000000,0.0000000,249.0737573,54.0626984
1780,5,0.0000000,0.0000000,237.6351489,148.3822357
1790,0,0.0000000,0.0000000,239.3264745,189.2150943
1790,2,0.0000000,0.0000000,150.7593755,185.4761075
1790,3,0.0000000,0.0000000,273.9785710,166.8877347
1790,4,0.0000000,0.0000000,250.5658179,53.9085714
1790,5,0.0000000,0.0000000,236.8255557,147.1194773
1800,0,0.0000000,0.0000000,239.9985987,187.8741062
1800,2,0.0000000,0.0000000,152.0498017,184.7113851
1800,3,0.0000000,0.0000000,272.4796131,166.9436389
1800,4,0.0000000,0.0000000,249.0737573,54.0626984
1800,5,0.0000000,0.0000000,237.6350622,148.3822913
1810,0,0.0000000,0.0000000,239.3265670,189.2151407
1810,2,0.0000000,0.0000000,150.7593755,185.4761075
1810,3,0.0000000,0.0000000,273.9785672,166.8876319
1810,4,0.0000000,0.0000000,250.5658179,53.9085714
1810,5,0.0000000,0.0000000,236.8254635,147.1195364
1820,0,0.0000000,0.0000000,239.9986854,187.8741497
1820,2,0.0000000,0.0000000,152.0498017,184.7113851
1820,3,0.0000000,0.0000000,272.4796095,166.9435426
1820,4,0.0000000,0.0000000,249.0737573,54.0626984
1820,5,0.0000000,0.0000000,237.6349756,148.3823468
1830,0,0.0000000,0.0000000,239.3266595,189.2151870
1830,2,0.0000000,0.0000000,150.7593755,185.4761075
1830,3,0.0000000,0.0000000,273.9785633,166.8875290
1830,4,0.0000000,0.0000000,250.5658179,53.9085714
1830,5,0.0000000,0.0000000,236.8253713,147.1195955
1840,0,0.0000000,0.0000000,239.9987720,187.8741931
1840,2,0.0000000,0.0000000,152.0498017,184.7113851
1840,3,0.0000000,0.0000000,272.4796059,166.9434462
1840,4,0.0000000,0.0000000,249.0737573,54.0626984
1840,5,0.0000000,0.0000000,237.6348890,148.3824024
1850,0,0.0000000,0.0000000,239.3267520,189.2152334
1850,2,0.0000000,0.0000000,150.7593755,185.4761075
1850,3,0.0000000,0.0000000,273.9785595,166.8874262
1850,4,0.0000000,0.0000000,250.5658179,53.9085714
1850,5,0.0000000,0.0000000,236.8252791,147.1196546
1860,0,0.0000000,0.0000000,239.9988587,187.8742365
1860,2,0.0000000,0.0000000,152.0498017,184.7113851
1860,3,0.0000000,0.0000000,272.4796023,166.9433499
1860,4,0.0000000,0.0000000,249.0737573,54.0626984
1860,5,0.0000000,0.0000000,237.6348023,148.3824579
1870,0,0.0000000,0.0000000,239.3268445,189.2152797
1870,2,0.0000000,0.0000000,150.7593755,185.4761075
1870,3,0.0000000,0.0000000,273.9785556,166.8873233
1870,4,0.0000000,0.0000000,250.5658179,53.9085714
1870,5,0.0000000,0.0000000,236.8251869,147.1197137
1880,0,0.0000000,0.0000000,239.9989454,187.8742800
1880,2,0.0000000,0.0000000,152.0498017,184.7113851
1880,3,0.0000000,0.0000000,272.4795987,166.9432536
1880,4,0.0000000,0.0000000,249.0737573,54.0626984
1880,5,0.0000000,0.0000000,237.6347157,148.3825134
1890,0,0.0000000,0.0000000,239.3269370,189.2153261
1890,2,0.0000000,0.0000000,150.7593755,185.4761075
1890,3,0.0000000,0.0000000,273.9785518,166.8872205
1890,4,0.0000000,0.0000000,250.5658179,53.9085714
1890,5,0.0000000,0.0000000,236.8250948,147.1197728
1900,0,0.0000000,0.0000000,239.9990320,187.8743234
1900,2,0.0000000,0.0000000,152.0498017,184.7113851
1900,3,0.0000000,0.0000000,272.4795951,166.9431572
1900,4,0.0000000,0.0000000,249.0737573,54.0626984
1900,5,0.0000000,0.0000000,237.6346291,148.3825690
1910,0,0.0000000,0.0000000,239.3270295,189.2153724
1910,2,0.0000000,0.0000000,150.7593755,185.4761075
1910,3,0.0000000,0.0000000,273.9785479,166.8871177
1910,4,0.0000000,0.0000000,250.5658179,53.9085714
1910,5,0.0000000,0.0000000,236.8250026,147.1198319
1920,0,0.0000000,0.0000000,239.9991187,187.8743668
1920,2,0.0000000,0.0000000,152.0498017,184.7113851
1920,3,0.0000000,0.0000000,272.4795915,166.9430609
1920,4,0.0000000,0.0000000,249.0737573,54.0626984
1920,5,0.0000000,0.0000000,237.6345425,148.3826245
1930,0,0.0000000,0.0000000,239.3271219,189.2154188
1930,2,0.0000000,0.0000000,150.7593755,185.4761075
1930,3,0.0000000,0.0000000,273.9785441,166.8870149
1930,4,0.0000000,0.0000000,250.5658179,53.9085714
1930,5,0.0000000,0.0000000,236.8249104,147.1198910
1940,0,0.0000000,0.0000000,239.9992053,187.8744102
1940,2,0.0000000,0.0000000,152.0498017,184.7113851
1940,3,0.0000000,0.0000000,272.4795879,166.9429646
1940,4,0.0000000,0.0000000,249.0737573,54.0626984
1940,5,0.0000000,0.0000000,237.6344559,148.3826800
1950,0,0.0000000,0.0000000,239.3272144,189.2154651
1950,2,0.0000000,0.0000000,150.7593755,185.4761075
1950,3,0.0000000,0.0000000,273.9785403,166.8869121
1950,4,0.0000000,0.0000000,250.5658179,53.9085714
1950,5,0.0000000,0.0000000,236.8248182,147.1199501
1960,0,0.0000000,0.0000000,239.9992920,187.8744537
1960,2,0.0000000,0.0000000,152.0498017,184.7113851
1960,3,0.0000000,0.0000000,272.4795843,166.9428683
1960,4,0.0000000,0.0000000,249.0737573,54.0626984
1960,5,0.0000000,0.0000000,237.6343693,148.3827355
1970,0,0.0000000,0.0000000,239.3273069,189.2155115
1970,2,0.0000000,0.0000000,150.7593755,185.4761075
1970,3,0.0000000,0.0000000,273.9785364,166.8868092
1970,4,0.0000000,0.0000000,250.5658179,53.9085714
1970,5,0.0000000,0.0000000,236.8247261,147.1200092
1980,0,0.0000000,0.0000000,239.9993786,187.8744971
1980,2,0.0000000,0.0000000,152.0498017,184.7113851
1980,3,0.0000000,0.0000000,272.4795807,166.9427719
1980,4,0.0000000,0.0000000,249.0737573,54.0626984
1980,5,0.0000000,0.0000000,237.6342827,148.3827911
1990,0,0.0000000,0.0000000,239.3273993,189.2155578
1990,2,0.0000000,0.0000000,150.7593755,185.4761075
1990,3,0.0000000,0.0000000,273.9785326,166.8867064
1990,4,0.0000000,0.0000000,250.5658179,53.9085714
1990,5,0.0000000,0.0000000,236.8246339,147.1200683
2000,0,0.0000000,0.0000000,239.9994653,187.8745405
2000,2,0.0000000,0.0000000,152.0498017,184.7113851
2000,3,0.0000000,0.0000000,272.4795771,166.9426756
2000,4,0.0000000,0.0000000,249.0737573,54.0626984
2000,5,0.0000000,0.0000000,237.6341961,148.3828466
2010,0,0.0000000,0.0000000,239.3274918,189.2156041
2010,2,0.0000000,0.0000000,150.7593755,185.4761075
2010,3,0.0000000,0.0000000,273.9785287,166.8866036
2010,4,0.0000000,0.0000000,250.5658179,53.9085714
2010,5,0.0000000,0.0000000,236.8245417,147.1201274
2020,0,0.0000000,0.0000000,239.9995519,187.8745839
2020,2,0.0000000,0.0000000,152.0498017,184.7113851
2020,3,0.0000000,0.0000000,272.4795735,166.9425793
2020,4,0.0000000,0.0000000,249.0737573,54.0626984
2020,5,0.0000000,0.0000000,237.6341095,148.3829021
2030,0,0.0000000,0.0000000,239.3275843,189.2156505
2030,2,0.0000000,0.0000000,150.7593755,185.4761075
2030,3,0.0000000,0.0000000,273.9785249,166.8865008
2030,4,0.0000000,0.0000000,250.5658179,53.9085714
2030,5,0.0000000,0.0000000,236.8244496,147.1201864
2040,0,0.0000000,0.0000000,239.9996386,187.8746273
2040,2,0.0000000,0.0000000,152.0498017,184.7113851
2040,3,0.0000000,0.0000000,272.4795699,166.9424830
2040,4,0.0000000,0.0000000,249.0737573,54.0626984
2040,5,0.0000000,0.0000000,237.6340229,148.3829576
2050,0,0.0000000,0.0000000,239.3276767,189.2156968
2050,2,0.0000000,0.0000000,150.7593755,185.4761075
2050,3,0.0000000,0.0000000,273.9785211,166.8863981
2050,4,0.0000000,0.0000000,250.5658179,53.9085714
2050,5,0.0000000,0.0000000,236.8243574,147.1202455
2060,0,0.0000000,0.0000000,239.9997252,187.8746708
2060,2,0.0000000,0.0000000,152.0498017,184.7113851
2060,3,0.0000000,0.0000000,272.4795663,166.9423867
2060,4,0.0000000,0.0000000,249.0737573,54.0626984
2060,5,0.0000000,0.0000000,237.6339363,148.3830131
2070,0,0.0000000,0.0000000,239.3277691,189.2157431
2070,2,0.0000000,0.0000000,150.7593755,185.4761075
2070,3,0.0000000,0.0000000,273.9785172,166.8862953
2070,4,0.0000000,0.0000000,250.5658179,53.9085714
2070,5,0.0000000,0.0000000,236.8242653,147.1203046
2080,0,0.0000000,0.0000000,239.9998118,187.8747142
2080,2,0.0000000,0.0000000,152.0498017,184.7113851
2080,3,0.0000000,0.0000000,272.4795627,166.9422904
2080,4,0.0000000,0.0000000,249.0737573,54.0626984
2080,5,0.0000000,0.0000000,237.6338497,148.3830687
2090,0,0.0000000,0.0000000,239.3278616,189.2157894
2090,2,0.0000000,0.0000000,150.7593755,185.4761075
2090,3,0.0000000,0.0000000,273.9785134,166.8861925
2090,4,0.0000000,0.0000000,250.5658179,53.9085714
2090,5,0.0000000,0.0000000,236.8241731,147.1203637
2100,0,0.0000000,0.0000000,239.9998985,187.8747576
2100,2,0.0000000,0.0000000,152.0498017,184.7113851
2100,3,0.0000000,0.0000000,272.4795591,166.9421941
2100,4,0.0000000,0.0000000,249.0737573,54.0626984
2100,5,0.0000000,0.0000000,237.6337631,148.3831242
2110,0,0.0000000,0.0000000,239.3279540,189.2158357
2110,2,0.0000000,0.0000000,150.7593755,185.4761075
2110,3,0.0000000,0.0000000,273.9785095,166.8860897
2110,4,0.0000000,0.0000000,250.5658179,53.9085714
2110,5,0.0000000,0.0000000,236.8240810,147.1204228
2120,0,0.0000000,0.0000000,239.9999851,187.8748010
2120,2,0.0000000,0.0000000,152.0498017,184.7113851
2120,3,0.0000000,0.0000000,272.4795555,166.9420978
2120,4,0.0000000,0.0000000,249.0737573,54.0626984
2120,5,0.0000000,0.0000000,237.6336766,148.3831797
2130,0,0.0000000,0.0000000,239.3280465,189.2158821
2130,2,0.0000000,0.0000000,150.7593755,185.4761075
2130,3,0.0000000,0.0000000,273.9785057,166.8859869
2130,4,0.0000000,0.0000000,250.5658179,53.9085714
2130,5,0.0000000,0.0000000,236.8239888,147.1204818
2140,0,0.0000000,0.0000000,240.0000717,187.8748444
2140,2,0.0000000,0.0000000,152.0498017,184.7113851
2140,3,0.0000000,0.0000000,272.4795519,166.9420016
2140,4,0.0000000,0.0000000,249.0737573,54.0626984
2140,5,0.0000000,0.0000000,237.6335900,148.3832352
2150,0,0.0000000,0.0000000,239.3281389,189.2159284
2150,2,0.0000000,0.0000000,150.7593755,185.4761075
2150,3,0.0000000,0.0000000,273.9785018,166.8858842
2150,4,0.0000000,0.0000000,250.5658179,53.9085714
2150,5,0.0000000,0.0000000,236.8238967,147.1205409
2160,0,0.0000000,0.0000000,240.0001583,187.8748878
2160,2,0.0000000,0.0000000,152.0498017,184.7113851
2160,3,0.0000000,0.0000000,272.4795483,166.9419053
2160,4,0.0000000,0.0000000,249.0737573,54.0626984
2160,5,0.0000000,0.0000000,237.6335034,148.3832907
2170,0,0.0000000,0.0000000,239.3282313,189.2159747
2170,2,0.0000000,0.0000000,150.7593755,185.4761075
2170,3,0.0000000,0.0000000,273.9784980,166.8857814
2170,4,0.0000000,0.0000000,250.5658179,53.9085714
2170,5,0.0000000,0.0000000,236.8238046,147.1206000
2180,0,0.0000000,0.0000000,240.0002449,187.8749312
2180,2,0.0000000,0.0000000,152.0498017,184.7113851
2180,3,0.0000000,0.0000000,272.4795447,166.9418090
2180,4,0.0000000,0.0000000,249.0737573,54.0626984
2180,5,0.0000000,0.0000000,237.6334168,148.3833462
2190,0,0.0000000,0.0000000,239.3283237,189.2160210
2190,2,0.0000000,0.0000000,150.7593755,185.4761075
2190,3,0.0000000,0.0000000,273.9784942,166.8856786
2190,4,0.0000000,0.0000000,250.5658179,53.9085714
2190,5,0.0000000,0.0000000,236.8237125,147.1206591
2200,0,0.0000000,0.0000000,240.0003316,187.8749746
2200,2,0.0000000,0.0000000,152.0498017,184.7113851
2200,3,0.0000000,0.0000000,272.4795411,166.9417127
2200,4,0.0000000,0.0000000,249.0737573,54.0626984
2200,5,0.0000000,0.0000000,237.6333303,148.3834017
2210,0,0.0000000,0.0000000,239.3284162,189.2160673
2210,2,0.0000000,0.0000000,150.7593755,185.4761075
2210,3,0.0000000,0.0000000,273.9784903,166.8855759
2210,4,0.0000000,0.0000000,250.5658179,53.9085714
2210,5,0.0000000,0.0000000,236.8236203,147.1207181
2220,0,0.0000000,0.0000000,240.0004182,187.8750180
2220,2,0.0000000,0.0000000,152.0498017,184.7113851
2220,3,0.0000000,0.0000000,272.4795375,166.9416165
2220,4,0.0000000,0.0000000,249.0737573,54.0626984
2220,5,0.0000000,0.0000000,237.6332437,148.3834572
2230,0,0.0000000,0.0000000,239.3285086,189.2161136
2230,2,0.0000000,0.0000000,150.7593755,185.4761075
2230,3,0.0000000,0.0000000,273.9784865,166.8854731
2230,4,0.0000000,0.0000000,250.5658179,53.9085714
2230,5,0.0000000,0.0000000,236.8235282,147.1207772
2240,0,0.0000000,0.0000000,240.0005048,187.8750614
2240,2,0.0000000,0.0000000,152.0498017,184.7113851
2240,3,0.0000000,0.0000000,272.4795339,166.9415202
2240,4,0.0000000,0.0000000,249.0737573,54.0626984
2240,5,0.0000000,0.0000000,237.6331572,148.3835127
2250,0,0.0000000,0.0000000,239.3286010,189.2161599
2250,2,0.0000000,0.0000000,150.7593755,185.4761075
2250,3,0.0000000,0.0000000,273.9784826,166.8853704
2250,4,0.0000000,0.0000000,250.5658179,53.9085714
2250,5,0.0000000,0.0000000,236.8234361,147.1208363
2260,0,0.0000000,0.0000000,240.0005914,187.8751048
2260,2,0.0000000,0.0000000,152.0498017,184.7113851
2260,3,0.0000000,0.0000000,272.4795303,166.9414239
2260,4,0.0000000,0.0000000,249.0737573,54.0626984
2260,5,0.0000000,0.0000000,237.6330706,148.3835682
2270,0,0.0000000,0.0000000,239.3286934,189.2162062
2270,2,0.0000000,0.0000000,150.7593755,185.4761075
2270,3,0.0000000,0.0000000,273.9784788,166.8852676
2270,4,0.0000000,0.0000000,250.5658179,53.9085714
2270,5,0.0000000,0.0000000,236.8233440,147.1208953
2280,0,0.0000000,0.0000000,240.0006780,187.8751481
2280,2,0.0000000,0.0000000,152.0498017,184.7113851
2280,3,0.0000000,0.0000000,272.4795267,166.9413277
2280,4,0.0000000,0.0000000,249.0737573,54.0626984
2280,5,0.0000000,0.0000000,237.6329841,148.3836237
2290,0,0.0000000,0.0000000,239.3287858,189.2162525
2290,2,0.0000000,0.0000000,150.7593755,185.4761075
2290,3,0.0000000,0.0000000,273.9784749,166.8851649
2290,4,0.0000000,0.0000000,250.5658179,53.9085714
2290,5,0.0000000,0.0000000,236.8232519,147.1209544
2300,0,0.0000000,0.0000000,240.0007645,187.8751915
2300,2,0.0000000,0.0000000,149.4689494,186.2408299
2300,3,0.0000000,0.0000000,272.4795231,166.9412314
2300,4,0.0000000,0.0000000,249.0737573,54.0626984
2300,5,0.0000000,0.0000000,237.6328976,148.3836792
2310,0,0.0000000,0.0000000,239.3288782,189.2162988
2310,2,0.0000000,0.0000000,148.1785232,187.0055523
2310,3,0.0000000,0.0000000,273.9784711,166.8850621
2310,4,0.0000000,0.0000000,250.5658179,53.9085714
2310,5,0.0000000,0.0000000,236.8231598,147.1210134
2320,0,0.0000000,0.0000000,240.0008511,187.8752349
2320,2,0.0000000,0.0000000,146.8880970,187.7702747
2320,3,0.0000000,0.0000000,272.4795195,166.9411352
2320,4,0.0000000,0.0000000,249.0737573,54.0626984
2320,5,0.0000000,0.0000000,237.6328110,148.3837347
2330,0,0.0000000,0.0000000,239.3289706,189.2163451
2330,2,0.0000000,0.0000000,145.5976709,188.5349971
2330,3,0.0000000,0.0000000,273.9784672,166.8849594
2330,4,0.0000000,0.0000000,250.5658179,53.9085714
2330,5,0.0000000,0.0000000,236.8230677,147.1210725
2340,0,0.0000000,0.0000000,240.0009377,187.8752783
2340,2,0.0000000,0.0000000,144.3072447,189.2997194
2340,3,0.0000000,0.0000000,272.4795159,166.9410390
2340,4,0.0000000,0.0000000,249.0737573,54.0626984
2340,5,0.0000000,0.0000000,237.6327245,148.3837902
2350,0,0.0000000,0.0000000,239.3290630,189.2163914
2350,2,0.0000000,0.0000000,143.0168186,190.0644418
2350,3,0.0000000,0.0000000,273.9784634,166.8848567
2350,4,0.0000000,0.0000000,250.5658179,53.9085714
2350,5,0.0000000,0.0000000,236.8229756,147.1211315
2360,0,0.0000000,0.0000000,240.0010243,187.8753217
2360,2,0.0000000,0.0000000,141.7263924,190.8291642
2360,3,0.0000000,0.0000000,272.4795123,166.9409427
2360,4,0.0000000,0.0000000,249.0737573,54.0626984
2360,5,0.0000000,0.0000000,237.6326380,148.3838457
2370,0,0.0000000,0.0000000,239.3291554,189.2164377
2370,2,0.0000000,0.0000000,140.4359662,191.5938866
2370,3,0.0000000,0.0000000,273.9784595,166.8847540
2370,4,0.0000000,0.0000000,250.5658179,53.9085714
2370,5,0.0000000,0.0000000,236.8228835,147.1211906
2380,0,0.0000000,0.0000000,240.0011109,187.8753651
2380,2,0.0000000,0.0000000,139.1455401,192.3586090
2380,3,0.0000000,0.0000000,272.4795087,166.9408465
2380,4,0.0000000,0.0000000,249.0737573,54.0626984
2380,5,0.0000000,0.0000000,237.6325514,148.3839011
2390,0,0.0000000,0.0000000,239.3292478,189.2164840
2390,2,0.0000000,0.0000000,137.8551139,193.1233314
2390,3,0.0000000,0.0000000,273.9784557,166.8846512
2390,4,0.0000000,0.0000000,250.5658179,53.9085714
2390,5,0.0000000,0.0000000,236.8227915,147.1212496
2400,0,0.0000000,0.0000000,240.0011975,187.8754084
2400,2,0.0000000,0.0000000,136.5646878,193.8880538
2400,3,0.0000000,0.0000000,272.4795051,166.9407503
2400,4,0.0000000,0.0000000,249.0737573,54.0626984
2400,5,0.0000000,0.0000000,237.6324649,148.3839566
2410,0,0.0000000,0.0000000,239.3293402,189.2165303
2410,2,0.0000000,0.0000000,135.2742616,194.6527761
2410,3,0.0000000,0.0000000,273.9784518,166.8845485
2410,4,0.0000000,0.0000000,250.5658179,53.9085714
2410,5,0.0000000,0.0000000,236.8226994,147.1213087
2420,0,0.0000000,0.0000000,240.0012840,187.8754518
2420,2,0.0000000,0.0000000,133.9838354,195.4174985
2420,3,0.0000000,0.0000000,272.4795015,166.9406540
2420,4,0.0000000,0.0000000,249.0737573,54.0626984
2420,5,0.0000000,0.0000000,237.6323784,148.3840121
2430,0,0.0000000,0.0000000,239.3294325,189.2165766
2430,2,0.0000000,0.0000000,132.6934093,196.1822209
2430,3,0.0000000,0.0000000,273.9784480,166.8844458
2430,4,0.0000000,0.0000000,250.5658179,53.9085714
2430,5,0.0000000,0.0000000,236.8226073,147.1213677
2440,0,0.0000000,0.0000000,240.0013706,187.8754952
2440,2,0.0000000,0.0000000,131.4029831,196.9469433
2440,3,0.0000000,0.0000000,272.4794979,166.9405578
2440,4,0.0000000,0.0000000,249.0737573,54.0626984
2440,5,0.0000000,0.0000000,237.6322919,148.3840676
2450,0,0.0000000,0.0000000,239.3295249,189.2166228
2450,2,0.0000000,0.0000000,130.1125570,197.7116657
2450,3,0.0000000,0.0000000,273.9784441,166.8843431
2450,4,0.0000000,0.0000000,250.5658179,53.9085714
2450,5,0.0000000,0.0000000,236.8225152,147.1214268
2460,0,0.0000000,0.0000000,240.0014572,187.8755385
2460,2,0.0000000,0.0000000,128.8221308,198.4763881
2460,3,0.0000000,0.0000000,272.4794943,166.9404616
2460,4,0.0000000,0.0000000,249.0737573,54.0626984
2460,5,0.0000000,0.0000000,237.6322054,148.3841231
2470,0,0.0000000,0.0000000,239.3296173,189.2166691
2470,2,0.0000000,0.0000000,127.5317046,199.2411105
2470,3,0.0000000,0.0000000,273.9784403,166.8842404
2470,4,0.0000000,0.0000000,250.5658179,53.9085714
2470,5,0.0000000,0.0000000,236.8224232,147.1214858
2480,0,0.0000000,0.0000000,240.0015437,187.8755819
2480,2,0.0000000,0.0000000,126.2412785,200.0058328
2480,3,0.0000000,0.0000000,272.4794907,166.9403654
2480,4,0.0000000,0.0000000,249.0737573,54.0626984
2480,5,0.0000000,0.0000000,237.6321189,148.3841785
2490,0,0.0000000,0.0000000,239.3297097,189.2167154
2490,2,0.0000000,0.0000000,124.9508523,200.7705552
2490,3,0.0000000,0.0000000,273.9784364,166.8841377
2490,4,0.0000000,0.0000000,250.5658179,53.9085714
2490,5,0.0000000,0.0000000,236.8223311,147.1215449
2500,0,0.0000000,0.0000000,240.0016303,187.8756253
2500,2,0.0000000,0.0000000,123.6604262,201.5352776
2500,3,0.0000000,0.0000000,272.4794871,166.9402692
2500,4,0.0000000,0.0000000,249.0737573,54.0626984
2500,5,0.0000000,0.0000000,237.6320324,148.3842340
2510,0,0.0000000,0.0000000,239.3298020,189.2167617
2510,2,0.0000000,0.0000000,122.3700000,202.3000000
2510,3,0.0000000,0.0000000,273.9784326,166.8840350
2510,4,0.0000000,0.0000000,250.5658179,53.9085714
2510,5,0.0000000,0.0000000,236.8222391,147.1216039
2520,0,0.0000000,0.0000000,240.0017168,187.8756686
2520,2,0.0000000,0.0000000,122.3700000,202.3000000
2520,3,0.0000000,0.0000000,272.4794835,166.9401730
2520,4,0.0000000,0.0000000,249.0737573,54.0626984
2520,5,0.0000000,0.0000000,237.6319459,148.3842895
2530,0,0.0000000,0.0000000,239.3298944,189.2168079
2530,2,0.0000000,0.0000000,122.3700000,202.3000000
2530,3,0.0000000,0.0000000,273.9784288,166.8839323
2530,4,0.0000000,0.0000000,250.5658179,53.9085714
2530,5,0.0000000,0.0000000,236.8221470,147.1216629
2540,0,0.0000000,0.0000000,240.0018034,187.8757120
2540,2,0.0000000,0.0000000,122.3700000,202.3000000
2540,3,0.0000000,0.0000000,272.4794799,166.9400768
2540,4,0.0000000,0.0000000,249.0737573,54.0626984
2540,5,0.0000000,0.0000000,237.6318594,148.3843449
2550,0,0.0000000,0.0000000,239.3299867,189.2168542
2550,2,0.0000000,0.0000000,122.3700000,202.3000000
2550,3,0.0000000,0.0000000,273.9784249,166.8838297
2550,4,0.0000000,0.0000000,250.5658179,53.9085714
2550,5,0.0000000,0.0000000,236.8220550,147.1217220
2560,0,0.0000000,0.0000000,240.0018899,187.8757554
2560,2,0.0000000,0.0000000,122.3700000,202.3000000
2560,3,0.0000000,0.0000000,272.4794762,166.9399806
2560,4,0.0000000,0.0000000,249.0737573,54.0626984
2560,5,0.0000000,0.0000000,237.6317729,148.3844004
2570,0,0.0000000,0.0000000,239.3300791,189.2169005
2570,2,0.0000000,0.0000000,122.3700000,202.3000000
2570,3,0.0000000,0.0000000,273.9784211,166.8837270
2570,4,0.0000000,0.0000000,250.5658179,53.9085714
2570,5,0.0000000,0.0000000,236.8219629,147.1217810
2580,0,0.0000000,0.0000000,240.0019765,187.8757987
2580,2,0.0000000,0.0000000,122.3700000,202.3000000
2580,3,0.0000000,0.0000000,272.4794726,166.9398844
2580,4,0.0000000,0.0000000,249.0737573,54.0626984
2580,5,0.0000000,0.0000000,237.6316864,148.3844559
2590,0,0.0000000,0.0000000,239.3301714,189.2169467
2590,2,0.0000000,0.0000000,122.3700000,202.3000000
2590,3,0.0000000,0.0000000,273.9784172,166.8836243
2590,4,0.0000000,0.0000000,250.5658179,53.9085714
2590,5,0.0000000,0.0000000,236.8218709,147.1218400
2600,0,0.0000000,0.0000000,240.0020630,187.8758421
2600,2,0.0000000,0.0000000,122.3700000,202.3000000
2600,3,0.0000000,0.0000000,272.4794690,166.9397882
2600,4,0.0000000,0.0000000,249.0737573,54.0626984
2600,5,0.0000000,0.0000000,237.6315999,148.3845113
2610,0,0.0000000,0.0000000,239.3302638,189.2169930
2610,2,0.0000000,0.0000000,122.3700000,202.3000000
2610,3,0.0000000,0.0000000,273.9784134,166.8835216
2610,4,0.0000000,0.0000000,250.5658179,53.9085714
2610,5,0.0000000,0.0000000,236.8217788,147.1218990
2620,0,0.0000000,0.0000000,240.0021495,187.8758854
2620,2,0.0000000,0.0000000,122.3700000,202.3000000
2620,3,0.0000000,0.0000000,272.4794654,166.9396920
2620,4,0.0000000,0.0000000,249.0737573,54.0626984
2620,5,0.0000000,0.0000000,237.6315135,148.3845668
2630,0,0.0000000,0.0000000,239.3303561,189.2170392
2630,2,0.0000000,0.0000000,122.3700000,202.3000000
2630,3,0.0000000,0.0000000,273.9784095,166.8834190
2630,4,0.0000000,0.0000000,250.5658179,53.9085714
2630,5,0.0000000,0.0000000,236.8216868,147.1219581
2640,0,0.0000000,0.0000000,240.0022361,187.8759288
2640,2,0.0000000,0.0000000,122.3700000,202.3000000
2640,3,0.0000000,0.0000000,272.4794618,166.9395958
2640,4,0.0000000,0.0000000,249.0737573,54.0626984
2640,5,0.0000000,0.0000000,237.6314270,148.3846223
2650,0,0.0000000,0.0000000,239.3304485,189.2170855
2650,2,0.0000000,0.0000000,122.3700000,202.3000000
2650,3,0.0000000,0.0000000,273.9784056,166.8833163
2650,4,0.0000000,0.0000000,250.5658179,53.9085714
2650,5,0.0000000,0.0000000,236.8215948,147.1220171
2660,0,0.0000000,0.0000000,240.0023226,187.8759721
2660,2,0.0000000,0.0000000,122.3700000,202.3000000
2660,3,0.0000000,0.0000000,272.4794582,166.9394996
2660,4,0.0000000,0.0000000,249.0737573,54.0626984
2660,5,0.0000000,0.0000000,237.6313405,148.3846777
2670,0,0.0000000,0.0000000,239.3305408,189.2171318
2670,2,0.0000000,0.0000000,122.3700000,202.3000000
2670,3,0.0000000,0.0000000,273.9784018,166.8832136
2670,4,0.0000000,0.0000000,250.5658179,53.9085714
2670,5,0.0000000,0.0000000,236.8215028,147.1220761
2680,0,0.0000000,0.0000000,240.0024091,187.8760154
2680,2,0.0000000,0.0000000,122.3700000,202.3000000
2680,3,0.0000000,0.0000000,272.4794546,166.9394035
2680,4,0.0000000,0.0000000,249.0737573,54.0626984
2680,5,0.0000000,0.0000000,237.6312541,148.3847332
2690,0,0.0000000,0.0000000,239.3306331,189.2171780
2690,2,0.0000000,0.0000000,122.3700000,202.3000000
2690,3,0.0000000,0.0000000,273.9783979,166.8831110
2690,4,0.0000000,0.0000000,250.5658179,53.9085714
2690,5,0.0000000,0.0000000,236.8214107,147.1221351
2700,0,0.0000000,0.0000000,240.0024956,187.8760588
2700,2,0.0000000,0.0000000,122.3700000,202.3000000
2700,3,0.0000000,0.0000000,272.4794510,166.9393073
2700,4,0.0000000,0.0000000,249.0737573,54.0626984
2700,5,0.0000000,0.0000000,237.6311676,148.3847886
2710,0,0.0000000,0.0000000,239.3307255,189.2172243
2710,2,0.0000000,0.0000000,122.3700000,202.3000000
2710,3,0.0000000,0.0000000,273.9783941,166.8830084
2710,4,0.0000000,0.0000000,250.5658179,53.9085714
2710,5,0.0000000,0.0000000,236.8213187,147.1221941
2720,0,0.0000000,0.0000000,240.0025822,187.8761021
2720,2,0.0000000,0.0000000,122.3700000,202.3000000
2720,3,0.0000000,0.0000000,272.4794474,166.9392111
2720,4,0.0000000,0.0000000,249.0737573,54.0626984
2720,5,0.0000000,0.0000000,237.6310811,148.3848441
2730,0,0.0000000,0.0000000,239.3308178,189.2172705
2730,2,0.0000000,0.0000000,122.3700000,202.3000000
2730,3,0.0000000,0.0000000,273.9783902,166.8829057
2730,4,0.0000000,0.0000000,250.5658179,53.9085714
2730,5,0.0000000,0.0000000,236.8212267,147.1222531
2740,0,0.0000000,0.0000000,240.0026687,187.8761455
2740,2,0.0000000,0.0000000,122.3700000,202.3000000
2740,3,0.0000000,0.0000000,272.4794438,166.9391150
2740,4,0.0000000,0.0000000,249.0737573,54.0626984
2740,5,0.0000000,0.0000000,237.6309947,148.3848995
2750,0,0.0000000,0.0000000,239.3309101,189.2173167
2750,2,0.0000000,0.0000000,122.3700000,202.3000000
2750,3,0.0000000,0.0000000,273.9783864,166.8828031
2750,4,0.0000000,0.0000000,250.5658179,53.9085714
2750,5,0.0000000,0.0000000,236.8211347,147.1223122
2760,0,0.0000000,0.0000000,240.0027552,187.8761888
2760,2,0.0000000,0.0000000,122.3700000,202.3000000
2760,3,0.0000000,0.0000000,272.4794402,166.9390188
2760,4,0.0000000,0.0000000,249.0737573,54.0626984
2760,5,0.0000000,0.0000000,237.6309082,148.3849550
2770,0,0.0000000,0.0000000,239.3310024,189.2173630
2770,2,0.0000000,0.0000000,122.3700000,202.3000000
2770,3,0.0000000,0.0000000,273.9783825,166.8827004
2770,4,0.0000000,0.0000000,250.5658179,53.9085714
2770,5,0.0000000,0.0000000,236.8210427,147.1223712
2780,0,0.0000000,0.0000000,240.0028417,187.8762321
2780,2,0.0000000,0.0000000,122.3700000,202.3000000
2780,3,0.0000000,0.0000000,272.4794366,166.9389227
2780,4,0.0000000,0.0000000,249.0737573,54.0626984
2780,5,0.0000000,0.0000000,237.6308218,148.3850104
2790,0,0.0000000,0.0000000,239.3310947,189.2174092
2790,2,0.0000000,0.0000000,122.3700000,202.3000000
2790,3,0.0000000,0.0000000,273.9783787,166.8825978
2790,4,0.0000000,0.0000000,250.5658179,53.9085714
2790,5,0.0000000,0.0000000,236.8209507,147.1224302
2800,0,0.0000000,0.0000000,240.0029282,187.8762755
2800,2,0.0000000,0.0000000,122.3700000,202.3000000
2800,3,0.0000000,0.0000000,272.4794329,166.9388265
2800,4,0.0000000,0.0000000,249.0737573,54.0626984
2800,5,0.0000000,0.0000000,237.6307354,148.3850658
2810,0,0.0000000,0.0000000,239.3311870,189.2174555
2810,2,0.0000000,0.0000000,122.3700000,202.3000000
2810,3,0.0000000,0.0000000,273.9783748,166.8824952
2810,4,0.0000000,0.0000000,250.5658179,53.9085714
2810,5,0.0000000,0.0000000,236.8208587,147.1224892
2820,0,0.0000000,0.0000000,240.0030147,187.8763188
2820,2,0.0000000,0.0000000,122.3700000,202.3000000
2820,3,0.0000000,0.0000000,272.4794293,166.9387304
2820,4,0.0000000,0.0000000,249.0737573,54.0626984
2820,5,0.0000000,0.0000000,237.6306489,148.3851213
2830,0,0.0000000,0.0000000,239.3312793,189.2175017
2830,2,0.0000000,0.0000000,122.3700000,202.3000000
2830,3,0.0000000,0.0000000,273.9783710,166.8823926
2830,4,0.0000000,0.0000000,250.5658179,53.9085714
2830,5,0.0000000,0.0000000,236.8207667,147.1225482
2840,0,0.0000000,0.0000000,240.0031012,187.8763621
2840,2,0.0000000,0.0000000,122.3700000,202.3000000
2840,3,0.0000000,0.0000000,272.4794257,166.9386343
2840,4,0.0000000,0.0000000,249.0737573,54.0626984
2840,5,0.0000000,0.0000000,237.6305625,148.3851767
2850,0,0.0000000,0.0000000,239.3313716,189.2175479
2850,2,0.0000000,0.0000000,122.3700000,202.3000000
2850,3,0.0000000,0.0000000,273.9783671,166.8822899
2850,4,0.0000000,0.0000000,250.5658179,53.9085714
2850,5,0.0000000,0.0000000,236.8206748,147.1226072
2860,0,0.0000000,0.0000000,240.0031877,187.8764054
2860,2,0.0000000,0.0000000,122.3700000,202.3000000
2860,3,0.0000000,0.0000000,272.4794221,166.9385381
2860,4,0.0000000,0.0000000,249.0737573,54.0626984
2860,5,0.0000000,0.0000000,237.6304761,148.3852322
2870,0,0.0000000,0.0000000,239.3314639,189.2175942
2870,2,0.0000000,0.0000000,122.3700000,202.3000000
2870,3,0.0000000,0.0000000,273.9783633,166.8821873
2870,4,0.0000000,0.0000000,250.5658179,53.9085714
2870,5,0.0000000,0.0000000,236.8205828,147.1226662
2880,0,0.0000000,0.0000000,240.0032742,187.8764488
2880,2,0.0000000,0.0000000,122.3700000,202.3000000
2880,3,0.0000000,0.0000000,272.4794185,166.9384420
2880,4,0.0000000,0.0000000,249.0737573,54.0626984
2880,5,0.0000000,0.0000000,237.6303896,148.3852876
2890,0,0.0000000,0.0000000,239.3315562,189.2176404
2890,2,0.0000000,0.0000000,122.3700000,202.3000000
2890,3,0.0000000,0.0000000,273.9783594,166.8820847
2890,4,0.0000000,0.0000000,250.5658179,53.9085714
2890,5,0.0000000,0.0000000,236.8204908,147.1227252
2900,0,0.0000000,0.0000000,240.0033607,187.8764921
2900,2,0.0000000,0.0000000,122.3700000,202.3000000
2900,3,0.0000000,0.0000000,272.4794149,166.9383459
2900,4,0.0000000,0.0000000,249.0737573,54.0626984
2900,5,0.0000000,0.0000000,237.6303032,148.3853430
2910,0,0.0000000,0.0000000,239.3316485,189.2176866
2910,2,0.0000000,0.0000000,122.3700000,202.3000000
2910,3,0.0000000,0.0000000,273.9783556,166.8819821
2910,4,0.0000000,0.0000000,250.5658179,53.9085714
2910,5,0.0000000,0.0000000,236.8203988,147.1227842
2920,0,0.0000000,0.0000000,240.0034471,187.8765354
2920,2,0.0000000,0.0000000,122.3700000,202.3000000
2920,3,0.0000000,0.0000000,272.4794113,166.9382497
2920,4,0.0000000,0.0000000,249.0737573,54.0626984
2920,5,0.0000000,0.0000000,237.6302168,148.3853985
2930,0,0.0000000,0.0000000,239.3317408,189.2177328
2930,2,0.0000000,0.0000000,122.3700000,202.3000000
2930,3,0.0000000,0.0000000,273.9783517,166.8818795
2930,4,0.0000000,0.0000000,250.5658179,53.9085714
2930,5,0.0000000,0.0000000,236.8203069,147.1228432
2940,0,0.0000000,0.0000000,240.0035336,187.8765787
2940,2,0.0000000,0.0000000,122.3700000,202.3000000
2940,3,0.0000000,0.0000000,272.4794077,166.9381536
2940,4,0.0000000,0.0000000,249.0737573,54.0626984
2940,5,0.0000000,0.0000000,237.6301304,148.3854539
2950,0,0.0000000,0.0000000,239.3318331,189.2177791
2950,2,0.0000000,0.0000000,122.3700000,202.3000000
2950,3,0.0000000,0.0000000,273.9783479,166.8817769
2950,4,0.0000000,0.0000000,250.5658179,53.9085714
2950,5,0.0000000,0.0000000,236.8202149,147.1229021
2960,0,0.0000000,0.0000000,240.0036201,187.8766220
2960,2,0.0000000,0.0000000,122.3700000,202.3000000
2960,3,0.0000000,0.0000000,272.4794041,166.9380575
2960,4,0.0000000,0.0000000,249.0737573,54.0626984
2960,5,0.0000000,0.0000000,237.6300440,148.3855093
2970,0,0.0000000,0.0000000,239.3319253,189.2178253
2970,2,0.0000000,0.0000000,122.3700000,202.3000000
2970,3,0.0000000,0.0000000,273.9783440,166.8816743
2970,4,0.0000000,0.0000000,250.5658179,53.9085714
2970,5,0.0000000,0.0000000,236.8201229,147.1229611
2980,0,0.0000000,0.0000000,240.0037066,187.8766653
2980,2,0.0000000,0.0000000,122.3700000,202.3000000
2980,3,0.0000000,0.0000000,272.4794004,166.9379614
2980,4,0.0000000,0.0000000,249.0737573,54.0626984
2980,5,0.0000000,0.0000000,237.6299576,148.3855647
2990,0,0.0000000,0.0000000,239.3320176,189.2178715
2990,2,0.0000000,0.0000000,122.3700000,202.3000000
2990,3,0.0000000,0.0000000,273.9783401,166.8815717
2990,4,0.0000000,0.0000000,250.5658179,53.9085714
2990,5,0.0000000,0.0000000,236.8200310,147.1230201
3000,0,0.0000000,0.0000000,240.0037930,187.8767086
3000,2,0.0000000,0.0000000,122.3700000,202.3000000
3000,3,0.0000000,0.0000000,272.4793968,166.9378653
3000,4,0.0000000,0.0000000,249.0737573,54.0626984
3000,5,0.0000000,0.0000000,237.6298712,148.3856202
3010,0,0.0000000,0.0000000,239.3321099,189.2179177
3010,2,0.0000000,0.0000000,122.3700000,202.3000000
3010,3,0.0000000,0.0000000,273.9783363,166.8814692
3010,4,0.0000000,0.0000000,250.5658179,53.9085714
3010,5,0.0000000,0.0000000,236.8199390,147.1230791
3020,0,0.0000000,0.0000000,240.0038795,187.8767519
3020,2,0.0000000,0.0000000,122.3700000,202.3000000
3020,3,0.0000000,0.0000000,272.4793932,166.9377692
3020,4,0.0000000,0.0000000,249.0737573,54.0626984
3020,5,0.0000000,0.0000000,237.6297848,148.3856756
3030,0,0.0000000,0.0000000,239.3322022,189.2179639
3030,2,0.0000000,0.0000000,122.3700000,202.3000000
3030,3,0.0000000,0.0000000,273.9783324,166.8813666
3030,4,0.0000000,0.0000000,250.5658179,53.9085714
3030,5,0.0000000,0.0000000,236.8198471,147.1231381
3040,0,0.0000000,0.0000000,240.0039660,187.8767952
3040,2,0.0000000,0.0000000,122.3700000,202.3000000
3040,3,0.0000000,0.0000000,272.4793896,166.9376731
3040,4,0.0000000,0.0000000,249.0737573,54.0626984
3040,5,0.0000000,0.0000000,237.6296984,148.3857310
3050,0,0.0000000,0.0000000,239.3322944,189.2180101
3050,2,0.0000000,0.0000000,122.3700000,202.3000000
3050,3,0.0000000,0.0000000,273.9783286,166.8812640
3050,4,0.0000000,0.0000000,250.5658179,53.9085714
3050,5,0.0000000,0.0000000,236.8197551,147.1231971
3060,0,0.0000000,0.0000000,240.0040524,187.8768385
3060,2,0.0000000,0.0000000,122.3700000,202.3000000
3060,3,0.0000000,0.0000000,272.4793860,166.9375770
3060,4,0.0000000,0.0000000,249.0737573,54.0626984
3060,5,0.0000000,0.0000000,237.6296120,148.3857864
3070,0,0.0000000,0.0000000,239.3323867,189.2180563
3070,2,0.0000000,0.0000000,122.3700000,202.3000000
3070,3,0.0000000,0.0000000,273.9783247,166.8811614
3070,4,0.0000000,0.0000000,250.5658179,53.9085714
3070,5,0.0000000,0.0000000,236.8196632,147.1232560
3080,0,0.0000000,0.0000000,240.0041389,187.8768818
3080,2,0.0000000,0.0000000,122.3700000,202.3000000
3080,3,0.0000000,0.0000000,272.4793824,166.9374809
3080,4,0.0000000,0.0000000,249.0737573,54.0626984
3080,5,0.0000000,0.0000000,237.6295256,148.3858418
3090,0,0.0000000,0.0000000,239.3324789,189.2181025
3090,2,0.0000000,0.0000000,122.3700000,202.3000000
3090,3,0.0000000,0.0000000,273.9783209,166.8810589
3090,4,0.0000000,0.0000000,250.5658179,53.9085714
3090,5,0.0000000,0.0000000,236.8195713,147.1233150
3100,0,0.0000000,0.0000000,240.0042253,187.8769251
3100,2,0.0000000,0.0000000,122.3700000,202.3000000
3100,3,0.0000000,0.0000000,272.4793788,166.9373848
3100,4,0.0000000,0.0000000,249.0737573,54.0626984
3100,5,0.0000000,0.0000000,237.6294392,148.3858972
3110,0,0.0000000,0.0000000,239.3325712,189.2181487
3110,2,0.0000000,0.0000000,122.3700000,202.3000000
3110,3,0.0000000,0.0000000,273.9783170,166.8809563
3110,4,0.0000000,0.0000000,250.5658179,53.9085714
3110,5,0.0000000,0.0000000,236.8194793,147.1233740
3120,0,0.0000000,0.0000000,240.0043118,187.8769684
3120,2,0.0000000,0.0000000,122.3700000,202.3000000
3120,3,0.0000000,0.0000000,272.4793752,166.9372887
3120,4,0.0000000,0.0000000,249.0737573,54.0626984
3120,5,0.0000000,0.0000000,237.6293528,148.3859527
3130,0,0.0000000,0.0000000,239.3326634,189.2181949
3130,2,0.0000000,0.0000000,122.3700000,202.3000000
3130,3,0.0000000,0.0000000,273.9783131,166.8808538
3130,4,0.0000000,0.0000000,250.5658179,53.9085714
3130,5,0.0000000,0.0000000,236.8193874,147.1234330
3140,0,0.0000000,0.0000000,240.0043982,187.8770117
3140,2,0.0000000,0.0000000,122.3700000,202.3000000
3140,3,0.0000000,0.0000000,272.4793715,166.9371927
3140,4,0.0000000,0.0000000,249.0737573,54.0626984
3140,5,0.0000000,0.0000000,237.6292665,148.3860081
3150,0,0.0000000,0.0000000,239.3327557,189.2182411
3150,2,0.0000000,0.0000000,122.3700000,202.3000000
3150,3,0.0000000,0.0000000,273.9783093,166.8807512
3150,4,0.0000000,0.0000000,250.5658179,53.9085714
3150,5,0.0000000,0.0000000,236.8192955,147.1234919
3160,0,0.0000000,0.0000000,240.0044847,187.8770550
3160,2,0.0000000,0.0000000,122.3700000,202.3000000
3160,3,0.0000000,0.0000000,272.4793679,166.9370966
3160,4,0.0000000,0.0000000,249.0737573,54.0626984
3160,5,0.0000000,0.0000000,237.6291801,148.3860635
3170,0,0.0000000,0.0000000,239.3328479,189.2182873
3170,2,0.0000000,0.0000000,122.3700000,202.3000000
3170,3,0.0000000,0.0000000,273.9783054,166.8806487
3170,4,0.0000000,0.0000000,250.5658179,53.9085714
3170,5,0.0000000,0.0000000,236.8192036,147.1235509
3180,0,0.0000000,0.0000000,240.0045711,187.8770983
3180,2,0.0000000,0.0000000,122.3700000,202.3000000
3180,3,0.0000000,0.0000000,272.4793643,166.9370005
3180,4,0.0000000,0.0000000,249.0737573,54.0626984
3180,5,0.0000000,0.0000000,237.6290937,148.3861189
3190,0,0.0000000,0.0000000,239.3329401,189.2183335
3190,2,0.0000000,0.0000000,122.3700000,202.3000000
3190,3,0.0000000,0.0000000,273.9783016,166.8805461
3190,4,0.0000000,0.0000000,250.5658179,53.9085714
3190,5,0.0000000,0.0000000,236.8191117,147.1236098
3200,0,0.0000000,0.0000000,240.0046575,187.8771416
3200,2,0.0000000,0.0000000,122.3700000,202.3000000
3200,3,0.0000000,0.0000000,272.4793607,166.9369045
3200,4,0.0000000,0.0000000,249.0737573,54.0626984
3200,5,0.0000000,0.0000000,237.6290074,148.3861743
3210,0,0.0000000,0.0000000,239.3330324,189.2183797
3210,2,0.0000000,0.0000000,122.3700000,202.3000000
3210,3,0.0000000,0.0000000,273.9782977,166.8804436
3210,4,0.0000000,0.0000000,250.5658179,53.9085714
3210,5,0.0000000,0.0000000,236.8190197,147.1236688
3220,0,0.0000000,0.0000000,240.0047440,187.8771849
3220,2,0.0000000,0.0000000,122.3700000,202.3000000
3220,3,0.0000000,0.0000000,272.4793571,166.9368084
3220,4,0.0000000,0.0000000,249.0737573,54.0626984
3220,5,0.0000000,0.0000000,237.6289210,148.3862297
3230,0,0.0000000,0.0000000,239.3331246,189.2184259
3230,2,0.0000000,0.0000000,122.3700000,202.3000000
3230,3,0.0000000,0.0000000,273.9782938,166.8803411
3230,4,0.0000000,0.0000000,250.5658179,53.9085714
3230,5,0.0000000,0.0000000,236.8189278,147.1237278
3240,0,0.0000000,0.0000000,240.0048304,187.8772282
3240,2,0.0000000,0.0000000,122.3700000,202.3000000
3240,3,0.0000000,0.0000000,272.4793535,166.9367123
3240,4,0.0000000,0.0000000,249.0737573,54.0626984
3240,5,0.0000000,0.0000000,237.6288347,148.3862851
3250,0,0.0000000,0.0000000,239.3332168,189.2184721
3250,2,0.0000000,0.0000000,122.3700000,202.3000000
3250,3,0.0000000,0.0000000,273.9782900,166.8802385
3250,4,0.0000000,0.0000000,250.5658179,53.9085714
3250,5,0.0000000,0.0000000,236.8188359,147.1237867
3260,0,0.0000000,0.0000000,240.0049168,187.8772714
3260,2,0.0000000,0.0000000,122.3700000,202.3000000
3260,3,0.0000000,0.0000000,272.4793498,166.9366163
3260,4,0.0000000,0.0000000,249.0737573,54.0626984
3260,5,0.0000000,0.0000000,237.6287483,148.3863405
3270,0,0.0000000,0.0000000,239.3333091,189.2185182
3270,2,0.0000000,0.0000000,122.3700000,202.3000000
3270,3,0.0000000,0.0000000,273.9782861,166.8801360
3270,4,0.0000000,0.0000000,250.5658179,53.9085714
3270,5,0.0000000,0.0000000,236.8187440,147.1238457
3280,0,0.0000000,0.0000000,240.0050032,187.8773147
3280,2,0.0000000,0.0000000,122.3700000,202.3000000
3280,3,0.0000000,0.0000000,272.4793462,166.9365203
3280,4,0.0000000,0.0000000,249.0737573,54.0626984
3280,5,0.0000000,0.0000000,237.6286620,148.3863959
3290,0,0.0000000,0.0000000,239.3334013,189.2185644
3290,2,0.0000000,0.0000000,122.3700000,202.3000000
3290,3,0.0000000,0.0000000,273.9782823,166.8800335
3290,4,0.0000000,0.0000000,250.5658179,53.9085714
3290,5,0.0000000,0.0000000,236.8186522,147.1239046
3300,0,0.0000000,0.0000000,240.0050896,187.8773580
3300,2,0.0000000,0.0000000,122.3700000,202.3000000
3300,3,0.0000000,0.0000000,272.4793426,166.9364242
3300,4,0.0000000,0.0000000,249.0737573,54.0626984
3300,5,0.0000000,0.0000000,237.6285756,148.3864513
3310,0,0.0000000,0.0000000,239.3334935,189.2186106
3310,2,0.0000000,0.0000000,122.3700000,202.3000000
3310,3,0.0000000,0.0000000,273.9782784,166.8799310
3310,4,0.0000000,0.0000000,250.5658179,53.9085714
3310,5,0.0000000,0.0000000,236.8185603,147.1239636
3320,0,0.0000000,0.0000000,238.8685766,187.7924787
3320,2,0.0000000,0.0000000,122.3700000,202.3000000
3320,3,0.0000000,0.0000000,275.2594000,167.6601409
3320,4,0.0000000,0.0000000,249.0737573,54.0626984
3320,5,0.0000000,0.0000000,237.6316280,145.8634396
3330,0,0.0000000,0.0000000,238.4337043,186.3569000
3330,2,0.0000000,0.0000000,122.3700000,202.3000000
3330,3,0.0000000,0.0000000,276.5111284,168.4866856
3330,4,0.0000000,0.0000000,250.5658179,53.9085714
3330,5,0.0000000,0.0000000,238.5613817,144.6863422
3340,0,0.0000000,0.0000000,238.0428761,184.9087103
3340,2,0.0000000,0.0000000,122.3700000,202.3000000
3340,3,0.0000000,0.0000000,277.7281435,169.3635402
3340,4,0.0000000,0.0000000,249.0737573,54.0626984
3340,5,0.0000000,0.0000000,239.5854572,143.5903179
3350,0,0.0000000,0.0000000,237.7070125,183.4467953
3350,2,0.0000000,0.0000000,122.3700000,202.3000000
3350,3,0.0000000,0.0000000,278.9092538,170.2881907
3350,4,0.0000000,0.0000000,250.5658179,53.9085714
3350,5,0.0000000,0.0000000,240.6176266,142.5019125
3360,0,0.0000000,0.0000000,237.4391685,181.9709025
3360,2,0.0000000,0.0000000,122.3700000,202.3000000
3360,3,0.0000000,0.0000000,280.0513585,171.2606087
3360,4,0.0000000,0.0000000,249.0737573,54.0626984
3360,5,0.0000000,0.0000000,241.6459777,141.4098987
3370,0,0.0000000,0.0000000,237.2503830,180.4828299
3370,2,0.0000000,0.0000000,122.3700000,202.3000000
3370,3,0.0000000,0.0000000,281.1515316,172.2802259
3370,4,0.0000000,0.0000000,250.5658179,53.9085714
3370,5,0.0000000,0.0000000,242.6729546,140.3165926
3380,0,0.0000000,0.0000000,237.1492895,178.9862404
3380,2,0.0000000,0.0000000,122.3700000,202.3000000
3380,3,0.0000000,0.0000000,282.2077577,173.3453017
3380,4,0.0000000,0.0000000,249.0737573,54.0626984
3380,5,0.0000000,0.0000000,243.7003000,139.2236326
3390,0,0.0000000,0.0000000,237.0760383,177.4880300
3390,2,0.0000000,0.0000000,122.3700000,202.3000000
3390,3,0.0000000,0.0000000,283.2433631,174.4304383
3390,4,0.0000000,0.0000000,250.5658179,53.9085714
3390,5,0.0000000,0.0000000,244.7292233,138.1321580
3400,0,0.0000000,0.0000000,236.9744471,175.9914742
3400,2,0.0000000,0.0000000,122.3700000,202.3000000
3400,3,0.0000000,0.0000000,284.2789685,175.5155749
3400,4,0.0000000,0.0000000,249.0737573,54.0626984
3400,5,0.0000000,0.0000000,245.7614772,137.0438327
3410,0,0.0000000,0.0000000,236.8433722,174.4972121
3410,2,0.0000000,0.0000000,122.3700000,202.3000000
3410,3,0.0000000,0.0000000,285.3145739,176.6007115
3410,4,0.0000000,0.0000000,250.5658179,53.9085714
3410,5,0.0000000,0.0000000,246.7994064,135.9609186
3420,0,0.0000000,0.0000000,236.6828196,173.0058292
3420,2,0.0000000,0.0000000,122.3700000,202.3000000
3420,3,0.0000000,0.0000000,286.3501793,177.6858481
3420,4,0.0000000,0.0000000,249.0737573,54.0626984
3420,5,0.0000000,0.0000000,247.8452040,134.8856013
3430,0,0.0000000,0.0000000,236.4941367,171.5177436
3430,2,0.0000000,0.0000000,122.3700000,202.3000000
3430,3,0.0000000,0.0000000,287.3857848,178.7709847
3430,4,0.0000000,0.0000000,250.5658179,53.9085714
3430,5,0.0000000,0.0000000,248.9008922,133.8199923
3440,0,0.0000000,0.0000000,236.2800942,170.0330936
3440,2,0.0000000,0.0000000,122.3700000,202.3000000
3440,3,0.0000000,0.0000000,288.4213902,179.8561213
3440,4,0.0000000,0.0000000,249.0737573,54.0626984
3440,5,0.0000000,0.0000000,249.9682905,132.7661134
3450,0,0.0000000,0.0000000,236.0448213,168.5516596
3450,2,0.0000000,0.0000000,122.3700000,202.3000000
3450,3,0.0000000,0.0000000,289.4569956,180.9412579
3450,4,0.0000000,0.0000000,250.5658179,53.9085714
3450,5,0.0000000,0.0000000,251.0489772,131.7258652
3460,0,0.0000000,0.0000000,235.7935879,167.0728486
3460,2,0.0000000,0.0000000,122.3700000,202.3000000
3460,3,0.0000000,0.0000000,290.4926010,182.0263945
3460,4,0.0000000,0.0000000,249.0737573,54.0626984
3460,5,0.0000000,0.0000000,252.1442523,130.7009883
3470,0,0.0000000,0.0000000,235.5324735,165.5957504
3470,2,0.0000000,0.0000000,122.3700000,202.3000000
3470,3,0.0000000,0.0000000,291.5282064,183.1115311
3470,4,0.0000000,0.0000000,250.5658179,53.9085714
3470,5,0.0000000,0.0000000,253.2551090,129.6930214
3480,0,0.0000000,0.0000000,235.2679834,164.1192528
3480,2,0.0000000,0.0000000,122.3700000,202.3000000
3480,3,0.0000000,0.0000000,292.5638118,184.1966676
3480,4,0.0000000,0.0000000,249.0737573,54.0626984
3480,5,0.0000000,0.0000000,254.3822200,128.7032635
3490,0,0.0000000,0.0000000,235.0066815,162.6421877
3490,2,0.0000000,0.0000000,122.3700000,202.3000000
3490,3,0.0000000,0.0000000,293.5994172,185.2818042
3490,4,0.0000000,0.0000000,250.5658179,53.9085714
3490,5,0.0000000,0.0000000,255.5259390,127.7327446
3500,0,0.0000000,0.0000000,234.7548855,161.1634725
3500,2,0.0000000,0.0000000,122.3700000,202.3000000
3500,3,0.0000000,0.0000000,294.6350226,186.3669408
3500,4,0.0000000,0.0000000,249.0737573,54.0626984
3500,5,0.0000000,0.0000000,256.6863173,126.7822067
3510,0,0.0000000,0.0000000,234.5184488,159.6822238
3510,2,0.0000000,0.0000000,122.3700000,202.3000000
3510,3,0.0000000,0.0000000,295.6706280,187.4520774
3510,4,0.0000000,0.0000000,250.5658179,53.9085714
3510,5,0.0000000,0.0000000,257.8631316,125.8520949
3520,0,0.0000000,0.0000000,234.3026273,158.1978313
3520,2,0.0000000,0.0000000,122.3700000,202.3000000
3520,3,0.0000000,0.0000000,296.7062335,188.5372140
3520,4,0.0000000,0.0000000,249.0737573,54.0626984
3520,5,0.0000000,0.0000000,259.0559174,124.9425555
3530,0,0.0000000,0.0000000,234.1120171,156.7099913
3530,2,0.0000000,0.0000000,122.3700000,202.3000000
3530,3,0.0000000,0.0000000,297.7418389,189.6223506
3530,4,0.0000000,0.0000000,250.5658179,53.9085714
3530,5,0.0000000,0.0000000,260.2640048,124.0534408
3540,0,0.0000000,0.0000000,233.9505435,155.2187079
3540,2,0.0000000,0.0000000,122.3700000,202.3000000
3540,3,0.0000000,0.0000000,298.7774443,190.7074872
3540,4,0.0000000,0.0000000,249.0737573,54.0626984
3540,5,0.0000000,0.0000000,261.4865522,123.1843160
3550,0,0.0000000,0.0000000,233.8214836,153.7242704
3550,2,0.0000000,0.0000000,122.3700000,202.3000000
3550,3,0.0000000,0.0000000,299.8130497,191.7926238
3550,4,0.0000000,0.0000000,250.5658179,53.9085714
3550,5,0.0000000,0.0000000,262.7225764,122.3344665
3560,0,0.0000000,0.0000000,233.7275087,152.2272170
3560,2,0.0000000,0.0000000,122.3700000,202.3000000
3560,3,0.0000000,0.0000000,300.8486551,192.8777604
3560,4,0.0000000,0.0000000,249.0737573,54.0626984
3560,5,0.0000000,0.0000000,263.9709776,121.5029052
3570,0,0.0000000,0.0000000,233.6707345,150.7282919
3570,2,0.0000000,0.0000000,122.3700000,202.3000000
3570,3,0.0000000,0.0000000,301.8842605,193.9628970
3570,4,0.0000000,0.0000000,250.5658179,53.9085714
3570,5,0.0000000,0.0000000,265.2305580,120.6883762
3580,0,0.0000000,0.0000000,233.6527751,149.2283994
3580,2,0.0000000,0.0000000,122.3700000,202.3000000
3580,3,0.0000000,0.0000000,302.9198659,195.0480336
3580,4,0.0000000,0.0000000,249.0737573,54.0626984
3580,5,0.0000000,0.0000000,266.5000331,119.8893563
3590,0,0.0000000,0.0000000,233.6747943,147.7285610
3590,2,0.0000000,0.0000000,122.3700000,202.3000000
3590,3,0.0000000,0.0000000,303.9554713,196.1331702
3590,4,0.0000000,0.0000000,250.5658179,53.9085714
3590,5,0.0000000,0.0000000,267.7780375,119.1040508
3600,0,0.0000000,0.0000000,233.7375536,146.2298745
3600,2,0.0000000,0.0000000,122.3700000,202.3000000
3600,3,0.0000000,0.0000000,304.9910767,197.2183068
3600,4,0.0000000,0.0000000,249.0737573,54.0626984
3600,5,0.0000000,0.0000000,269.0631215,118.3303848
3610,0,0.0000000,0.0000000,233.8402789,144.7333961
3610,2,0.0000000,0.0000000,122.3700000,202.3000000
3610,3,0.0000000,0.0000000,306.0266822,198.3034434
3610,4,0.0000000,0.0000000,250.5658179,53.9085714
3610,5,0.0000000,0.0000000,270.3536060,117.5657608
3620,0,0.0000000,0.0000000,233.9430042,143.2369177
3620,2,0.0000000,0.0000000,122.3700000,202.3000000
3620,3,0.0000000,0.0000000,307.0622876,199.3885800
3620,4,0.0000000,0.0000000,249.0737573,54.0626984
3620,5,0.0000000,0.0000000,271.6440905,116.8011369
3630,0,0.0000000,0.0000000,234.0457295,141.7404394
3630,2,0.0000000,0.0000000,122.3700000,202.3000000
3630,3,0.0000000,0.0000000,308.0978930,200.4737166
3630,4,0.0000000,0.0000000,250.5658179,53.9085714
3630,5,0.0000000,0.0000000,272.9345750,116.0365130
3640,0,0.0000000,0.0000000,234.1484548,140.2439610
3640,2,0.0000000,0.0000000,122.3700000,202.3000000
3640,3,0.0000000,0.0000000,309.1334984,201.5588532
3640,4,0.0000000,0.0000000,249.0737573,54.0626984
3640,5,0.0000000,0.0000000,274.2250595,115.2718891
3650,0,0.0000000,0.0000000,234.2511801,138.7474826
3650,2,0.0000000,0.0000000,122.3700000,202.3000000
3650,3,0.0000000,0.0000000,310.1691038,202.6439898
3650,4,0.0000000,0.0000000,250.5658179,53.9085714
3650,5,0.0000000,0.0000000,275.5155440,114.5072651
3660,0,0.0000000,0.0000000,234.3539054,137.2510043
3660,2,0.0000000,0.0000000,122.3700000,202.3000000
3660,3,0.0000000,0.0000000,311.2047092,203.7291264
3660,4,0.0000000,0.0000000,249.0737573,54.0626984
3660,5,0.0000000,0.0000000,276.8060285,113.7426412
3670,0,0.0000000,0.0000000,234.4566307,135.7545259
3670,2,0.0000000,0.0000000,122.3700000,202.3000000
3670,3,0.0000000,0.0000000,312.2403146,204.8142630
3670,4,0.0000000,0.0000000,250.5658179,53.9085714
3670,5,0.0000000,0.0000000,278.0965130,112.9780173
3680,0,0.0000000,0.0000000,234.5593560,134.2580475
3680,2,0.0000000,0.0000000,122.3700000,202.3000000
3680,3,0.0000000,0.0000000,313.2759200,205.8993996
3680,4,0.0000000,0.0000000,249.0737573,54.0626984
3680,5,0.0000000,0.0000000,279.3869975,112.2133934
3690,0,0.0000000,0.0000000,234.6620813,132.7615691
3690,2,0.0000000,0.0000000,122.3700000,202.3000000
3690,3,0.0000000,0.0000000,314.3115255,206.9845362
3690,4,0.0000000,0.0000000,250.5658179,53.9085714
3690,5,0.0000000,0.0000000,280.6774821,111.4487694
3700,0,0.0000000,0.0000000,234.7648065,131.2650908
3700,2,0.0000000,0.0000000,122.3700000,202.3000000
3700,3,0.0000000,0.0000000,315.3471309,208.0696728
3700,4,0.0000000,0.0000000,249.0737573,54.0626984
3700,5,0.0000000,0.0000000,281.9679666,110.6841455
3710,0,0.0000000,0.0000000,234.8675318,129.7686124
3710,2,0.0000000,0.0000000,122.3700000,202.3000000
3710,3,0.0000000,0.0000000,316.3827363,209.1548094
3710,4,0.0000000,0.0000000,250.5658179,53.9085714
3710,5,0.0000000,0.0000000,283.2584511,109.9195216
3720,0,0.0000000,0.0000000,234.9702571,128.2721340
3720,2,0.0000000,0.0000000,122.3700000,202.3000000
3720,3,0.0000000,0.0000000,317.4183417,210.2399459
3720,4,0.0000000,0.0000000,249.0737573,54.0626984
3720,5,0.0000000,0.0000000,284.5489356,109.1548977
3730,0,0.0000000,0.0000000,235.0729824,126.7756557
3730,2,0.0000000,0.0000000,122.3700000,202.3000000
3730,3,0.0000000,0.0000000,318.4539471,211.3250825
3730,4,0.0000000,0.0000000,250.5658179,53.9085714
3730,5,0.0000000,0.0000000,285.8394201,108.3902737
3740,0,0.0000000,0.0000000,235.1757077,125.2791773
3740,2,0.0000000,0.0000000,122.3700000,202.3000000
3740,3,0.0000000,0.0000000,319.4895525,212.4102191
3740,4,0.0000000,0.0000000,249.0737573,54.0626984
3740,5,0.0000000,0.0000000,287.1299046,107.6256498
3750,0,0.0000000,0.0000000,235.2784330,123.7826989
3750,2,0.0000000,0.0000000,122.3700000,202.3000000
3750,3,0.0000000,0.0000000,320.5251579,213.4953557
3750,4,0.0000000,0.0000000,250.5658179,53.9085714
3750,5,0.0000000,0.0000000,288.4203891,106.8610259
3760,0,0.0000000,0.0000000,235.3811583,122.2862205
3760,2,0.0000000,0.0000000,122.3700000,202.3000000
3760,3,0.0000000,0.0000000,321.5607633,214.5804923
3760,4,0.0000000,0.0000000,249.0737573,54.0626984
3760,5,0.0000000,0.0000000,289.7108736,106.0964019
3770,0,0.0000000,0.0000000,235.4838836,120.7897422
3770,2,0.0000000,0.0000000,122.3700000,202.3000000
3770,3,0.0000000,0.0000000,322.5963687,215.6656289
3770,4,0.0000000,0.0000000,250.5658179,53.9085714
3770,5,0.0000000,0.0000000,291.0013581,105.3317780
3780,0,0.0000000,0.0000000,235.5866089,119.2932638
3780,2,0.0000000,0.0000000,122.3700000,202.3000000
3780,3,0.0000000,0.0000000,323.6319742,216.7507655
3780,4,0.0000000,0.0000000,249.0737573,54.0626984
3780,5,0.0000000,0.0000000,292.2918426,104.5671541
3790,0,0.0000000,0.0000000,235.6893342,117.7967854
3790,2,0.0000000,0.0000000,122.3700000,202.3000000
3790,3,0.0000000,0.0000000,322.5963687,215.6656289
3790,4,0.0000000,0.0000000,250.5658179,53.9085714
3790,5,0.0000000,0.0000000,291.0013581,105.3317780
3800,0,0.0000000,0.0000000,235.7920595,116.3003071
3800,2,0.0000000,0.0000000,122.3700000,202.3000000
3800,3,0.0000000,0.0000000,323.6319742,216.7507655
3800,4,0.0000000,0.0000000,249.0737573,54.0626984
3800,5,0.0000000,0.0000000,292.2918426,104.5671541
3810,0,0.0000000,0.0000000,235.8947848,114.8038287
3810,2,0.0000000,0.0000000,122.3700000,202.3000000
3810,3,0.0000000,0.0000000,322.5963687,215.6656289
3810,4,0.0000000,0.0000000,250.5658179,53.9085714
3810,5,0.0000000,0.0000000,291.0013581,105.3317780
3820,0,0.0000000,0.0000000,235.9975101,113.3073503
3820,2,0.0000000,0.0000000,122.3700000,202.3000000
3820,3,0.0000000,0.0000000,323.6319742,216.7507655
3820,4,0.0000000,0.0000000,249.0737573,54.0626984
3820,5,0.0000000,0.0000000,292.2918426,104.5671541
3830,0,0.0000000,0.0000000,236.1002354,111.8108719
3830,2,0.0000000,0.0000000,122.3700000,202.3000000
3830,3,0.0000000,0.0000000,322.5963687,215.6656289
3830,4,0.0000000,0.0000000,250.5658179,53.9085714
3830,5,0.0000000,0.0000000,291.0013581,105.3317780
3840,0,0.0000000,0.0000000,236.2029606,110.3143936
3840,2,0.0000000,0.0000000,122.3700000,202.3000000
3840,3,0.0000000,0.0000000,323.6319742,216.7507655
3840,4,0.0000000,0.0000000,249.0737573,54.0626984
3840,5,0.0000000,0.0000000,292.2918426,104.5671541
3850,0,0.0000000,0.0000000,236.3056859,108.8179152
3850,2,0.0000000,0.0000000,122.3700000,202.3000000
3850,3,0.0000000,0.0000000,322.5963687,215.6656289
3850,4,0.0000000,0.0000000,250.5658179,53.9085714
3850,5,0.0000000,0.0000000,291.0013581,105.3317780
3860,0,0.0000000,0.0000000,236.4084112,107.3214368
3860,2,0.0000000,0.0000000,122.3700000,202.3000000
3860,3,0.0000000,0.0000000,323.6319742,216.7507655
3860,4,0.0000000,0.0000000,249.0737573,54.0626984
3860,5,0.0000000,0.0000000,292.2918426,104.5671541
3870,0,0.0000000,0.0000000,236.5111365,105.8249585
3870,2,0.0000000,0.0000000,122.3700000,202.3000000
3870,3,0.0000000,0.0000000,322.5963687,215.6656289
3870,4,0.0000000,0.0000000,250.5658179,53.9085714
3870,5,0.0000000,0.0000000,291.0013581,105.3317780
3880,0,0.0000000,0.0000000,236.6138618,104.3284801
3880,2,0.0000000,0.0000000,122.3700000,202.3000000
3880,3,0.0000000,0.0000000,323.6319742,216.7507655
3880,4,0.0000000,0.0000000,249.0737573,54.0626984
3880,5,0.0000000,0.0000000,292.2918426,104.5671541
3890,0,0.0000000,0.0000000,236.7165871,102.8320017
3890,2,0.0000000,0.0000000,122.3700000,202.3000000
3890,3,0.0000000,0.0000000,322.5963687,215.6656289
3890,4,0.0000000,0.0000000,250.5658179,53.9085714
3890,5,0.0000000,0.0000000,291.0013581,105.3317780
3900,0,0.0000000,0.0000000,236.8193124,101.3355234
3900,2,0.0000000,0.0000000,122.3700000,202.3000000
3900,3,0.0000000,0.0000000,323.6319742,216.7507655
3900,4,0.0000000,0.0000000,249.0737573,54.0626984
3900,5,0.0000000,0.0000000,292.2918426,104.5671541
3910,0,0.0000000,0.0000000,236.9220377,99.8390450
3910,2,0.0000000,0.0000000,122.3700000,202.3000000
3910,3,0.0000000,0.0000000,322.5963687,215.6656289
3910,4,0.0000000,0.0000000,250.5658179,53.9085714
3910,5,0.0000000,0.0000000,291.0013581,105.3317780
3920,0,0.0000000,0.0000000,237.0247630,98.3425666
3920,2,0.0000000,0.0000000,122.3700000,202.3000000
3920,3,0.0000000,0.0000000,323.6319742,216.7507655
3920,4,0.0000000,0.0000000,249.0737573,54.0626984
3920,5,0.0000000,0.0000000,292.2918426,104.5671541
3930,0,0.0000000,0.0000000,237.1274883,96.8460882
3930,2,0.0000000,0.0000000,122.3700000,202.3000000
3930,3,0.0000000,0.0000000,322.5963687,215.6656289
3930,4,0.0000000,0.0000000,250.5658179,53.9085714
3930,5,0.0000000,0.0000000,291.0013581,105.3317780
3940,0,0.0000000,0.0000000,237.2299489,95.3495917
3940,2,0.0000000,0.0000000,122.3700000,202.3000000
3940,3,0.0000000,0.0000000,323.6319742,216.7507655
3940,4,0.0000000,0.0000000,249.0724151,54.0490990
3940,5,0.0000000,0.0000000,292.2918426,104.5671541
3950,0,0.0000000,0.0000000,237.2641630,93.8499820
3950,2,0.0000000,0.0000000,122.3700000,202.3000000
3950,3,0.0000000,0.0000000,322.5963687,215.6656289
3950,4,0.0000000,0.0000000,250.1042258,52.9603535
3950,5,0.0000000,0.0000000,291.0013581,105.3317780
3960,0,0.0000000,0.0000000,237.2875400,92.3501642
3960,2,0.0000000,0.0000000,122.3700000,202.3000000
3960,3,0.0000000,0.0000000,323.6319742,216.7507655
3960,4,0.0000000,0.0000000,250.2586268,51.4683212
3960,5,0.0000000,0.0000000,292.2918426,104.5671541
3970,0,0.0000000,0.0000000,237.3140547,90.8503985
3970,2,0.0000000,0.0000000,122.3700000,202.3000000
3970,3,0.0000000,0.0000000,322.5963687,215.6656289
3970,4,0.0000000,0.0000000,249.8406768,50.0277248
3970,5,0.0000000,0.0000000,291.0013581,105.3317780
3980,0,0.0000000,0.0000000,237.3375353,89.3505823
3980,2,0.0000000,0.0000000,122.3700000,202.3000000
3980,3,0.0000000,0.0000000,323.6319742,216.7507655
3980,4,0.0000000,0.0000000,249.3275200,48.6182320
3980,5,0.0000000,0.0000000,292.2918426,104.5671541
3990,0,0.0000000,0.0000000,237.3568976,87.8507073
3990,2,0.0000000,0.0000000,122.3700000,202.3000000
3990,3,0.0000000,0.0000000,322.5963687,215.6656289
3990,4,0.0000000,0.0000000,248.6726793,47.2687196
3990,5,0.0000000,0.0000000,291.0013581,105.3317780
4000,0,0.0000000,0.0000000,237.3700595,86.3507650
4000,2,0.0000000,0.0000000,122.3700000,202.3000000
4000,3,0.0000000,0.0000000,323.6319742,216.7507655
4000,4,0.0000000,0.0000000,247.9258215,45.9678724
4000,5,0.0000000,0.0000000,292.2918426,104.5671541
4010,0,0.0000000,0.0000000,237.3766271,84.8507794
4010,2,0.0000000,0.0000000,122.3700000,202.3000000
4010,3,0.0000000,0.0000000,322.5963687,215.6656289
4010,4,0.0000000,0.0000000,247.0977011,44.7171860
4010,5,0.0000000,0.0000000,291.0013581,105.3317780
4020,0,0.0000000,0.0000000,237.3772298,83.3507795
4020,2,0.0000000,0.0000000,122.3700000,202.3000000
4020,3,0.0000000,0.0000000,323.6319742,216.7507655
4020,4,0.0000000,0.0000000,246.2141607,43.5050159
4020,5,0.0000000,0.0000000,292.2918426,104.5671541
4030,0,0.0000000,0.0000000,237.3745796,81.8507819
4030,2,0.0000000,0.0000000,122.3700000,202.3000000
4030,3,0.0000000,0.0000000,322.5963687,215.6656289
4030,4,0.0000000,0.0000000,245.2944870,42.3200263
4030,5,0.0000000,0.0000000,291.0013581,105.3317780
4040,0,0.0000000,0.0000000,237.3741334,80.3507819
4040,2,0.0000000,0.0000000,122.3700000,202.3000000
4040,3,0.0000000,0.0000000,323.6319742,216.7507655
4040,4,0.0000000,0.0000000,244.3625064,41.1446914
4040,5,0.0000000,0.0000000,292.2918426,104.5671541
4050,0,0.0000000,0.0000000,237.3857641,78.8508270
4050,2,0.0000000,0.0000000,122.3700000,202.3000000
4050,3,0.0000000,0.0000000,322.5963687,215.6656289
4050,4,0.0000000,0.0000000,243.4424417,39.9600054
4050,5,0.0000000,0.0000000,291.0013581,105.3317780
4060,0,0.0000000,0.0000000,237.4266863,77.3513853
4060,2,0.0000000,0.0000000,122.3700000,202.3000000
4060,3,0.0000000,0.0000000,323.6319742,216.7507655
4060,4,0.0000000,0.0000000,242.5635149,38.7444859
4060,5,0.0000000,0.0000000,292.2918426,104.5671541
4070,0,0.0000000,0.0000000,237.5283413,75.8548339
4070,2,0.0000000,0.0000000,122.3700000,202.3000000
4070,3,0.0000000,0.0000000,322.5963687,215.6656289
4070,4,0.0000000,0.0000000,241.7604447,37.4775690
4070,5,0.0000000,0.0000000,291.0013581,105.3317780
4080,0,0.0000000,0.0000000,237.7574983,74.3724415
4080,2,0.0000000,0.0000000,122.3700000,202.3000000
4080,3,0.0000000,0.0000000,323.6319742,216.7507655
4080,4,0.0000000,0.0000000,242.4658351,38.8013607
4080,5,0.0000000,0.0000000,292.2918426,104.5671541
4090,0,0.0000000,0.0000000,237.4631810,75.8432839
4090,2,0.0000000,0.0000000,122.3700000,202.3000000
4090,3,0.0000000,0.0000000,322.5963687,215.6656289
4090,4,0.0000000,0.0000000,242.6109047,37.3083922
4090,5,0.0000000,0.0000000,291.0013581,105.3317780
4100,0,0.0000000,0.0000000,237.5828554,74.3480655
4100,2,0.0000000,0.0000000,122.3700000,202.3000000
4100,3,0.0000000,0.0000000,323.6319742,216.7507655
4100,4,0.0000000,0.0000000,242.1443144,38.7339775
4100,5,0.0000000,0.0000000,292.2918426,104.5671541
4110,0,0.0000000,0.0000000,237.3734523,75.8333771
4110,2,0.0000000,0.0000000,122.3700000,202.3000000
4110,3,0.0000000,0.0000000,322.5963687,215.6656289
4110,4,0.0000000,0.0000000,242.3249536,37.2448941
4110,5,0.0000000,0.0000000,291.0013581,105.3317780
4120,0,0.0000000,0.0000000,237.5497137,74.3437691
4120,2,0.0000000,0.0000000,122.3700000,202.3000000
4120,3,0.0000000,0.0000000,323.6319742,216.7507655
4120,4,0.0000000,0.0000000,242.0859040,38.7257233
4120,5,0.0000000,0.0000000,292.2918426,104.5671541
4130,0,0.0000000,0.0000000,237.3561036,75.8312216
4130,2,0.0000000,0.0000000,122.3700000,202.3000000
4130,3,0.0000000,0.0000000,322.5963687,215.6656289
4130,4,0.0000000,0.0000000,242.2732474,37.2374685
4130,5,0.0000000,0.0000000,291.0013581,105.3317780
4140,0,0.0000000,0.0000000,237.5424975,74.3428476
4140,2,0.0000000,0.0000000,122.3700000,202.3000000
4140,3,0.0000000,0.0000000,323.6319742,216.7507655
4140,4,0.0000000,0.0000000,242.0731906,38.7240677
4140,5,0.0000000,0.0000000,292.2918426,104.5671541
4150,0,0.0000000,0.0000000,237.3523259,75.8307437
4150,2,0.0000000,0.0000000,122.3700000,202.3000000
4150,3,0.0000000,0.0000000,322.5963687,215.6656289
4150,4,0.0000000,0.0000000,242.2619928,37.2359973
4150,5,0.0000000,0.0000000,291.0013581,105.3317780
4160,0,0.0000000,0.0000000,237.5409206,74.3426469
4160,2,0.0000000,0.0000000,122.3700000,202.3000000
4160,3,0.0000000,0.0000000,323.6319742,216.7507655
4160,4,0.0000000,0.0000000,242.0704121,38.7237126
4160,5,0.0000000,0.0000000,292.2918426,104.5671541
4170,0,0.0000000,0.0000000,237.3515005,75.8306388
4170,2,0.0000000,0.0000000,122.3700000,202.3000000
4170,3,0.0000000,0.0000000,322.5963687,215.6656289
4170,4,0.0000000,0.0000000,242.2595330,37.2356826
4170,5,0.0000000,0.0000000,291.0013581,105.3317780
4180,0,0.0000000,0.0000000,237.5405760,74.3426031
4180,2,0.0000000,0.0000000,122.3700000,202.3000000
4180,3,0.0000000,0.0000000,323.6319742,216.7507655
4180,4,0.0000000,0.0000000,242.0698048,38.7236353
4180,5,0.0000000,0.0000000,292.2918426,104.5671541
4190,0,0.0000000,0.0000000,237.3513201,75.8306159
4190,2,0.0000000,0.0000000,122.3700000,202.3000000
4190,3,0.0000000,0.0000000,322.5963687,215.6656289
4190,4,0.0000000,0.0000000,242.2589954,37.2356141
4190,5,0.0000000,0.0000000,291.0013581,105.3317780
4200,0,0.0000000,0.0000000,237.5405007,74.3425935
4200,2,0.0000000,0.0000000,122.3700000,202.3000000
4200,3,0.0000000,0.0000000,323.6319742,216.7507655
4200,4,0.0000000,0.0000000,242.0696721,38.7236184
4200,5,0.0000000,0.0000000,292.2918426,104.5671541
4210,0,0.0000000,0.0000000,237.3512807,75.8306109
4210,2,0.0000000,0.0000000,122.3700000,202.3000000
4210,3,0.0000000,0.0000000,322.5963687,215.6656289
4210,4,0.0000000,0.0000000,242.2588779,37.2355992
4210,5,0.0000000,0.0000000,291.0013581,105.3317780
4220,0,0.0000000,0.0000000,237.5404843,74.3425914
4220,2,0.0000000,0.0000000,122.3700000,202.3000000
4220,3,0.0000000,0.0000000,323.6319742,216.7507655
4220,4,0.0000000,0.0000000,242.0696431,38.7236147
4220,5,0.0000000,0.0000000,292.2918426,104.5671541
4230,0,0.0000000,0.0000000,237.3512720,75.8306098
4230,2,0.0000000,0.0000000,122.3700000,202.3000000
4230,3,0.0000000,0.0000000,322.5963687,215.6656289
4230,4,0.0000000,0.0000000,242.2588522,37.2355959
4230,5,0.0000000,0.0000000,291.0013581,105.3317780
4240,0,0.0000000,0.0000000,237.5404807,74.3425910
4240,2,0.0000000,0.0000000,122.3700000,202.3000000
4240,3,0.0000000,0.0000000,323.6319742,216.7507655
4240,4,0.0000000,0.0000000,242.0696368,38.7236139
4240,5,0.0000000,0.0000000,292.2918426,104.5671541
4250,0,0.0000000,0.0000000,237.3512702,75.8306096
4250,2,0.0000000,0.0000000,122.3700000,202.3000000
4250,3,0.0000000,0.0000000,322.5963687,215.6656289
4250,4,0.0000000,0.0000000,242.2588466,37.2355952
4250,5,0.0000000,0.0000000,291.0013581,105.3317780
4260,0,0.0000000,0.0000000,237.5404799,74.3425909
4260,2,0.0000000,0.0000000,122.3700000,202.3000000
4260,3,0.0000000,0.0000000,323.6319742,216.7507655
4260,4,0.0000000,0.0000000,242.0696354,38.7236137
4260,5,0.0000000,0.0000000,292.2918426,104.5671541
4270,0,0.0000000,0.0000000,237.3512698,75.8306095
4270,2,0.0000000,0.0000000,122.3700000,202.3000000
4270,3,0.0000000,0.0000000,322.5963687,215.6656289
4270,4,0.0000000,0.0000000,242.2588454,37.2355950
4270,5,0.0000000,0.0000000,291.0013581,105.3317780
4280,0,0.0000000,0.0000000,237.5404797,74.3425908
4280,2,0.0000000,0.0000000,122.3700000,202.3000000
4280,3,0.0000000,0.0000000,323.6319742,216.7507655
4280,4,0.0000000,0.0000000,242.0696351,38.7236137
4280,5,0.0000000,0.0000000,292.2918426,104.5671541
4290,0,0.0000000,0.0000000,237.3512697,75.8306095
4290,2,0.0000000,0.0000000,122.3700000,202.3000000
4290,3,0.0000000,0.0000000,322.5963687,215.6656289
4290,4,0.0000000,0.0000000,242.2588451,37.2355950
4290,5,0.0000000,0.0000000,291.0013581,105.3317780
4300,0,0.0000000,0.0000000,237.5404797,74.3425908
4300,2,0.0000000,0.0000000,122.3700000,202.3000000
4300,3,0.0000000,0.0000000,323.6319742,216.7507655
4300,4,0.0000000,0.0000000,242.0696350,38.7236137
4300,5,0.0000000,0.0000000,292.2918426,104.5671541
4310,0,0.0000000,0.0000000,237.3512696,75.8306095
4310,2,0.0000000,0.0000000,122.3700000,202.3000000
4310,3,0.0000000,0.0000000,322.5963687,215.6656289
4310,4,0.0000000,0.0000000,242.2588451,37.2355950
4310,5,0.0000000,0.0000000,291.0013581,105.3317780
4320,0,0.0000000,0.0000000,237.5404797,74.3425908
4320,2,0.0000000,0.0000000,122.3700000,202.3000000
4320,3,0.0000000,0.0000000,323.6319742,216.7507655
4320,4,0.0000000,0.0000000,242.0696350,38.7236137
4320,5,0.0000000,0.0000000,292.2918426,104.5671541
4330,0,0.0000000,0.0000000,237.3512696,75.8306095
4330,2,0.0000000,0.0000000,122.3700000,202.3000000
4330,3,0.0000000,0.0000000,322.5963687,215.6656289
4330,4,0.0000000,0.0000000,242.2588450,37.2355950
4330,5,0.0000000,0.0000000,291.0013581,105.3317780
4340,0,0.0000000,0.0000000,237.5404797,74.3425908
4340,2,0.0000000,0.0000000,122.3700000,202.3000000
4340,3,0.0000000,0.0000000,323.6319742,216.7507655
4340,4,0.0000000,0.0000000,242.0696350,38.7236137
4340,5,0.0000000,0.0000000,292.2918426,104.5671541
4350,0,0.0000000,0.0000000,237.3512696,75.8306095
4350,2,0.0000000,0.0000000,122.3700000,202.3000000
4350,3,0.0000000,0.0000000,322.5963687,215.6656289
4350,4,0.0000000,0.0000000,242.2588450,37.2355950
4350,5,0.0000000,0.0000000,291.0013581,105.3317780
4360,0,0.0000000,0.0000000,237.5404797,74.3425908
4360,2,0.0000000,0.0000000,122.3700000,202.3000000
4360,3,0.0000000,0.0000000,323.6319742,216.7507655
4360,4,0.0000000,0.0000000,242.0696350,38.7236137
4360,5,0.0000000,0.0000000,292.2918426,104.5671541
4370,0,0.0000000,0.0000000,237.3512696,75.8306095
4370,2,0.0000000,0.0000000,122.3700000,202.3000000
4370,3,0.0000000,0.0000000,322.5963687,215.6656289
4370,4,0.0000000,0.0000000,242.2588450,37.2355950
4370,5,0.0000000,0.0000000,291.0013581,105.3317780
4380,0,0.0000000,0.0000000,237.5404797,74.3425908
4380,2,0.0000000,0.0000000,122.3700000,202.3000000
4380,3,0.0000000,0.0000000,323.6319742,216.7507655
4380,4,0.0000000,0.0000000,242.0696350,38.7236137
4380,5,0.0000000,0.0000000,292.2918426,104.5671541
4390,0,0.0000000,0.0000000,237.3512696,75.8306095
4390,2,0.0000000,0.0000000,122.3700000,202.3000000
4390,3,0.0000000,0.0000000,322.5963687,215.6656289
4390,4,0.0000000,0.0000000,242.2588450,37.2355950
4390,5,0.0000000,0.0000000,291.0013581,105.3317780
4400,0,0.0000000,0.0000000,237.5404797,74.3425908
4400,2,0.0000000,0.0000000,122.3700000,202.3000000
4400,3,0.0000000,0.0000000,323.6319742,216.7507655
4400,4,0.0000000,0.0000000,242.0696350,38.7236137
4400,5,0.0000000,0.0000000,292.2918426,104.5671541
4410,0,0.0000000,0.0000000,237.3512696,75.8306095
4410,2,0.0000000,0.0000000,122.3700000,202.3000000
4410,3,0.0000000,0.0000000,322.5963687,215.6656289
4410,4,0.0000000,0.0000000,242.2588450,37.2355950
4410,5,0.0000000,0.0000000,291.0013581,105.3317780
4420,0,0.0000000,0.0000000,237.5404797,74.3425908
4420,2,0.0000000,0.0000000,122.3700000,202.3000000
4420,3,0.0000000,0.0000000,323.6319742,216.7507655
4420,4,0.0000000,0.0000000,242.0696350,38.7236137
4420,5,0.0000000,0.0000000,292.2918426,104.5671541
4430,0,0.0000000,0.0000000,237.3512696,75.8306095
4430,2,0.0000000,0.0000000,122.3700000,202.3000000
4430,3,0.0000000,0.0000000,322.5963687,215.6656289
4430,4,0.0000000,0.0000000,242.2588450,37.2355950
4430,5,0.0000000,0.0000000,291.0013581,105.3317780
4440,0,0.0000000,0.0000000,237.5404797,74.3425908
4440,2,0.0000000,0.0000000,122.3700000,202.3000000
4440,3,0.0000000,0.0000000,323.6319742,216.7507655
4440,4,0.0000000,0.0000000,242.0696350,38.7236137
4440,5,0.0000000,0.0000000,292.2918426,104.5671541
4450,0,0.0000000,0.0000000,237.3512696,75.8306095
4450,2,0.0000000,0.0000000,122.3700000,202.3000000
4450,3,0.0000000,0.0000000,322.5963687,215.6656289
4450,4,0.0000000,0.0000000,242.2588450,37.2355950
4450,5,0.0000000,0.0000000,291.0013581,105.3317780
4460,0,0.0000000,0.0000000,237.5404797,74.3425908
4460,2,0.0000000,0.0000000,122.3700000,202.3000000
4460,3,0.0000000,0.0000000,323.6319742,216.7507655
4460,4,0.0000000,0.0000000,242.0696350,38.7236137
4460,5,0.0000000,0.0000000,292.2918426,104.5671541
4470,0,0.0000000,0.0000000,237.3512696,75.8306095
4470,2,0.0000000,0.0000000,122.3700000,202.3000000
4470,3,0.0000000,0.0000000,322.5963687,215.6656289
4470,4,0.0000000,0.0000000,242.2588450,37.2355950
4470,5,0.0000000,0.0000000,291.0013581,105.3317780
4480,0,0.0000000,0.0000000,237.5404797,74.3425908
4480,2,0.0000000,0.0000000,122.3700000,202.3000000
4480,3,0.0000000,0.0000000,323.6319742,216.7507655
4480,4,0.0000000,0.0000000,242.0696350,38.7236137
4480,5,0.0000000,0.0000000,292.2918426,104.5671541
4490,0,0.0000000,0.0000000,237.3512696,75.8306095
4490,2,0.0000000,0.0000000,122.3700000,202.3000000
4490,3,0.0000000,0.0000000,322.5963687,215.6656289
4490,4,0.0000000,0.0000000,242.2588450,37.2355950
4490,5,0.0000000,0.0000000,291.0013581,105.3317780
4500,0,0.0000000,0.0000000,237.5404797,74.3425908
4500,2,0.0000000,0.0000000,122.3700000,202.3000000
4500,3,0.0000000,0.0000000,323.6319742,216.7507655
4500,4,0.0000000,0.0000000,242.0696350,38.7236137
4500,5,0.0000000,0.0000000,292.2918426,104.5671541
4510,0,0.0000000,0.0000000,237.3512696,75.8306095
4510,2,0.0000000,0.0000000,122.3700000,202.3000000
4510,3,0.0000000,0.0000000,322.5963687,215.6656289
4510,4,0.0000000,0.0000000,242.2588450,37.2355950
4510,5,0.0000000,0.0000000,291.0013581,105.3317780
4520,0,0.0000000,0.0000000,237.5404797,74.3425908
4520,2,0.0000000,0.0000000,122.3700000,202.3000000
4520,3,0.0000000,0.0000000,323.6319742,216.7507655
4520,4,0.0000000,0.0000000,242.0696350,38.7236137
4520,5,0.0000000,0.0000000,292.2918426,104.5671541
4530,0,0.0000000,0.0000000,237.3512696,75.8306095
4530,2,0.0000000,0.0000000,122.3700000,202.3000000
4530,3,0.0000000,0.0000000,322.5963687,215.6656289
4530,4,0.0000000,0.0000000,242.2588450,37.2355950
4530,5,0.0000000,0.0000000,291.0013581,105.3317780
4540,0,0.0000000,0.0000000,237.5404797,74.3425908
4540,2,0.0000000,0.0000000,122.3700000,202.3000000
4540,3,0.0000000,0.0000000,323.6319742,216.7507655
4540,4,0.0000000,0.0000000,242.0696350,38.7236137
4540,5,0.0000000,0.0000000,292.2918426,104.5671541
4550,0,0.0000000,0.0000000,237.3512696,75.8306095
4550,2,0.0000000,0.0000000,122.3700000,202.3000000
4550,3,0.0000000,0.0000000,322.5963687,215.6656289
4550,4,0.0000000,0.0000000,242.2588450,37.2355950
4550,5,0.0000000,0.0000000,291.0013581,105.3317780
4560,0,0.0000000,0.0000000,237.5404797,74.3425908
4560,2,0.0000000,0.0000000,122.3700000,202.3000000
4560,3,0.0000000,0.0000000,323.6319742,216.7507655
4560,4,0.0000000,0.0000000,242.0696350,38.7236137
4560,5,0.0000000,0.0000000,292.2918426,104.5671541
4570,0,0.0000000,0.0000000,237.3512696,75.8306095
4570,2,0.0000000,0.0000000,122.3700000,202.3000000
4570,3,0.0000000,0.0000000,322.5963687,215.6656289
4570,4,0.0000000,0.0000000,242.2588450,37.2355950
4570,5,0.0000000,0.0000000,291.0013581,105.3317780
4580,0,0.0000000,0.0000000,237.5404797,74.3425908
4580,2,0.0000000,0.0000000,122.3700000,202.3000000
4580,3,0.0000000,0.0000000,323.6319742,216.7507655
4580,4,0.0000000,0.0000000,242.0696350,38.7236137
4580,5,0.0000000,0.0000000,292.2918426,104.5671541
4590,0,0.0000000,0.0000000,237.3512696,75.8306095
4590,2,0.0000000,0.0000000,122.3700000,202.3000000
4590,3,0.0000000,0.0000000,322.5963687,215.6656289
4590,4,0.0000000,0.0000000,242.2588450,37.2355950
4590,5,0.0000000,0.0000000,291.0013581,105.3317780
4600,0,0.0000000,0.0000000,237.5404797,74.3425908
4600,2,0.0000000,0.0000000,122.3700000,202.3000000
4600,3,0.0000000,0.0000000,323.6319742,216.7507655
4600,4,0.0000000,0.0000000,242.0696350,38.7236137
4600,5,0.0000000,0.0000000,292.2918426,104.5671541
4610,0,0.0000000,0.0000000,237.3512696,75.8306095
4610,2,0.0000000,0.0000000,122.3700000,202.3000000
4610,3,0.0000000,0.0000000,322.5963687,215.6656289
4610,4,0.0000000,0.0000000,242.2588450,37.2355950
4610,5,0.0000000,0.0000000,291.0013581,105.3317780
4620,0,0.0000000,0.0000000,237.5404797,74.3425908
4620,2,0.0000000,0.0000000,122.3700000,202.3000000
4620,3,0.0000000,0.0000000,323.6319742,216.7507655
4620,4,0.0000000,0.0000000,242.0696350,38.7236137
4620,5,0.0000000,0.0000000,292.2918426,104.5671541
4630,0,0.0000000,0.0000000,237.3512696,75.8306095
4630,2,0.0000000,0.0000000,122.3700000,202.3000000
4630,3,0.0000000,0.0000000,322.5963687,215.6656289
4630,4,0.0000000,0.0000000,242.2588450,37.2355950
4630,5,0.0000000,0.0000000,291.0013581,105.3317780
4640,0,0.0000000,0.0000000,237.5404797,74.3425908
4640,2,0.0000000,0.0000000,122.3700000,202.3000000
4640,3,0.0000000,0.0000000,323.6319742,216.7507655
4640,4,0.0000000,0.0000000,242.0696350,38.7236137
4640,5,0.0000000,0.0000000,292.2918426,104.5671541
4650,0,0.0000000,0.0000000,237.3512696,75.8306095
4650,2,0.0000000,0.0000000,122.3700000,202.3000000
4650,3,0.0000000,0.0000000,322.5963687,215.6656289
4650,4,0.0000000,0.0000000,242.2588450,37.2355950
4650,5,0.0000000,0.0000000,291.0013581,105.3317780
4660,0,0.0000000,0.0000000,237.5404797,74.3425908
4660,2,0.0000000,0.0000000,122.3700000,202.3000000
4660,3,0.0000000,0.0000000,323.6319742,216.7507655
4660,4,0.0000000,0.0000000,242.0696350,38.7236137
4660,5,0.0000000,0.0000000,292.2918426,104.5671541
4670,0,0.0000000,0.0000000,237.3512696,75.8306095
4670,2,0.0000000,0.0000000,122.3700000,202.3000000
4670,3,0.0000000,0.0000000,322.5963687,215.6656289
4670,4,0.0000000,0.0000000,242.2588450,37.2355950
4670,5,0.0000000,0.0000000,291.0013581,105.3317780
4680,0,0.0000000,0.0000000,237.5404797,74.3425908
4680,2,0.0000000,0.0000000,122.3700000,202.3000000
4680,3,0.0000000,0.0000000,323.6319742,216.7507655
4680,4,0.0000000,0.0000000,242.0696350,38.7236137
4680,5,0.0000000,0.0000000,292.2918426,104.5671541
4690,0,0.0000000,0.0000000,237.3512696,75.8306095
4690,2,0.0000000,0.0000000,122.3700000,202.3000000
4690,3,0.0000000,0.0000000,322.5963687,215.6656289
4690,4,0.0000000,0.0000000,242.2588450,37.2355950
4690,5,0.0000000,0.0000000,291.0013581,105.3317780
4700,0,0.0000000,0.0000000,237.5404797,74.3425908
4700,2,0.0000000,0.0000000,122.3700000,202.3000000
4700,3,0.0000000,0.0000000,323.6319742,216.7507655
4700,4,0.0000000,0.0000000,242.0696350,38.7236137
4700,5,0.0000000,0.0000000,292.2918426,104.5671541
4710,0,0.0000000,0.0000000,237.3512696,75.8306095
4710,2,0.0000000,0.0000000,122.3700000,202.3000000
4710,3,0.0000000,0.0000000,322.5963687,215.6656289
4710,4,0.0000000,0.0000000,242.2588450,37.2355950
4710,5,0.0000000,0.0000000,291.0013581,105.3317780
4720,0,0.0000000,0.0000000,237.5404797,74.3425908
4720,2,0.0000000,0.0000000,122.3700000,202.3000000
4720,3,0.0000000,0.0000000,323.6319742,216.7507655
4720,4,0.0000000,0.0000000,242.0696350,38.7236137
4720,5,0.0000000,0.0000000,292.2918426,104.5671541
4730,0,0.0000000,0.0000000,237.3512696,75.8306095
4730,2,0.0000000,0.0000000,122.3700000,202.3000000
4730,3,0.0000000,0.0000000,322.5963687,215.6656289
4730,4,0.0000000,0.0000000,242.2588450,37.2355950
4730,5,0.0000000,0.0000000,291.0013581,105.3317780
4740,0,0.0000000,0.0000000,237.5404797,74.3425908
4740,2,0.0000000,0.0000000,122.3700000,202.3000000
4740,3,0.0000000,0.0000000,323.6319742,216.7507655
4740,4,0.0000000,0.0000000,242.0696350,38.7236137
4740,5,0.0000000,0.0000000,292.2918426,104.5671541
4750,0,0.0000000,0.0000000,237.3512696,75.8306095
4750,2,0.0000000,0.0000000,122.3700000,202.3000000
4750,3,0.0000000,0.0000000,322.5963687,215.6656289
4750,4,0.0000000,0.0000000,242.2588450,37.2355950
4750,5,0.0000000,0.0000000,291.0013581,105.3317780
4760,0,0.0000000,0.0000000,237.5404797,74.3425908
4760,2,0.0000000,0.0000000,122.3700000,202.3000000
4760,3,0.0000000,0.0000000,323.6319742,216.7507655
4760,4,0.0000000,0.0000000,242.0696350,38.7236137
4760,5,0.0000000,0.0000000,292.2918426,104.5671541
4770,0,0.0000000,0.0000000,237.3512696,75.8306095
4770,2,0.0000000,0.0000000,122.3700000,202.3000000
4770,3,0.0000000,0.0000000,322.5963687,215.6656289
4770,4,0.0000000,0.0000000,242.2588450,37.2355950
4770,5,0.0000000,0.0000000,291.0013581,105.3317780
4780,0,0.0000000,0.0000000,237.5404797,74.3425908
4780,2,0.0000000,0.0000000,122.3700000,202.3000000
4780,3,0.0000000,0.0000000,323.6319742,216.7507655
4780,4,0.0000000,0.0000000,242.0696350,38.7236137
4780,5,0.0000000,0.0000000,292.2918426,104.5671541
4790,0,0.0000000,0.0000000,237.3512696,75.8306095
4790,2,0.0000000,0.0000000,122.3700000,202.3000000
4790,3,0.0000000,0.0000000,322.5963687,215.6656289
4790,4,0.0000000,0.0000000,242.2588450,37.2355950
4790,5,0.0000000,0.0000000,291.0013581,105.3317780
4800,0,0.0000000,0.0000000,237.5404797,74.3425908
4800,2,0.0000000,0.0000000,122.3700000,202.3000000
4800,3,0.0000000,0.0000000,323.6319742,216.7507655
4800,4,0.0000000,0.0000000,242.0696350,38.7236137
4800,5,0.0000000,0.0000000,292.2918426,104.5671541
4810,0,0.0000000,0.0000000,237.3512696,75.8306095
4810,2,0.0000000,0.0000000,122.3700000,202.3000000
4810,3,0.0000000,0.0000000,322.5963687,215.6656289
4810,4,0.0000000,0.0000000,242.2588450,37.2355950
4810,5,0.0000000,0.0000000,291.0013581,105.3317780
4820,0,0.0000000,0.0000000,237.5404797,74.3425908
4820,2,0.0000000,0.0000000,122.3700000,202.3000000
4820,3,0.0000000,0.0000000,323.6319742,216.7507655
4820,4,0.0000000,0.0000000,242.0696350,38.7236137
4820,5,0.0000000,0.0000000,292.2918426,104.5671541
4830,0,0.0000000,0.0000000,237.3512696,75.8306095
4830,2,0.0000000,0.0000000,122.3700000,202.3000000
4830,3,0.0000000,0.0000000,322.5963687,215.6656289
4830,4,0.0000000,0.0000000,242.2588450,37.2355950
4830,5,0.0000000,0.0000000,291.0013581,105.3317780
4840,0,0.0000000,0.0000000,237.5404797,74.3425908
4840,2,0.0000000,0.0000000,122.3700000,202.3000000
4840,3,0.0000000,0.0000000,323.6319742,216.7507655
4840,4,0.0000000,0.0000000,242.0696350,38.7236137
4840,5,0.0000000,0.0000000,292.2918426,104.5671541
4850,0,0.0000000,0.0000000,237.3512696,75.8306095
4850,2,0.0000000,0.0000000,122.3700000,202.3000000
4850,3,0.0000000,0.0000000,322.5963687,215.6656289
4850,4,0.0000000,0.0000000,242.2588450,37.2355950
4850,5,0.0000000,0.0000000,291.0013581,105.3317780
4860,0,0.0000000,0.0000000,237.5404797,74.3425908
4860,2,0.0000000,0.0000000,122.3700000,202.3000000
4860,3,0.0000000,0.0000000,323.6319742,216.7507655
4860,4,0.0000000,0.0000000,242.0696350,38.7236137
4860,5,0.0000000,0.0000000,292.2918426,104.5671541
4870,0,0.0000000,0.0000000,237.3512696,75.8306095
4870,2,0.0000000,0.0000000,122.3700000,202.3000000
4870,3,0.0000000,0.0000000,322.5963687,215.6656289
4870,4,0.0000000,0.0000000,242.2588450,37.2355950
4870,5,0.0000000,0.0000000,291.0013581,105.3317780
4880,0,0.0000000,0.0000000,237.5404797,74.3425908
4880,2,0.0000000,0.0000000,122.3700000,202.3000000
4880,3,0.0000000,0.0000000,323.6319742,216.7507655
4880,4,0.0000000,0.0000000,242.0696350,38.7236137
4880,5,0.0000000,0.0000000,292.2918426,104.5671541
4890,0,0.0000000,0.0000000,237.3512696,75.8306095
4890,2,0.0000000,0.0000000,122.3700000,202.3000000
4890,3,0.0000000,0.0000000,322.5963687,215.6656289
4890,4,0.0000000,0.0000000,242.2588450,37.2355950
4890,5,0.0000000,0.0000000,291.0013581,105.3317780
4900,0,0.0000000,0.0000000,237.5404797,74.3425908
4900,2,0.0000000,0.0000000,122.3700000,202.3000000
4900,3,0.0000000,0.0000000,323.6319742,216.7507655
4900,4,0.0000000,0.0000000,242.0696350,38.7236137
4900,5,0.0000000,0.0000000,292.2918426,104.5671541
4910,0,0.0000000,0.0000000,237.3512696,75.8306095
4910,2,0.0000000,0.0000000,122.3700000,202.3000000
4910,3,0.0000000,0.0000000,322.5963687,215.6656289
4910,4,0.0000000,0.0000000,242.2588450,37.2355950
4910,5,0.0000000,0.0000000,291.0013581,105.3317780
4920,0,0.0000000,0.0000000,237.5404797,74.3425908
4920,2,0.0000000,0.0000000,122.3700000,202.3000000
4920,3,0.0000000,0.0000000,323.6319742,216.7507655
4920,4,0.0000000,0.0000000,242.0696350,38.7236137
4920,5,0.0000000,0.0000000,292.2918426,104.5671541
4930,0,0.0000000,0.0000000,237.3512696,75.8306095
4930,2,0.0000000,0.0000000,122.3700000,202.3000000
4930,3,0.0000000,0.0000000,322.5963687,215.6656289
4930,4,0.0000000,0.0000000,242.2588450,37.2355950
4930,5,0.0000000,0.0000000,291.0013581,105.3317780
4940,0,0.0000000,0.0000000,237.5404797,74.3425908
4940,2,0.0000000,0.0000000,122.3700000,202.3000000
4940,3,0.0000000,0.0000000,323.6319742,216.7507655
4940,4,0.0000000,0.0000000,242.0696350,38.7236137
4940,5,0.0000000,0.0000000,292.2918426,104.5671541
4950,0,0.0000000,0.0000000,237.3512696,75.8306095
4950,2,0.0000000,0.0000000,122.3700000,202.3000000
4950,3,0.0000000,0.0000000,322.5963687,215.6656289
4950,4,0.0000000,0.0000000,242.2588450,37.2355950
4950,5,0.0000000,0.0000000,291.0013581,105.3317780
4960,0,0.0000000,0.0000000,237.5404797,74.3425908
4960,2,0.0000000,0.0000000,122.3700000,202.3000000
4960,3,0.0000000,0.0000000,323.6319742,216.7507655
4960,4,0.0000000,0.0000000,242.0696350,38.7236137
4960,5,0.0000000,0.0000000,292.2918426,104.5671541
4970,0,0.0000000,0.0000000,237.3512696,75.8306095
4970,2,0.0000000,0.0000000,122.3700000,202.3000000
4970,3,0.0000000,0.0000000,322.5963687,215.6656289
4970,4,0.0000000,0.0000000,242.2588450,37.2355950
4970,5,0.0000000,0.0000000,291.0013581,105.3317780
4980,0,0.0000000,0.0000000,237.5404797,74.3425908
4980,2,0.0000000,0.0000000,122.3700000,202.3000000
4980,3,0.0000000,0.0000000,323.6319742,216.7507655
4980,4,0.0000000,0.0000000,242.0696350,38.7236137
4980,5,0.0000000,0.0000000,292.2918426,104.5671541
4990,0,0.0000000,0.0000000,237.3512696,75.8306095
4990,2,0.0000000,0.0000000,122.3700000,202.3000000
4990,3,0.0000000,0.0000000,322.5963687,215.6656289
4990,4,0.0000000,0.0000000,242.2588450,37.2355950
4990,5,0.0000000,0.0000000,291.0013581,105.3317780
5000,0,0.0000000,0.0000000,237.5404797,74.3425908
5000,2,0.0000000,0.0000000,122.3700000,202.3000000
5000,3,0.0000000,0.0000000,323.6319742,216.7507655
5000,4,0.0000000,0.0000000,242.0696350,38.7236137
5000,5,0.0000000,0.0000000,292.2918426,104.5671541
5010,0,0.0000000,0.0000000,237.3512696,75.8306095
5010,2,0.0000000,0.0000000,122.3700000,202.3000000
5010,3,0.0000000,0.0000000,322.5963687,215.6656289
5010,4,0.0000000,0.0000000,242.2588450,37.2355950
5010,5,0.0000000,0.0000000,291.0013581,105.3317780
5020,0,0.0000000,0.0000000,237.5404797,74.3425908
5020,2,0.0000000,0.0000000,122.3700000,202.3000000
5020,3,0.0000000,0.0000000,323.6319742,216.7507655
5020,4,0.0000000,0.0000000,242.0696350,38.7236137
5020,5,0.0000000,0.0000000,292.2918426,104.5671541
5030,0,0.0000000,0.0000000,237.3512696,75.8306095
5030,2,0.0000000,0.0000000,122.3700000,202.3000000
5030,3,0.0000000,0.0000000,322.5963687,215.6656289
5030,4,0.0000000,0.0000000,242.2588450,37.2355950
5030,5,0.0000000,0.0000000,291.0013581,105.3317780
5040,0,0.0000000,0.0000000,237.5404797,74.3425908
5040,2,0.0000000,0.0000000,122.3700000,202.3000000
5040,3,0.0000000,0.0000000,323.6319742,216.7507655
5040,4,0.0000000,0.0000000,242.0696350,38.7236137
5040,5,0.0000000,0.0000000,292.2918426,104.5671541
5050,0,0.0000000,0.0000000,237.3512696,75.8306095
5050,2,0.0000000,0.0000000,122.3700000,202.3000000
5050,3,0.0000000,0.0000000,322.5963687,215.6656289
5050,4,0.0000000,0.0000000,242.2588450,37.2355950
5050,5,0.0000000,0.0000000,291.0013581,105.3317780
5060,0,0.0000000,0.0000000,237.5404797,74.3425908
5060,2,0.0000000,0.0000000,122.3700000,202.3000000
5060,3,0.0000000,0.0000000,323.6319742,216.7507655
5060,4,0.0000000,0.0000000,242.0696350,38.7236137
5060,5,0.0000000,0.0000000,292.2918426,104.5671541
5070,0,0.0000000,0.0000000,237.3512696,75.8306095
5070,2,0.0000000,0.0000000,122.3700000,202.3000000
5070,3,0.0000000,0.0000000,322.5963687,215.6656289
5070,4,0.0000000,0.0000000,242.2588450,37.2355950
5070,5,0.0000000,0.0000000,291.0013581,105.3317780
5080,0,0.0000000,0.0000000,237.5404797,74.3425908
5080,2,0.0000000,0.0000000,122.3700000,202.3000000
5080,3,0.0000000,0.0000000,323.6319742,216.7507655
5080,4,0.0000000,0.0000000,242.0696350,38.7236137
5080,5,0.0000000,0.0000000,292.2918426,104.5671541
5090,0,0.0000000,0.0000000,237.3512696,75.8306095
5090,2,0.0000000,0.0000000,122.3700000,202.3000000
5090,3,0.0000000,0.0000000,322.5963687,215.6656289
5090,4,0.0000000,0.0000000,242.2588450,37.2355950
5090,5,0.0000000,0.0000000,291.0013581,105.3317780
5100,0,0.0000000,0.0000000,237.5404797,74.3425908
5100,2,0.0000000,0.0000000,122.3700000,202.3000000
5100,3,0.0000000,0.0000000,323.6319742,216.7507655
5100,4,0.0000000,0.0000000,242.0696350,38.7236137
5100,5,0.0000000,0.0000000,292.2918426,104.5671541
5110,0,0.0000000,0.0000000,237.3512696,75.8306095
5110,2,0.0000000,0.0000000,122.3700000,202.3000000
5110,3,0.0000000,0.0000000,322.5963687,215.6656289
5110,4,0.0000000,0.0000000,242.2588450,37.2355950
5110,5,0.0000000,0.0000000,291.0013581,105.3317780
5120,0,0.0000000,0.0000000,237.5404797,74.3425908
5120,2,0.0000000,0.0000000,122.3700000,202.3000000
5120,3,0.0000000,0.0000000,323.6319742,216.7507655
5120,4,0.0000000,0.0000000,242.0696350,38.7236137
5120,5,0.0000000,0.0000000,292.2918426,104.5671541
5130,0,0.0000000,0.0000000,237.3512696,75.8306095
5130,2,0.0000000,0.0000000,122.3700000,202.3000000
5130,3,0.0000000,0.0000000,322.5963687,215.6656289
5130,4,0.0000000,0.0000000,242.2588450,37.2355950
5130,5,0.0000000,0.0000000,291.0013581,105.3317780
5140,0,0.0000000,0.0000000,237.5404797,74.3425908
5140,2,0.0000000,0.0000000,122.3700000,202.3000000
5140,3,0.0000000,0.0000000,323.6319742,216.7507655
5140,4,0.0000000,0.0000000,242.0696350,38.7236137
5140,5,0.0000000,0.0000000,292.2918426,104.5671541
5150,0,0.0000000,0.0000000,237.3512696,75.8306095
5150,2,0.0000000,0.0000000,122.3700000,202.3000000
5150,3,0.0000000,0.0000000,322.5963687,215.6656289
5150,4,0.0000000,0.0000000,242.2588450,37.2355950
5150,5,0.0000000,0.0000000,291.0013581,105.3317780
5160,0,0.0000000,0.0000000,237.5404797,74.3425908
5160,2,0.0000000,0.0000000,122.3700000,202.3000000
5160,3,0.0000000,0.0000000,323.6319742,216.7507655
5160,4,0.0000000,0.0000000,242.0696350,38.7236137
5160,5,0.0000000,0.0000000,292.2918426,104.5671541
5170,0,0.0000000,0.0000000,237.3512696,75.8306095
5170,2,0.0000000,0.0000000,122.3700000,202.3000000
5170,3,0.0000000,0.0000000,322.5963687,215.6656289
5170,4,0.0000000,0.0000000,242.2588450,37.2355950
5170,5,0.0000000,0.0000000,291.0013581,105.3317780
5180,0,0.0000000,0.0000000,237.5404797,74.3425908
5180,2,0.0000000,0.0000000,122.3700000,202.3000000
5180,3,0.0000000,0.0000000,323.6319742,216.7507655
5180,4,0.0000000,0.0000000,242.0696350,38.7236137
5180,5,0.0000000,0.0000000,292.2918426,104.5671541
5190,0,0.0000000,0.0000000,237.3512696,75.8306095
5190,2,0.0000000,0.0000000,122.3700000,202.3000000
5190,3,0.0000000,0.0000000,322.5963687,215.6656289
5190,4,0.0000000,0.0000000,242.2588450,37.2355950
5190,5,0.0000000,0.0000000,291.0013581,105.3317780
5200,0,0.0000000,0.0000000,237.5404797,74.3425908
5200,2,0.0000000,0.0000000,122.3700000,202.3000000
5200,3,0.0000000,0.0000000,323.6319742,216.7507655
5200,4,0.0000000,0.0000000,242.0696350,38.7236137
5200,5,0.0000000,0.0000000,292.2918426,104.5671541
5210,0,0.0000000,0.0000000,237.3512696,75.8306095
5210,2,0.0000000,0.0000000,122.3700000,202.3000000
5210,3,0.0000000,0.0000000,322.5963687,215.6656289
5210,4,0.0000000,0.0000000,242.2588450,37.2355950
5210,5,0.0000000,0.0000000,291.0013581,105.3317780
5220,0,0.0000000,0.0000000,237.5404797,74.3425908
5220,2,0.0000000,0.0000000,122.3700000,202.3000000
5220,3,0.0000000,0.0000000,323.6319742,216.7507655
5220,4,0.0000000,0.0000000,242.0696350,38.7236137
5220,5,0.0000000,0.0000000,292.2918426,104.5671541
5230,0,0.0000000,0.0000000,237.3512696,75.8306095
5230,2,0.0000000,0.0000000,122.3700000,202.3000000
5230,3,0.0000000,0.0000000,322.5963687,215.6656289
5230,4,0.0000000,0.0000000,242.2588450,37.2355950
5230,5,0.0000000,0.0000000,291.0013581,105.3317780
5240,0,0.0000000,0.0000000,237.5404797,74.3425908
5240,2,0.0000000,0.0000000,122.3700000,202.3000000
5240,3,0.0000000,0.0000000,323.6319742,216.7507655
5240,4,0.0000000,0.0000000,242.0696350,38.7236137
5240,5,0.0000000,0.0000000,292.2918426,104.5671541
5250,0,0.0000000,0.0000000,237.3512696,75.8306095
5250,2,0.0000000,0.0000000,122.3700000,202.3000000
5250,3,0.0000000,0.0000000,322.5963687,215.6656289
5250,4,0.0000000,0.0000000,242.2588450,37.2355950
5250,5,0.0000000,0.0000000,291.0013581,105.3317780
5260,0,0.0000000,0.0000000,237.5404797,74.3425908
5260,2,0.0000000,0.0000000,122.3700000,202.3000000
5260,3,0.0000000,0.0000000,323.6319742,216.7507655
5260,4,0.0000000,0.0000000,242.0696350,38.7236137
5260,5,0.0000000,0.0000000,292.2918426,104.5671541
5270,0,0.0000000,0.0000000,237.3512696,75.8306095
5270,2,0.0000000,0.0000000,122.3700000,202.3000000
5270,3,0.0000000,0.0000000,322.5963687,215.6656289
5270,4,0.0000000,0.0000000,242.2588450,37.2355950
5270,5,0.0000000,0.0000000,291.0013581,105.3317780
5280,0,0.0000000,0.0000000,237.5404797,74.3425908
5280,2,0.0000000,0.0000000,122.3700000,202.3000000
5280,3,0.0000000,0.0000000,323.6319742,216.7507655
5280,4,0.0000000,0.0000000,242.0696350,38.7236137
5280,5,0.0000000,0.0000000,292.2918426,104.5671541
5290,0,0.0000000,0.0000000,237.3512696,75.8306095
5290,2,0.0000000,0.0000000,122.3700000,202.3000000
5290,3,0.0000000,0.0000000,322.5963687,215.6656289
5290,4,0.0000000,0.0000000,242.2588450,37.2355950
5290,5,0.0000000,0.0000000,291.0013581,105.3317780
5300,0,0.0000000,0.0000000,237.5404797,74.3425908
5300,2,0.0000000,0.0000000,122.3700000,202.3000000
5300,3,0.0000000,0.0000000,323.6319742,216.7507655
5300,4,0.0000000,0.0000000,242.0696350,38.7236137
5300,5,0.0000000,0.0000000,292.2918426,104.5671541
5310,0,0.0000000,0.0000000,237.3512696,75.8306095
5310,2,0.0000000,0.0000000,122.3700000,202.3000000
5310,3,0.0000000,0.0000000,322.5963687,215.6656289
5310,4,0.0000000,0.0000000,242.2588450,37.2355950
5310,5,0.0000000,0.0000000,291.0013581,105.3317780
5320,0,0.0000000,0.0000000,237.5404797,74.3425908
5320,2,0.0000000,0.0000000,122.3700000,202.3000000
5320,3,0.0000000,0.0000000,323.6319742,216.7507655
5320,4,0.0000000,0.0000000,242.0696350,38.7236137
5320,5,0.0000000,0.0000000,292.2918426,104.5671541
5330,0,0.0000000,0.0000000,237.3512696,75.8306095
5330,2,0.0000000,0.0000000,122.3700000,202.3000000
5330,3,0.0000000,0.0000000,322.5963687,215.6656289
5330,4,0.0000000,0.0000000,242.2588450,37.2355950
5330,5,0.0000000,0.0000000,291.0013581,105.3317780
5340,0,0.0000000,0.0000000,237.5404797,74.3425908
5340,2,0.0000000,0.0000000,122.3700000,202.3000000
5340,3,0.0000000,0.0000000,323.6319742,216.7507655
5340,4,0.0000000,0.0000000,242.0696350,38.7236137
5340,5,0.0000000,0.0000000,292.2918426,104.5671541
5350,0,0.0000000,0.0000000,237.3512696,75.8306095
5350,2,0.0000000,0.0000000,122.3700000,202.3000000
5350,3,0.0000000,0.0000000,322.5963687,215.6656289
5350,4,0.0000000,0.0000000,242.2588450,37.2355950
5350,5,0.0000000,0.0000000,291.0013581,105.3317780
5360,0,0.0000000,0.0000000,237.5404797,74.3425908
5360,2,0.0000000,0.0000000,122.3700000,202.3000000
5360,3,0.0000000,0.0000000,323.6319742,216.7507655
5360,4,0.0000000,0.0000000,242.0696350,38.7236137
5360,5,0.0000000,0.0000000,292.2918426,104.5671541
5370,0,0.0000000,0.0000000,237.3512696,75.8306095
5370,2,0.0000000,0.0000000,122.3700000,202.3000000
5370,3,0.0000000,0.0000000,322.5963687,215.6656289
5370,4,0.0000000,0.0000000,242.2588450,37.2355950
5370,5,0.0000000,0.0000000,291.0013581,105.3317780
5380,0,0.0000000,0.0000000,237.5404797,74.3425908
5380,2,0.0000000,0.0000000,122.3700000,202.3000000
5380,3,0.0000000,0.0000000,323.6319742,216.7507655
5380,4,0.0000000,0.0000000,242.0696350,38.7236137
5380,5,0.0000000,0.0000000,292.2918426,104.5671541
5390,0,0.0000000,0.0000000,237.3512696,75.8306095
5390,2,0.0000000,0.0000000,122.3700000,202.3000000
5390,3,0.0000000,0.0000000,322.5963687,215.6656289
5390,4,0.0000000,0.0000000,242.2588450,37.2355950
5390,5,0.0000000,0.0000000,291.0013581,105.3317780
5400,0,0.0000000,0.0000000,237.5404797,74.3425908
5400,2,0.0000000,0.0000000,122.3700000,202.3000000
5400,3,0.0000000,0.0000000,323.6319742,216.7507655
5400,4,0.0000000,0.0000000,242.0696350,38.7236137
5400,5,0.0000000,0.0000000,292.2918426,104.5671541
5410,0,0.0000000,0.0000000,237.3512696,75.8306095
5410,2,0.0000000,0.0000000,122.3700000,202.3000000
5410,3,0.0000000,0.0000000,322.5963687,215.6656289
5410,4,0.0000000,0.0000000,242.2588450,37.2355950
5410,5,0.0000000,0.0000000,291.0013581,105.3317780
5420,0,0.0000000,0.0000000,237.5404797,74.3425908
5420,2,0.0000000,0.0000000,122.3700000,202.3000000
5420,3,0.0000000,0.0000000,323.6319742,216.7507655
5420,4,0.0000000,0.0000000,242.0696350,38.7236137
5420,5,0.0000000,0.0000000,292.2918426,104.5671541
5430,0,0.0000000,0.0000000,237.3512696,75.8306095
5430,2,0.0000000,0.0000000,122.3700000,202.3000000
5430,3,0.0000000,0.0000000,322.5963687,215.6656289
5430,4,0.0000000,0.0000000,242.2588450,37.2355950
5430,5,0.0000000,0.0000000,291.0013581,105.3317780
5440,0,0.0000000,0.0000000,237.5404797,74.3425908
5440,2,0.0000000,0.0000000,122.3700000,202.3000000
5440,3,0.0000000,0.0000000,323.6319742,216.7507655
5440,4,0.0000000,0.0000000,242.0696350,38.7236137
5440,5,0.0000000,0.0000000,292.2918426,104.5671541
5450,0,0.0000000,0.0000000,237.3512696,75.8306095
5450,2,0.0000000,0.0000000,122.3700000,202.3000000
5450,3,0.0000000,0.0000000,322.5963687,215.6656289
5450,4,0.0000000,0.0000000,242.2588450,37.2355950
5450,5,0.0000000,0.0000000,291.0013581,105.3317780
5460,0,0.0000000,0.0000000,237.5404797,74.3425908
5460,2,0.0000000,0.0000000,122.3700000,202.3000000
5460,3,0.0000000,0.0000000,323.6319742,216.7507655
5460,4,0.0000000,0.0000000,242.0696350,38.7236137
5460,5,0.0000000,0.0000000,292.2918426,104.5671541
5470,0,0.0000000,0.0000000,237.3512696,75.8306095
5470,2,0.0000000,0.0000000,122.3700000,202.3000000
5470,3,0.0000000,0.0000000,322.5963687,215.6656289
5470,4,0.0000000,0.0000000,242.2588450,37.2355950
5470,5,0.0000000,0.0000000,291.0013581,105.3317780
5480,0,0.0000000,0.0000000,237.5404797,74.3425908
5480,2,0.0000000,0.0000000,122.3700000,202.3000000
5480,3,0.0000000,0.0000000,323.6319742,216.7507655
5480,4,0.0000000,0.0000000,242.0696350,38.7236137
5480,5,0.0000000,0.0000000,292.2918426,104.5671541
5490,0,0.0000000,0.0000000,237.3512696,75.8306095
5490,2,0.0000000,0.0000000,122.3700000,202.3000000
5490,3,0.0000000,0.0000000,322.5963687,215.6656289
5490,4,0.0000000,0.0000000,242.2588450,37.2355950
5490,5,0.0000000,0.0000000,291.0013581,105.3317780
5500,0,0.0000000,0.0000000,237.5404797,74.3425908
5500,2,0.0000000,0.0000000,122.3700000,202.3000000
5500,3,0.0000000,0.0000000,323.6319742,216.7507655
5500,4,0.0000000,0.0000000,242.0696350,38.7236137
5500,5,0.0000000,0.0000000,292.2918426,104.5671541
5510,0,0.0000000,0.0000000,237.3512696,75.8306095
5510,2,0.0000000,0.0000000,122.3700000,202.3000000
5510,3,0.0000000,0.0000000,322.5963687,215.6656289
5510,4,0.0000000,0.0000000,242.2588450,37.2355950
5510,5,0.0000000,0.0000000,291.0013581,105.3317780
5520,0,0.0000000,0.0000000,237.5404797,74.3425908
5520,2,0.0000000,0.0000000,122.3700000,202.3000000
5520,3,0.0000000,0.0000000,323.6319742,216.7507655
5520,4,0.0000000,0.0000000,242.0696350,38.7236137
5520,5,0.0000000,0.0000000,292.2918426,104.5671541
5530,0,0.0000000,0.0000000,237.3512696,75.8306095
5530,2,0.0000000,0.0000000,122.3700000,202.3000000
5530,3,0.0000000,0.0000000,322.5963687,215.6656289
5530,4,0.0000000,0.0000000,242.2588450,37.2355950
5530,5,0.0000000,0.0000000,291.0013581,105.3317780
5540,0,0.0000000,0.0000000,237.5404797,74.3425908
5540,2,0.0000000,0.0000000,122.3700000,202.3000000
5540,3,0.0000000,0.0000000,323.6319742,216.7507655
5540,4,0.0000000,0.0000000,242.0696350,38.7236137
5540,5,0.0000000,0.0000000,292.2918426,104.5671541
5550,0,0.0000000,0.0000000,237.3512696,75.8306095
5550,2,0.0000000,0.0000000,122.3700000,202.3000000
5550,3,0.0000000,0.0000000,322.5963687,215.6656289
5550,4,0.0000000,0.0000000,242.2588450,37.2355950
5550,5,0.0000000,0.0000000,291.0013581,105.3317780
5560,0,0.0000000,0.0000000,237.5404797,74.3425908
5560,2,0.0000000,0.0000000,122.3700000,202.3000000
5560,3,0.0000000,0.0000000,323.6319742,216.7507655
5560,4,0.0000000,0.0000000,242.0696350,38.7236137
5560,5,0.0000000,0.0000000,292.2918426,104.5671541
5570,0,0.0000000,0.0000000,237.3512696,75.8306095
5570,2,0.0000000,0.0000000,122.3700000,202.3000000
5570,3,0.0000000,0.0000000,322.5963687,215.6656289
5570,4,0.0000000,0.0000000,242.2588450,37.2355950
5570,5,0.0000000,0.0000000,291.0013581,105.3317780
5580,0,0.0000000,0.0000000,237.5404797,74.3425908
5580,2,0.0000000,0.0000000,122.3700000,202.3000000
5580,3,0.0000000,0.0000000,323.6319742,216.7507655
5580,4,0.0000000,0.0000000,242.0696350,38.7236137
5580,5,0.0000000,0.0000000,292.2918426,104.5671541
5590,0,0.0000000,0.0000000,237.3512696,75.8306095
5590,2,0.0000000,0.0000000,122.3700000,202.3000000
5590,3,0.0000000,0.0000000,322.5963687,215.6656289
5590,4,0.0000000,0.0000000,242.2588450,37.2355950
5590,5,0.0000000,0.0000000,291.0013581,105.3317780
5600,0,0.0000000,0.0000000,237.5404797,74.3425908
5600,2,0.0000000,0.0000000,122.3700000,202.3000000
5600,3,0.0000000,0.0000000,323.6319742,216.7507655
5600,4,0.0000000,0.0000000,242.0696350,38.7236137
5600,5,0.0000000,0.0000000,292.2918426,104.5671541
5610,0,0.0000000,0.0000000,237.3512696,75.8306095
5610,2,0.0000000,0.0000000,122.3700000,202.3000000
5610,3,0.0000000,0.0000000,322.5963687,215.6656289
5610,4,0.0000000,0.0000000,242.2588450,37.2355950
5610,5,0.0000000,0.0000000,291.0013581,105.3317780
5620,0,0.0000000,0.0000000,237.5404797,74.3425908
5620,2,0.0000000,0.0000000,122.3700000,202.3000000
5620,3,0.0000000,0.0000000,323.6319742,216.7507655
5620,4,0.0000000,0.0000000,242.0696350,38.7236137
5620,5,0.0000000,0.0000000,292.2918426,104.5671541
5630,0,0.0000000,0.0000000,237.3512696,75.8306095
5630,2,0.0000000,0.0000000,122.3700000,202.3000000
5630,3,0.0000000,0.0000000,322.5963687,215.6656289
5630,4,0.0000000,0.0000000,242.2588450,37.2355950
5630,5,0.0000000,0.0000000,291.0013581,105.3317780
5640,0,0.0000000,0.0000000,237.5404797,74.3425908
5640,2,0.0000000,0.0000000,122.3700000,202.3000000
5640,3,0.0000000,0.0000000,323.6319742,216.7507655
5640,4,0.0000000,0.0000000,242.0696350,38.7236137
5640,5,0.0000000,0.0000000,292.2918426,104.5671541
5650,0,0.0000000,0.0000000,237.3512696,75.8306095
5650,2,0.0000000,0.0000000,122.3700000,202.3000000
5650,3,0.0000000,0.0000000,322.5963687,215.6656289
5650,4,0.0000000,0.0000000,242.2588450,37.2355950
5650,5,0.0000000,0.0000000,291.0013581,105.3317780
5660,0,0.0000000,0.0000000,237.5404797,74.3425908
5660,2,0.0000000,0.0000000,122.3700000,202.3000000
5660,3,0.0000000,0.0000000,323.6319742,216.7507655
5660,4,0.0000000,0.0000000,242.0696350,38.7236137
5660,5,0.0000000,0.0000000,292.2918426,104.5671541
5670,0,0.0000000,0.0000000,237.3512696,75.8306095
5670,2,0.0000000,0.0000000,122.3700000,202.3000000
5670,3,0.0000000,0.0000000,322.5963687,215.6656289
5670,4,0.0000000,0.0000000,242.2588450,37.2355950
5670,5,0.0000000,0.0000000,291.0013581,105.3317780
5680,0,0.0000000,0.0000000,237.5404797,74.3425908
5680,2,0.0000000,0.0000000,122.3700000,202.3000000
5680,3,0.0000000,0.0000000,323.6319742,216.7507655
5680,4,0.0000000,0.0000000,242.0696350,38.7236137
5680,5,0.0000000,0.0000000,292.2918426,104.5671541
5690,0,0.0000000,0.0000000,237.3512696,75.8306095
5690,2,0.0000000,0.0000000,122.3700000,202.3000000
5690,3,0.0000000,0.0000000,322.5963687,215.6656289
5690,4,0.0000000,0.0000000,242.2588450,37.2355950
5690,5,0.0000000,0.0000000,291.0013581,105.3317780
5700,0,0.0000000,0.0000000,237.5404797,74.3425908
5700,2,0.0000000,0.0000000,122.3700000,202.3000000
5700,3,0.0000000,0.0000000,323.6319742,216.7507655
5700,4,0.0000000,0.0000000,242.0696350,38.7236137
5700,5,0.0000000,0.0000000,292.2918426,104.5671541
5710,0,0.0000000,0.0000000,237.3512696,75.8306095
5710,2,0.0000000,0.0000000,122.3700000,202.3000000
5710,3,0.0000000,0.0000000,322.5963687,215.6656289
5710,4,0.0000000,0.0000000,242.2588450,37.2355950
5710,5,0.0000000,0.0000000,291.0013581,105.3317780
5720,0,0.0000000,0.0000000,237.5404797,74.3425908
5720,2,0.0000000,0.0000000,122.3700000,202.3000000
5720,3,0.0000000,0.0000000,323.6319742,216.7507655
5720,4,0.0000000,0.0000000,242.0696350,38.7236137
5720,5,0.0000000,0.0000000,292.2918426,104.5671541
5730,0,0.0000000,0.0000000,237.3512696,75.8306095
5730,2,0.0000000,0.0000000,122.3700000,202.3000000
5730,3,0.0000000,0.0000000,322.5963687,215.6656289
5730,4,0.0000000,0.0000000,242.2588450,37.2355950
5730,5,0.0000000,0.0000000,291.0013581,105.3317780
5740,0,0.0000000,0.0000000,237.5404797,74.3425908
5740,2,0.0000000,0.0000000,122.3700000,202.3000000
5740,3,0.0000000,0.0000000,323.6319742,216.7507655
5740,4,0.0000000,0.0000000,242.0696350,38.7236137
5740,5,0.0000000,0.0000000,292.2918426,104.5671541
5750,0,0.0000000,0.0000000,237.3512696,75.8306095
5750,2,0.0000000,0.0000000,122.3700000,202.3000000
5750,3,0.0000000,0.0000000,322.5963687,215.6656289
5750,4,0.0000000,0.0000000,242.2588450,37.2355950
5750,5,0.0000000,0.0000000,291.0013581,105.3317780
5760,0,0.0000000,0.0000000,237.5404797,74.3425908
5760,2,0.0000000,0.0000000,122.3700000,202.3000000
5760,3,0.0000000,0.0000000,323.6319742,216.7507655
5760,4,0.0000000,0.0000000,242.0696350,38.7236137
5760,5,0.0000000,0.0000000,292.2918426,104.5671541
5770,0,0.0000000,0.0000000,237.3512696,75.8306095
5770,2,0.0000000,0.0000000,122.3700000,202.3000000
5770,3,0.0000000,0.0000000,322.5963687,215.6656289
5770,4,0.0000000,0.0000000,242.2588450,37.2355950
5770,5,0.0000000,0.0000000,291.0013581,105.3317780
5780,0,0.0000000,0.0000000,237.5404797,74.3425908
5780,2,0.0000000,0.0000000,122.3700000,202.3000000
5780,3,0.0000000,0.0000000,323.6319742,216.7507655
5780,4,0.0000000,0.0000000,242.0696350,38.7236137
5780,5,0.0000000,0.0000000,292.2918426,104.5671541
5790,0,0.0000000,0.0000000,237.3512696,75.8306095
5790,2,0.0000000,0.0000000,122.3700000,202.3000000
5790,3,0.0000000,0.0000000,322.5963687,215.6656289
5790,4,0.0000000,0.0000000,242.2588450,37.2355950
5790,5,0.0000000,0.0000000,291.0013581,105.3317780
5800,0,0.0000000,0.0000000,237.5404797,74.3425908
5800,2,0.0000000,0.0000000,122.3700000,202.3000000
5800,3,0.0000000,0.0000000,323.6319742,216.7507655
5800,4,0.0000000,0.0000000,242.0696350,38.7236137
5800,5,0.0000000,0.0000000,292.2918426,104.5671541
5810,0,0.0000000,0.0000000,237.3512696,75.8306095
5810,2,0.0000000,0.0000000,122.3700000,202.3000000
5810,3,0.0000000,0.0000000,322.5963687,215.6656289
5810,4,0.0000000,0.0000000,242.2588450,37.2355950
5810,5,0.0000000,0.0000000,291.0013581,105.3317780
5820,0,0.0000000,0.0000000,237.5404797,74.3425908
5820,2,0.0000000,0.0000000,122.3700000,202.3000000
5820,3,0.0000000,0.0000000,323.6319742,216.7507655
5820,4,0.0000000,0.0000000,242.0696350,38.7236137
5820,5,0.0000000,0.0000000,292.2918426,104.5671541
5830,0,0.0000000,0.0000000,237.3512696,75.8306095
5830,2,0.0000000,0.0000000,122.3700000,202.3000000
5830,3,0.0000000,0.0000000,322.5963687,215.6656289
5830,4,0.0000000,0.0000000,242.2588450,37.2355950
5830,5,0.0000000,0.0000000,291.0013581,105.3317780
5840,0,0.0000000,0.0000000,237.5404797,74.3425908
5840,2,0.0000000,0.0000000,122.3700000,202.3000000
5840,3,0.0000000,0.0000000,323.6319742,216.7507655
5840,4,0.0000000,0.0000000,242.0696350,38.7236137
5840,5,0.0000000,0.0000000,292.2918426,104.5671541
5850,0,0.0000000,0.0000000,237.3512696,75.8306095
5850,2,0.0000000,0.0000000,122.3700000,202.3000000
5850,3,0.0000000,0.0000000,322.5963687,215.6656289
5850,4,0.0000000,0.0000000,242.2588450,37.2355950
5850,5,0.0000000,0.0000000,291.0013581,105.3317780
5860,0,0.0000000,0.0000000,237.5404797,74.3425908
5860,2,0.0000000,0.0000000,122.3700000,202.3000000
5860,3,0.0000000,0.0000000,323.6319742,216.7507655
5860,4,0.0000000,0.0000000,242.0696350,38.7236137
5860,5,0.0000000,0.0000000,292.2918426,104.5671541
5870,0,0.0000000,0.0000000,237.3512696,75.8306095
5870,2,0.0000000,0.0000000,122.3700000,202.3000000
5870,3,0.0000000,0.0000000,322.5963687,215.6656289
5870,4,0.0000000,0.0000000,242.2588450,37.2355950
5870,5,0.0000000,0.0000000,291.0013581,105.3317780
5880,0,0.0000000,0.0000000,237.5404797,74.3425908
5880,2,0.0000000,0.0000000,122.3700000,202.3000000
5880,3,0.0000000,0.0000000,323.6319742,216.7507655
5880,4,0.0000000,0.0000000,242.0696350,38.7236137
5880,5,0.0000000,0.0000000,289.6643279,104.6518145
5890,0,0.0000000,0.0000000,237.3512696,75.8306095
5890,2,0.0000000,0.0000000,122.3700000,202.3000000
5890,3,0.0000000,0.0000000,322.5963687,215.6656289
5890,4,0.0000000,0.0000000,242.2588450,37.2355950
5890,5,0.0000000,0.0000000,288.3272978,103.9718509
5900,0,0.0000000,0.0000000,237.5404797,74.3425908
5900,2,0.0000000,0.0000000,122.3700000,202.3000000
5900,3,0.0000000,0.0000000,323.6319742,216.7507655
5900,4,0.0000000,0.0000000,242.0696350,38.7236137
5900,5,0.0000000,0.0000000,286.9902677,103.2918874
5910,0,0.0000000,0.0000000,237.3512696,75.8306095
5910,2,0.0000000,0.0000000,122.3700000,202.3000000
5910,3,0.0000000,0.0000000,322.5963687,215.6656289
5910,4,0.0000000,0.0000000,242.2588450,37.2355950
5910,5,0.0000000,0.0000000,285.6532375,102.6119239
5920,0,0.0000000,0.0000000,237.5404797,74.3425908
5920,2,0.0000000,0.0000000,122.3700000,202.3000000
5920,3,0.0000000,0.0000000,323.6319742,216.7507655
5920,4,0.0000000,0.0000000,242.0696350,38.7236137
5920,5,0.0000000,0.0000000,284.3162074,101.9319603
5930,0,0.0000000,0.0000000,237.3512696,75.8306095
5930,2,0.0000000,0.0000000,122.3700000,202.3000000
5930,3,0.0000000,0.0000000,322.5963687,215.6656289
5930,4,0.0000000,0.0000000,242.2588450,37.2355950
5930,5,0.0000000,0.0000000,282.9791773,101.2519968
5940,0,0.0000000,0.0000000,237.5404797,74.3425908
5940,2,0.0000000,0.0000000,122.3700000,202.3000000
5940,3,0.0000000,0.0000000,323.6319742,216.7507655
5940,4,0.0000000,0.0000000,242.0696350,38.7236137
5940,5,0.0000000,0.0000000,281.6421471,100.5720333
5950,0,0.0000000,0.0000000,237.3512696,75.8306095
5950,2,0.0000000,0.0000000,122.3700000,202.3000000
5950,3,0.0000000,0.0000000,322.5963687,215.6656289
5950,4,0.0000000,0.0000000,242.2588450,37.2355950
5950,5,0.0000000,0.0000000,280.3051170,99.8920697
5960,0,0.0000000,0.0000000,237.5404797,74.3425908
5960,2,0.0000000,0.0000000,122.3700000,202.3000000
5960,3,0.0000000,0.0000000,323.6319742,216.7507655
5960,4,0.0000000,0.0000000,242.0696350,38.7236137
5960,5,0.0000000,0.0000000,278.9680868,99.2121062
5970,0,0.0000000,0.0000000,237.3512696,75.8306095
5970,2,0.0000000,0.0000000,122.3700000,202.3000000
5970,3,0.0000000,0.0000000,322.5963687,215.6656289
5970,4,0.0000000,0.0000000,242.2588450,37.2355950
5970,5,0.0000000,0.0000000,277.6310567,98.5321427
5980,0,0.0000000,0.0000000,237.5404797,74.3425908
5980,2,0.0000000,0.0000000,122.3700000,202.3000000
5980,3,0.0000000,0.0000000,323.6319742,216.7507655
5980,4,0.0000000,0.0000000,242.0696350,38.7236137
5980,5,0.0000000,0.0000000,276.2940266,97.8521791
5990,0,0.0000000,0.0000000,237.3512696,75.8306095
5990,2,0.0000000,0.0000000,122.3700000,202.3000000
5990,3,0.0000000,0.0000000,322.5963687,215.6656289
5990,4,0.0000000,0.0000000,242.2588450,37.2355950
5990,5,0.0000000,0.0000000,274.9569964,97.1722156
6000,0,0.0000000,0.0000000,236.6803619,74.4890124
6000,2,0.0000000,0.0000000,122.3700000,202.3000000
6000,3,0.0000000,0.0000000,323.6319742,216.7507655
6000,4,0.0000000,0.0000000,242.0696350,38.7236137
6000,5,0.0000000,0.0000000,273.6158599,96.5003877
6010,0,0.0000000,0.0000000,235.2162941,74.8153643
6010,2,0.0000000,0.0000000,122.3700000,202.3000000
6010,3,0.0000000,0.0000000,322.5963687,215.6656289
6010,4,0.0000000,0.0000000,242.3602527,37.2520358
6010,5,0.0000000,0.0000000,272.2719334,95.8341583
6020,0,0.0000000,0.0000000,234.2855565,73.6390449
6020,2,0.0000000,0.0000000,122.3700000,202.3000000
6020,3,0.0000000,0.0000000,323.6319742,216.7507655
6020,4,0.0000000,0.0000000,243.8297712,36.9511783
6020,5,0.0000000,0.0000000,270.9291855,95.1655567
6030,0,0.0000000,0.0000000,233.0980073,72.7226788
6030,2,0.0000000,0.0000000,122.3700000,202.3000000
6030,3,0.0000000,0.0000000,322.5963687,215.6656289
6030,4,0.0000000,0.0000000,245.2247325,36.3997411
6030,5,0.0000000,0.0000000,269.5841849,94.5014984
6040,0,0.0000000,0.0000000,231.9916670,71.7097567
6040,2,0.0000000,0.0000000,122.3700000,202.3000000
6040,3,0.0000000,0.0000000,323.6319742,216.7507655
6040,4,0.0000000,0.0000000,245.6232960,37.8458210
6040,5,0.0000000,0.0000000,268.2383168,93.8392000
6050,0,0.0000000,0.0000000,230.5066673,71.9213601
6050,2,0.0000000,0.0000000,122.3700000,202.3000000
6050,3,0.0000000,0.0000000,322.5963687,215.6656289
6050,4,0.0000000,0.0000000,246.4953589,36.6253676
6050,5,0.0000000,0.0000000,266.8911116,93.1796259
6060,0,0.0000000,0.0000000,229.6343157,70.7011131
6060,2,0.0000000,0.0000000,122.3700000,202.3000000
6060,3,0.0000000,0.0000000,323.6319742,216.7507655
6060,4,0.0000000,0.0000000,246.6771711,38.1143083
6060,5,0.0000000,0.0000000,265.5453696,92.5170713
6070,0,0.0000000,0.0000000,228.1361658,70.6266371
6070,2,0.0000000,0.0000000,122.3700000,202.3000000
6070,3,0.0000000,0.0000000,322.5963687,215.6656289
6070,4,0.0000000,0.0000000,247.8678990,37.2020764
6070,5,0.0000000,0.0000000,264.1964659,91.8609778
6080,0,0.0000000,0.0000000,226.8195193,71.3452762
6080,2,0.0000000,0.0000000,122.3700000,202.3000000
6080,3,0.0000000,0.0000000,323.6319742,216.7507655
6080,4,0.0000000,0.0000000,249.3543558,37.0009635
6080,5,0.0000000,0.0000000,262.8492196,91.2014875
6090,0,0.0000000,0.0000000,225.4394047,71.9328846
6090,2,0.0000000,0.0000000,122.3700000,202.3000000
6090,3,0.0000000,0.0000000,322.5963687,215.6656289
6090,4,0.0000000,0.0000000,250.8542011,36.9794263
6090,5,0.0000000,0.0000000,261.5054004,90.5350418
6100,0,0.0000000,0.0000000,224.0125128,72.3954637
6100,2,0.0000000,0.0000000,122.3700000,202.3000000
6100,3,0.0000000,0.0000000,323.6319742,216.7507655
6100,4,0.0000000,0.0000000,252.3456821,37.1390650
6100,5,0.0000000,0.0000000,260.1678704,89.8560619
6110,0,0.0000000,0.0000000,222.5558484,72.7534145
6110,2,0.0000000,0.0000000,122.3700000,202.3000000
6110,3,0.0000000,0.0000000,322.5963687,215.6656289
6110,4,0.0000000,0.0000000,253.8118506,37.4558455
6110,5,0.0000000,0.0000000,258.8388012,89.1606664
6120,0,0.0000000,0.0000000,221.0976876,73.1052201
6120,2,0.0000000,0.0000000,122.3700000,202.3000000
6120,3,0.0000000,0.0000000,323.6319742,216.7507655
6120,4,0.0000000,0.0000000,255.2780191,37.7726261
6120,5,0.0000000,0.0000000,257.5197408,88.4464677
6130,0,0.0000000,0.0000000,219.6388706,73.4542947
6130,2,0.0000000,0.0000000,122.3700000,202.3000000
6130,3,0.0000000,0.0000000,322.5963687,215.6656289
6130,4,0.0000000,0.0000000,256.7441876,38.0894066
6130,5,0.0000000,0.0000000,256.2128252,87.7102806
6140,0,0.0000000,0.0000000,218.1801727,73.8038662
6140,2,0.0000000,0.0000000,122.3700000,202.3000000
6140,3,0.0000000,0.0000000,323.6319742,216.7507655
6140,4,0.0000000,0.0000000,258.2103561,38.4061872
6140,5,0.0000000,0.0000000,254.9202388,86.9492153
6150,0,0.0000000,0.0000000,216.7223413,74.1570341
6150,2,0.0000000,0.0000000,122.3700000,202.3000000
6150,3,0.0000000,0.0000000,322.5963687,215.6656289
6150,4,0.0000000,0.0000000,259.6765246,38.7229677
6150,5,0.0000000,0.0000000,253.6441071,86.1608702
6160,0,0.0000000,0.0000000,215.2661252,74.5168047
6160,2,0.0000000,0.0000000,122.3700000,202.3000000
6160,3,0.0000000,0.0000000,323.6319742,216.7507655
6160,4,0.0000000,0.0000000,261.1426931,39.0397483
6160,5,0.0000000,0.0000000,252.3863245,85.3435680
6170,0,0.0000000,0.0000000,213.8122956,74.8861005
6170,2,0.0000000,0.0000000,122.3700000,202.3000000
6170,3,0.0000000,0.0000000,322.5963687,215.6656289
6170,4,0.0000000,0.0000000,262.6088616,39.3565288
6170,5,0.0000000,0.0000000,251.1483182,84.4966085
6180,0,0.0000000,0.0000000,212.3616585,75.2677445
6180,2,0.0000000,0.0000000,122.3700000,202.3000000
6180,3,0.0000000,0.0000000,323.6319742,216.7507655
6180,4,0.0000000,0.0000000,264.0750301,39.6733093
6180,5,0.0000000,0.0000000,249.9307723,83.6204910
6190,0,0.0000000,0.0000000,210.9150593,75.6644189
6190,2,0.0000000,0.0000000,122.3700000,202.3000000
6190,3,0.0000000,0.0000000,322.5963687,215.6656289
6190,4,0.0000000,0.0000000,265.5411987,39.9900899
6190,5,0.0000000,0.0000000,248.7333636,82.7170462
6200,0,0.0000000,0.0000000,209.4733759,76.0786038
6200,2,0.0000000,0.0000000,122.3700000,202.3000000
6200,3,0.0000000,0.0000000,323.6319742,216.7507655
6200,4,0.0000000,0.0000000,267.0073672,40.3068704
6200,5,0.0000000,0.0000000,247.5545820,81.7894289
6210,0,0.0000000,0.0000000,208.0375035,76.5125052
6210,2,0.0000000,0.0000000,122.3700000,202.3000000
6210,3,0.0000000,0.0000000,322.5963687,215.6656289
6210,4,0.0000000,0.0000000,268.4735357,40.6236510
6210,5,0.0000000,0.0000000,246.3917026,80.8419524
6220,0,0.0000000,0.0000000,206.6083297,76.9679855
6220,2,0.0000000,0.0000000,122.3700000,202.3000000
6220,3,0.0000000,0.0000000,323.6319742,216.7507655
6220,4,0.0000000,0.0000000,269.9397042,40.9404315
6220,5,0.0000000,0.0000000,245.2409405,79.8797952
6230,0,0.0000000,0.0000000,205.1867050,77.4465072
6230,2,0.0000000,0.0000000,122.3700000,202.3000000
6230,3,0.0000000,0.0000000,322.5963687,215.6656289
6230,4,0.0000000,0.0000000,271.4058727,41.2572121
6230,5,0.0000000,0.0000000,244.0977591,78.9086432
6240,0,0.0000000,0.0000000,203.7734108,77.9491001
6240,2,0.0000000,0.0000000,122.3700000,202.3000000
6240,3,0.0000000,0.0000000,323.6319742,216.7507655
6240,4,0.0000000,0.0000000,272.8720412,41.5739926
6240,5,0.0000000,0.0000000,242.9572604,77.9343420
6250,0,0.0000000,0.0000000,202.3691304,78.4763538
6250,2,0.0000000,0.0000000,122.3700000,202.3000000
6250,3,0.0000000,0.0000000,322.5963687,215.6656289
6250,4,0.0000000,0.0000000,274.3382097,41.8907732
6250,5,0.0000000,0.0000000,241.8145705,76.9626117
6260,0,0.0000000,0.0000000,200.9744224,79.0284315
6260,2,0.0000000,0.0000000,122.3700000,202.3000000
6260,3,0.0000000,0.0000000,323.6319742,216.7507655
6260,4,0.0000000,0.0000000,275.8043782,42.2075537
6260,5,0.0000000,0.0000000,240.6651543,75.9988470
6270,0,0.0000000,0.0000000,199.5897012,79.6051005
6270,2,0.0000000,0.0000000,122.3700000,202.3000000
6270,3,0.0000000,0.0000000,322.5963687,215.6656289
6270,4,0.0000000,0.0000000,277.2705467,42.5243342
6270,5,0.0000000,0.0000000,239.5050308,75.0479982
6280,0,0.0000000,0.0000000,198.2152216,80.2057715
6280,2,0.0000000,0.0000000,122.3700000,202.3000000
6280,3,0.0000000,0.0000000,323.6319742,216.7507655
6280,4,0.0000000,0.0000000,278.7367152,42.8411148
6280,5,0.0000000,0.0000000,238.3308878,74.1145164
6290,0,0.0000000,0.0000000,196.8510689,80.8295403
6290,2,0.0000000,0.0000000,122.3700000,202.3000000
6290,3,0.0000000,0.0000000,322.5963687,215.6656289
6290,4,0.0000000,0.0000000,280.2028837,43.1578953
6290,5,0.0000000,0.0000000,237.1401164,73.2023413
6300,0,0.0000000,0.0000000,195.4971533,81.4752279
6300,2,0.0000000,0.0000000,122.3700000,202.3000000
6300,3,0.0000000,0.0000000,323.6319742,216.7507655
6300,4,0.0000000,0.0000000,281.6690522,43.4746759
6300,5,0.0000000,0.0000000,235.9307881,72.3149151
6310,0,0.0000000,0.0000000,194.1532065,82.1414163
6310,2,0.0000000,0.0000000,122.3700000,202.3000000
6310,3,0.0000000,0.0000000,322.5963687,215.6656289
6310,4,0.0000000,0.0000000,283.1352207,43.7914564
6310,5,0.0000000,0.0000000,234.7015990,71.4552094
6320,0,0.0000000,0.0000000,192.8187814,82.8264781
6320,2,0.0000000,0.0000000,122.3700000,202.3000000
6320,3,0.0000000,0.0000000,323.6319742,216.7507655
6320,4,0.0000000,0.0000000,284.6013892,44.1082370
6320,5,0.0000000,0.0000000,233.4517955,70.6257569
6330,0,0.0000000,0.0000000,191.4932532,83.5286000
6330,2,0.0000000,0.0000000,122.3700000,202.3000000
6330,3,0.0000000,0.0000000,322.5963687,215.6656289
6330,4,0.0000000,0.0000000,286.0675577,44.4250175
6330,5,0.0000000,0.0000000,232.1810963,69.8286851
6340,0,0.0000000,0.0000000,190.1758218,84.2457990
6340,2,0.0000000,0.0000000,122.3700000,202.3000000
6340,3,0.0000000,0.0000000,323.6319742,216.7507655
6340,4,0.0000000,0.0000000,287.5337262,44.7417981
6340,5,0.0000000,0.0000000,230.8896147,69.0657466
6350,0,0.0000000,0.0000000,188.8655152,84.9759336
6350,2,0.0000000,0.0000000,122.3700000,202.3000000
6350,3,0.0000000,0.0000000,322.5963687,215.6656289
6350,4,0.0000000,0.0000000,288.9998947,45.0585786
6350,5,0.0000000,0.0000000,229.5777871,68.3383482
6360,0,0.0000000,0.0000000,187.5611944,85.7167084
6360,2,0.0000000,0.0000000,122.3700000,202.3000000
6360,3,0.0000000,0.0000000,323.6319742,216.7507655
6360,4,0.0000000,0.0000000,290.4660632,45.3753592
6360,5,0.0000000,0.0000000,228.2463090,67.6475762
6370,0,0.0000000,0.0000000,186.2615596,86.4656740
6370,2,0.0000000,0.0000000,122.3700000,202.3000000
6370,3,0.0000000,0.0000000,322.5963687,215.6656289
6370,4,0.0000000,0.0000000,291.9322318,45.6921397
6370,5,0.0000000,0.0000000,226.8960781,66.9942182
6380,0,0.0000000,0.0000000,184.9648853,87.2197534
6380,2,0.0000000,0.0000000,122.3700000,202.3000000
6380,3,0.0000000,0.0000000,323.6319742,216.7507655
6380,4,0.0000000,0.0000000,293.3984003,46.0089202
6380,5,0.0000000,0.0000000,225.5299973,66.3746836
6390,0,0.0000000,0.0000000,183.6682109,87.9738327
6390,2,0.0000000,0.0000000,122.3700000,202.3000000
6390,3,0.0000000,0.0000000,322.5963687,215.6656289
6390,4,0.0000000,0.0000000,294.8645688,46.3257008
6390,5,0.0000000,0.0000000,224.1639165,65.7551489
6400,0,0.0000000,0.0000000,182.3715366,88.7279120
6400,2,0.0000000,0.0000000,122.3700000,202.3000000
6400,3,0.0000000,0.0000000,323.6319742,216.7507655
6400,4,0.0000000,0.0000000,296.3307373,46.6424813
6400,5,0.0000000,0.0000000,222.7978356,65.1356143
6410,0,0.0000000,0.0000000,181.0748622,89.4819913
6410,2,0.0000000,0.0000000,122.3700000,202.3000000
6410,3,0.0000000,0.0000000,322.5963687,215.6656289
6410,4,0.0000000,0.0000000,297.7969058,46.9592619
6410,5,0.0000000,0.0000000,221.4317548,64.5160796
6420,0,0.0000000,0.0000000,179.7781879,90.2360707
6420,2,0.0000000,0.0000000,122.3700000,202.3000000
6420,3,0.0000000,0.0000000,323.6319742,216.7507655
6420,4,0.0000000,0.0000000,299.2630743,47.2760424
6420,5,0.0000000,0.0000000,220.0656740,63.8965450
6430,0,0.0000000,0.0000000,178.4815135,90.9901500
6430,2,0.0000000,0.0000000,122.3700000,202.3000000
6430,3,0.0000000,0.0000000,322.5963687,215.6656289
6430,4,0.0000000,0.0000000,300.7292428,47.5928230
6430,5,0.0000000,0.0000000,218.6995932,63.2770103
6440,0,0.0000000,0.0000000,177.1848392,91.7442293
6440,2,0.0000000,0.0000000,122.3700000,202.3000000
6440,3,0.0000000,0.0000000,323.6319742,216.7507655
6440,4,0.0000000,0.0000000,302.1954113,47.9096035
6440,5,0.0000000,0.0000000,217.3335124,62.6574757
6450,0,0.0000000,0.0000000,175.8881648,92.4983086
6450,2,0.0000000,0.0000000,122.3700000,202.3000000
6450,3,0.0000000,0.0000000,322.5963687,215.6656289
6450,4,0.0000000,0.0000000,303.6615798,48.2263841
6450,5,0.0000000,0.0000000,215.9674315,62.0379410
6460,0,0.0000000,0.0000000,174.5914905,93.2523880
6460,2,0.0000000,0.0000000,122.3700000,202.3000000
6460,3,0.0000000,0.0000000,323.6319742,216.7507655
6460,4,0.0000000,0.0000000,305.1277483,48.5431646
6460,5,0.0000000,0.0000000,214.6013507,61.4184063
6470,0,0.0000000,0.0000000,173.2948161,94.0064673
6470,2,0.0000000,0.0000000,122.3700000,202.3000000
6470,3,0.0000000,0.0000000,322.5963687,215.6656289
6470,4,0.0000000,0.0000000,303.6615798,48.2263841
6470,5,0.0000000,0.0000000,213.2352699,60.7988717
6480,0,0.0000000,0.0000000,171.9981418,94.7605466
6480,2,0.0000000,0.0000000,122.3700000,202.3000000
6480,3,0.0000000,0.0000000,323.6319742,216.7507655
6480,4,0.0000000,0.0000000,305.1277483,48.5431646
6480,5,0.0000000,0.0000000,211.8691891,60.1793370
6490,0,0.0000000,0.0000000,170.7014674,95.5146259
6490,2,0.0000000,0.0000000,122.3700000,202.3000000
6490,3,0.0000000,0.0000000,322.5963687,215.6656289
6490,4,0.0000000,0.0000000,303.6615798,48.2263841
6490,5,0.0000000,0.0000000,210.5031082,59.5598024
6500,0,0.0000000,0.0000000,169.4047931,96.2687053
6500,2,0.0000000,0.0000000,122.3700000,202.3000000
6500,3,0.0000000,0.0000000,323.6319742,216.7507655
6500,4,0.0000000,0.0000000,305.1277483,48.5431646
6500,5,0.0000000,0.0000000,209.1370274,58.9402677
6510,0,0.0000000,0.0000000,168.1081187,97.0227846
6510,2,0.0000000,0.0000000,122.3700000,202.3000000
6510,3,0.0000000,0.0000000,322.5963687,215.6656289
6510,4,0.0000000,0.0000000,303.6615798,48.2263841
6510,5,0.0000000,0.0000000,207.7709466,58.3207331
6520,0,0.0000000,0.0000000,166.8114444,97.7768639
6520,2,0.0000000,0.0000000,122.3700000,202.3000000
6520,3,0.0000000,0.0000000,323.6319742,216.7507655
6520,4,0.0000000,0.0000000,305.1277483,48.5431646
6520,5,0.0000000,0.0000000,206.4048658,57.7011984
6530,0,0.0000000,0.0000000,165.5147700,98.5309432
6530,2,0.0000000,0.0000000,122.3700000,202.3000000
6530,3,0.0000000,0.0000000,322.5963687,215.6656289
6530,4,0.0000000,0.0000000,303.6615798,48.2263841
6530,5,0.0000000,0.0000000,205.0387850,57.0816638
6540,0,0.0000000,0.0000000,164.2180957,99.2850225
6540,2,0.0000000,0.0000000,122.3700000,202.3000000
6540,3,0.0000000,0.0000000,323.6319742,216.7507655
6540,4,0.0000000,0.0000000,305.1277483,48.5431646
6540,5,0.0000000,0.0000000,203.6727041,56.4621291
6550,0,0.0000000,0.0000000,162.9214213,100.0391019
6550,2,0.0000000,0.0000000,122.3700000,202.3000000
6550,3,0.0000000,0.0000000,322.5963687,215.6656289
6550,4,0.0000000,0.0000000,303.6615798,48.2263841
6550,5,0.0000000,0.0000000,202.3066233,55.8425945
6560,0,0.0000000,0.0000000,161.6247470,100.7931812
6560,2,0.0000000,0.0000000,122.3700000,202.3000000
6560,3,0.0000000,0.0000000,323.6319742,216.7507655
6560,4,0.0000000,0.0000000,305.1277483,48.5431646
6560,5,0.0000000,0.0000000,200.9405425,55.2230598
6570,0,0.0000000,0.0000000,160.3280726,101.5472605
6570,2,0.0000000,0.0000000,122.3700000,202.3000000
6570,3,0.0000000,0.0000000,322.5963687,215.6656289
6570,4,0.0000000,0.0000000,303.6615798,48.2263841
6570,5,0.0000000,0.0000000,199.5744617,54.6035251
6580,0,0.0000000,0.0000000,159.0313983,102.3013398
6580,2,0.0000000,0.0000000,122.3700000,202.3000000
6580,3,0.0000000,0.0000000,323.6319742,216.7507655
6580,4,0.0000000,0.0000000,305.1277483,48.5431646
6580,5,0.0000000,0.0000000,198.2083808,53.9839905
6590,0,0.0000000,0.0000000,157.7347239,103.0554192
6590,2,0.0000000,0.0000000,122.3700000,202.3000000
6590,3,0.0000000,0.0000000,322.5963687,215.6656289
6590,4,0.0000000,0.0000000,303.6615798,48.2263841
6590,5,0.0000000,0.0000000,196.8423000,53.3644558
6600,0,0.0000000,0.0000000,156.4380496,103.8094985
6600,2,0.0000000,0.0000000,122.3700000,202.3000000
6600,3,0.0000000,0.0000000,323.6319742,216.7507655
6600,4,0.0000000,0.0000000,305.1277483,48.5431646
6600,5,0.0000000,0.0000000,195.4762192,52.7449212
6610,0,0.0000000,0.0000000,155.1413752,104.5635778
6610,2,0.0000000,0.0000000,122.3700000,202.3000000
6610,3,0.0000000,0.0000000,322.5963687,215.6656289
6610,4,0.0000000,0.0000000,303.6615798,48.2263841
6610,5,0.0000000,0.0000000,194.1101384,52.1253865
6620,0,0.0000000,0.0000000,153.8447009,105.3176571
6620,2,0.0000000,0.0000000,122.3700000,202.3000000
6620,3,0.0000000,0.0000000,323.6319742,216.7507655
6620,4,0.0000000,0.0000000,305.1277483,48.5431646
6620,5,0.0000000,0.0000000,192.7440576,51.5058519
6630,0,0.0000000,0.0000000,152.5480265,106.0717365
6630,2,0.0000000,0.0000000,122.3700000,202.3000000
6630,3,0.0000000,0.0000000,322.5963687,215.6656289
6630,4,0.0000000,0.0000000,303.6615798,48.2263841
6630,5,0.0000000,0.0000000,191.3779767,50.8863172
6640,0,0.0000000,0.0000000,151.2513522,106.8258158
6640,2,0.0000000,0.0000000,122.3700000,202.3000000
6640,3,0.0000000,0.0000000,323.6319742,216.7507655
6640,4,0.0000000,0.0000000,305.1277483,48.5431646
6640,5,0.0000000,0.0000000,190.0118959,50.2667826
6650,0,0.0000000,0.0000000,149.9546778,107.5798951
6650,2,0.0000000,0.0000000,122.3700000,202.3000000
6650,3,0.0000000,0.0000000,322.5963687,215.6656289
6650,4,0.0000000,0.0000000,303.6615798,48.2263841
6650,5,0.0000000,0.0000000,188.6458151,49.6472479
6660,0,0.0000000,0.0000000,148.6580035,108.3339744
6660,2,0.0000000,0.0000000,122.3700000,202.3000000
6660,3,0.0000000,0.0000000,323.6319742,216.7507655
6660,4,0.0000000,0.0000000,305.1277483,48.5431646
6660,5,0.0000000,0.0000000,187.2797343,49.0277133
6670,0,0.0000000,0.0000000,147.3613291,109.0880538
6670,2,0.0000000,0.0000000,122.3700000,202.3000000
6670,3,0.0000000,0.0000000,322.5963687,215.6656289
6670,4,0.0000000,0.0000000,303.6615798,48.2263841
6670,5,0.0000000,0.0000000,185.9136535,48.4081786
6680,0,0.0000000,0.0000000,146.0646548,109.8421331
6680,2,0.0000000,0.0000000,122.3700000,202.3000000
6680,3,0.0000000,0.0000000,323.6319742,216.7507655
6680,4,0.0000000,0.0000000,305.1277483,48.5431646
6680,5,0.0000000,0.0000000,184.5475726,47.7886439
6690,0,0.0000000,0.0000000,144.7679804,110.5962124
6690,2,0.0000000,0.0000000,122.3700000,202.3000000
6690,3,0.0000000,0.0000000,322.5963687,215.6656289
6690,4,0.0000000,0.0000000,303.6615798,48.2263841
6690,5,0.0000000,0.0000000,183.1814918,47.1691093
6700,0,0.0000000,0.0000000,143.4713061,111.3502917
6700,2,0.0000000,0.0000000,122.3700000,202.3000000
6700,3,0.0000000,0.0000000,323.6319742,216.7507655
6700,4,0.0000000,0.0000000,305.1277483,48.5431646
6700,5,0.0000000,0.0000000,181.8154110,46.5495746
6710,0,0.0000000,0.0000000,142.1746317,112.1043711
6710,2,0.0000000,0.0000000,122.3700000,202.3000000
6710,3,0.0000000,0.0000000,322.5963687,215.6656289
6710,4,0.0000000,0.0000000,303.6615798,48.2263841
6710,5,0.0000000,0.0000000,180.4493302,45.9300400
6720,0,0.0000000,0.0000000,140.8779574,112.8584504
6720,2,0.0000000,0.0000000,122.3700000,202.3000000
6720,3,0.0000000,0.0000000,323.6319742,216.7507655
6720,4,0.0000000,0.0000000,305.1277483,48.5431646
6720,5,0.0000000,0.0000000,179.0832493,45.3105053
6730,0,0.0000000,0.0000000,139.5812830,113.6125297
6730,2,0.0000000,0.0000000,122.3700000,202.3000000
6730,3,0.0000000,0.0000000,322.5963687,215.6656289
6730,4,0.0000000,0.0000000,303.6615798,48.2263841
6730,5,0.0000000,0.0000000,177.7171685,44.6909707
6740,0,0.0000000,0.0000000,138.2846087,114.3666090
6740,2,0.0000000,0.0000000,122.3700000,202.3000000
6740,3,0.0000000,0.0000000,323.6319742,216.7507655
6740,4,0.0000000,0.0000000,305.1277483,48.5431646
6740,5,0.0000000,0.0000000,176.3510877,44.0714360
6750,0,0.0000000,0.0000000,136.9879343,115.1206884
6750,2,0.0000000,0.0000000,122.3700000,202.3000000
6750,3,0.0000000,0.0000000,322.5963687,215.6656289
6750,4,0.0000000,0.0000000,303.6615798,48.2263841
6750,5,0.0000000,0.0000000,174.9850069,43.4519014
6760,0,0.0000000,0.0000000,135.6912600,115.8747677
6760,2,0.0000000,0.0000000,122.3700000,202.3000000
6760,3,0.0000000,0.0000000,323.6319742,216.7507655
6760,4,0.0000000,0.0000000,305.1277483,48.5431646
6760,5,0.0000000,0.0000000,173.6189261,42.8323667
6770,0,0.0000000,0.0000000,134.3945856,116.6288470
6770,2,0.0000000,0.0000000,122.3700000,202.3000000
6770,3,0.0000000,0.0000000,322.5963687,215.6656289
6770,4,0.0000000,0.0000000,303.6615798,48.2263841
6770,5,0.0000000,0.0000000,172.2528452,42.2128320
6780,0,0.0000000,0.0000000,133.0979112,117.3829263
6780,2,0.0000000,0.0000000,122.3700000,202.3000000
6780,3,0.0000000,0.0000000,323.6319742,216.7507655
6780,4,0.0000000,0.0000000,305.1277483,48.5431646
6780,5,0.0000000,0.0000000,170.8867644,41.5932974
6790,0,0.0000000,0.0000000,131.8012369,118.1370057
6790,2,0.0000000,0.0000000,122.3700000,202.3000000
6790,3,0.0000000,0.0000000,322.5963687,215.6656289
6790,4,0.0000000,0.0000000,303.6615798,48.2263841
6790,5,0.0000000,0.0000000,169.5206836,40.9737627
6800,0,0.0000000,0.0000000,130.5045625,118.8910850
6800,2,0.0000000,0.0000000,122.3700000,202.3000000
6800,3,0.0000000,0.0000000,323.6319742,216.7507655
6800,4,0.0000000,0.0000000,305.1277483,48.5431646
6800,5,0.0000000,0.0000000,168.1546028,40.3542281
6810,0,0.0000000,0.0000000,129.2078882,119.6451643
6810,2,0.0000000,0.0000000,122.3700000,202.3000000
6810,3,0.0000000,0.0000000,322.5963687,215.6656289
6810,4,0.0000000,0.0000000,303.6615798,48.2263841
6810,5,0.0000000,0.0000000,166.7885219,39.7346934
6820,0,0.0000000,0.0000000,127.9112138,120.3992436
6820,2,0.0000000,0.0000000,122.3700000,202.3000000
6820,3,0.0000000,0.0000000,323.6319742,216.7507655
6820,4,0.0000000,0.0000000,305.1277483,48.5431646
6820,5,0.0000000,0.0000000,165.4224411,39.1151588
6830,0,0.0000000,0.0000000,129.2078882,119.6451643
6830,2,0.0000000,0.0000000,122.3700000,202.3000000
6830,3,0.0000000,0.0000000,322.5963687,215.6656289
6830,4,0.0000000,0.0000000,303.6615798,48.2263841
6830,5,0.0000000,0.0000000,164.0563603,38.4956241
6840,0,0.0000000,0.0000000,127.9112138,120.3992436
6840,2,0.0000000,0.0000000,122.3700000,202.3000000
6840,3,0.0000000,0.0000000,323.6319742,216.7507655
6840,4,0.0000000,0.0000000,305.1277483,48.5431646
6840,5,0.0000000,0.0000000,162.6902795,37.8760895
6850,0,0.0000000,0.0000000,129.2078882,119.6451643
6850,2,0.0000000,0.0000000,122.3700000,202.3000000
6850,3,0.0000000,0.0000000,322.5963687,215.6656289
6850,4,0.0000000,0.0000000,303.6615798,48.2263841
6850,5,0.0000000,0.0000000,161.3241987,37.2565548
6860,0,0.0000000,0.0000000,127.9112138,120.3992436
6860,2,0.0000000,0.0000000,122.3700000,202.3000000
6860,3,0.0000000,0.0000000,323.6319742,216.7507655
6860,4,0.0000000,0.0000000,305.1277483,48.5431646
6860,5,0.0000000,0.0000000,159.9581178,36.6370202
6870,0,0.0000000,0.0000000,129.2078882,119.6451643
6870,2,0.0000000,0.0000000,122.3700000,202.3000000
6870,3,0.0000000,0.0000000,322.5963687,215.6656289
6870,4,0.0000000,0.0000000,303.6615798,48.2263841
6870,5,0.0000000,0.0000000,158.5920370,36.0174855
6880,0,0.0000000,0.0000000,127.9112138,120.3992436
6880,2,0.0000000,0.0000000,122.3700000,202.3000000
6880,3,0.0000000,0.0000000,323.6319742,216.7507655
6880,4,0.0000000,0.0000000,305.1277483,48.5431646
6880,5,0.0000000,0.0000000,157.2259562,35.3979508
6890,0,0.0000000,0.0000000,129.2078882,119.6451643
6890,2,0.0000000,0.0000000,122.3700000,202.3000000
6890,3,0.0000000,0.0000000,322.5963687,215.6656289
6890,4,0.0000000,0.0000000,303.6615798,48.2263841
6890,5,0.0000000,0.0000000,155.8598754,34.7784162
6900,0,0.0000000,0.0000000,127.9112138,120.3992436
6900,2,0.0000000,0.0000000,122.3700000,202.3000000
6900,3,0.0000000,0.0000000,323.6319742,216.7507655
6900,4,0.0000000,0.0000000,305.1277483,48.5431646
6900,5,0.0000000,0.0000000,154.4937946,34.1588815
6910,0,0.0000000,0.0000000,129.2078882,119.6451643
6910,2,0.0000000,0.0000000,122.3700000,202.3000000
6910,3,0.0000000,0.0000000,322.5963687,215.6656289
6910,4,0.0000000,0.0000000,303.6615798,48.2263841
6910,5,0.0000000,0.0000000,153.1277137,33.5393469
6920,0,0.0000000,0.0000000,127.9112138,120.3992436
6920,2,0.0000000,0.0000000,122.3700000,202.3000000
6920,3,0.0000000,0.0000000,323.6319742,216.7507655
6920,4,0.0000000,0.0000000,305.1277483,48.5431646
6920,5,0.0000000,0.0000000,151.7616329,32.9198122
6930,0,0.0000000,0.0000000,129.2078882,119.6451643
6930,2,0.0000000,0.0000000,122.3700000,202.3000000
6930,3,0.0000000,0.0000000,322.5963687,215.6656289
6930,4,0.0000000,0.0000000,303.6615798,48.2263841
6930,5,0.0000000,0.0000000,150.3955521,32.3002776
6940,0,0.0000000,0.0000000,127.9112138,120.3992436
6940,2,0.0000000,0.0000000,122.3700000,202.3000000
6940,3,0.0000000,0.0000000,323.6319742,216.7507655
6940,4,0.0000000,0.0000000,305.1277483,48.5431646
6940,5,0.0000000,0.0000000,149.0294713,31.6807429
6950,0,0.0000000,0.0000000,129.2078882,119.6451643
6950,2,0.0000000,0.0000000,122.3700000,202.3000000
6950,3,0.0000000,0.0000000,322.5963687,215.6656289
6950,4,0.0000000,0.0000000,303.6615798,48.2263841
6950,5,0.0000000,0.0000000,147.6633904,31.0612083
6960,0,0.0000000,0.0000000,127.9112138,120.3992436
6960,2,0.0000000,0.0000000,122.3700000,202.3000000
6960,3,0.0000000,0.0000000,323.6319742,216.7507655
6960,4,0.0000000,0.0000000,305.1277483,48.5431646
6960,5,0.0000000,0.0000000,146.2973096,30.4416736
6970,0,0.0000000,0.0000000,129.2078882,119.6451643
6970,2,0.0000000,0.0000000,122.3700000,202.3000000
6970,3,0.0000000,0.0000000,322.5963687,215.6656289
6970,4,0.0000000,0.0000000,303.6615798,48.2263841
6970,5,0.0000000,0.0000000,144.9312288,29.8221390
6980,0,0.0000000,0.0000000,127.9112138,120.3992436
6980,2,0.0000000,0.0000000,122.3700000,202.3000000
6980,3,0.0000000,0.0000000,323.6319742,216.7507655
6980,4,0.0000000,0.0000000,305.1277483,48.5431646
6980,5,0.0000000,0.0000000,143.5651480,29.2026043
6990,0,0.0000000,0.0000000,129.2078882,119.6451643
6990,2,0.0000000,0.0000000,122.3700000,202.3000000
6990,3,0.0000000,0.0000000,322.5963687,215.6656289
6990,4,0.0000000,0.0000000,303.6615798,48.2263841
6990,5,0.0000000,0.0000000,142.1990672,28.5830696
7000,0,0.0000000,0.0000000,127.9112138,120.3992436
7000,2,0.0000000,0.0000000,122.3700000,202.3000000
7000,3,0.0000000,0.0000000,323.6319742,216.7507655
7000,4,0.0000000,0.0000000,305.1277483,48.5431646
7000,5,0.0000000,0.0000000,140.8329863,27.9635350
7010,0,0.0000000,0.0000000,129.2078882,119.6451643
7010,2,0.0000000,0.0000000,122.3700000,202.3000000
7010,3,0.0000000,0.0000000,322.5963687,215.6656289
7010,4,0.0000000,0.0000000,303.6615798,48.2263841
7010,5,0.0000000,0.0000000,139.4669055,27.3440003
7020,0,0.0000000,0.0000000,127.9112138,120.3992436
7020,2,0.0000000,0.0000000,122.3700000,202.3000000
7020,3,0.0000000,0.0000000,323.6319742,216.7507655
7020,4,0.0000000,0.0000000,305.1277483,48.5431646
7020,5,0.0000000,0.0000000,138.1008247,26.7244657
7030,0,0.0000000,0.0000000,129.2078882,119.6451643
7030,2,0.0000000,0.0000000,122.3700000,202.3000000
7030,3,0.0000000,0.0000000,322.5963687,215.6656289
7030,4,0.0000000,0.0000000,303.6615798,48.2263841
7030,5,0.0000000,0.0000000,136.7347439,26.1049310
7040,0,0.0000000,0.0000000,127.9112138,120.3992436
7040,2,0.0000000,0.0000000,122.3700000,202.3000000
7040,3,0.0000000,0.0000000,323.6319742,216.7507655
7040,4,0.0000000,0.0000000,305.1277483,48.5431646
7040,5,0.0000000,0.0000000,135.3686630,25.4853964
7050,0,0.0000000,0.0000000,129.2078882,119.6451643
7050,2,0.0000000,0.0000000,122.3700000,202.3000000
7050,3,0.0000000,0.0000000,322.5963687,215.6656289
7050,4,0.0000000,0.0000000,303.6615798,48.2263841
7050,5,0.0000000,0.0000000,134.0025822,24.8658617
7060,0,0.0000000,0.0000000,127.9112138,120.3992436
7060,2,0.0000000,0.0000000,122.3700000,202.3000000
7060,3,0.0000000,0.0000000,323.6319742,216.7507655
7060,4,0.0000000,0.0000000,305.1277483,48.5431646
7060,5,0.0000000,0.0000000,132.6365014,24.2463271
7070,0,0.0000000,0.0000000,129.2078882,119.6451643
7070,2,0.0000000,0.0000000,122.3700000,202.3000000
7070,3,0.0000000,0.0000000,322.5963687,215.6656289
7070,4,0.0000000,0.0000000,303.6615798,48.2263841
7070,5,0.0000000,0.0000000,131.2704206,23.6267924
7080,0,0.0000000,0.0000000,127.9112138,120.3992436
7080,2,0.0000000,0.0000000,122.3700000,202.3000000
7080,3,0.0000000,0.0000000,323.6319742,216.7507655
7080,4,0.0000000,0.0000000,305.1277483,48.5431646
7080,5,0.0000000,0.0000000,129.9043398,23.0072577
7090,0,0.0000000,0.0000000,129.2078882,119.6451643
7090,2,0.0000000,0.0000000,122.3700000,202.3000000
7090,3,0.0000000,0.0000000,322.5963687,215.6656289
7090,4,0.0000000,0.0000000,303.6615798,48.2263841
7090,5,0.0000000,0.0000000,128.5382589,22.3877231
7100,0,0.0000000,0.0000000,127.9112138,120.3992436
7100,2,0.0000000,0.0000000,122.3700000,202.3000000
7100,3,0.0000000,0.0000000,323.6319742,216.7507655
7100,4,0.0000000,0.0000000,305.1277483,48.5431646
7100,5,0.0000000,0.0000000,127.1721781,21.7681884
7110,0,0.0000000,0.0000000,129.2078882,119.6451643
7110,2,0.0000000,0.0000000,122.3700000,202.3000000
7110,3,0.0000000,0.0000000,322.5963687,215.6656289
7110,4,0.0000000,0.0000000,303.6615798,48.2263841
7110,5,0.0000000,0.0000000,125.8060973,21.1486538
7120,0,0.0000000,0.0000000,127.9112138,120.3992436
7120,2,0.0000000,0.0000000,122.3700000,202.3000000
7120,3,0.0000000,0.0000000,323.6319742,216.7507655
7120,4,0.0000000,0.0000000,305.1277483,48.5431646
7120,5,0.0000000,0.0000000,124.4400165,20.5291191
7130,0,0.0000000,0.0000000,129.2078882,119.6451643
7130,2,0.0000000,0.0000000,122.3700000,202.3000000
7130,3,0.0000000,0.0000000,322.5963687,215.6656289
7130,4,0.0000000,0.0000000,303.6615798,48.2263841
7130,5,0.0000000,0.0000000,123.0739357,19.9095845
7140,0,0.0000000,0.0000000,127.9112138,120.3992436
7140,2,0.0000000,0.0000000,122.3700000,202.3000000
7140,3,0.0000000,0.0000000,323.6319742,216.7507655
7140,4,0.0000000,0.0000000,305.1277483,48.5431646
7140,5,0.0000000,0.0000000,121.7078548,19.2900498
7150,0,0.0000000,0.0000000,129.2078882,119.6451643
7150,2,0.0000000,0.0000000,122.3700000,202.3000000
7150,3,0.0000000,0.0000000,322.5963687,215.6656289
7150,4,0.0000000,0.0000000,303.6615798,48.2263841
7150,5,0.0000000,0.0000000,123.0739357,19.9095845
7160,0,0.0000000,0.0000000,127.9112138,120.3992436
7160,2,0.0000000,0.0000000,122.3700000,202.3000000
7160,3,0.0000000,0.0000000,323.6319742,216.7507655
7160,4,0.0000000,0.0000000,305.1277483,48.5431646
7160,5,0.0000000,0.0000000,121.7078548,19.2900498
7170,0,0.0000000,0.0000000,129.2078882,119.6451643
7170,2,0.0000000,0.0000000,122.3700000,202.3000000
7170,3,0.0000000,0.0000000,322.5963687,215.6656289
7170,4,0.0000000,0.0000000,303.6615798,48.2263841
7170,5,0.0000000,0.0000000,123.0739357,19.9095845
7180,0,0.0000000,0.0000000,127.9112138,120.3992436
7180,2,0.0000000,0.0000000,122.3700000,202.3000000
7180,3,0.0000000,0.0000000,323.6319742,216.7507655
7180,4,0.0000000,0.0000000,305.1277483,48.5431646
7180,5,0.0000000,0.0000000,121.7078548,19.2900498
7190,0,0.0000000,0.0000000,129.2078882,119.6451643
7190,2,0.0000000,0.0000000,122.3700000,202.3000000
7190,3,0.0000000,0.0000000,322.5963687,215.6656289
7190,4,0.0000000,0.0000000,303.6615798,48.2263841
7190,5,0.0000000,0.0000000,123.0739357,19.9095845
7200,0,0.0000000,0.0000000,127.9112138,120.3992436
7200,2,0.0000000,0.0000000,122.3700000,202.3000000
7200,3,0.0000000,0.0000000,323.6319742,216.7507655
7200,4,0.0000000,0.0000000,305.1277483,48.5431646
7200,5,0.0000000,0.0000000,121.7078548,19.2900498
7210,0,0.0000000,0.0000000,129.2078882,119.6451643
7210,2,0.0000000,0.0000000,122.3700000,202.3000000
7210,3,0.0000000,0.0000000,322.5963687,215.6656289
7210,4,0.0000000,0.0000000,303.6615798,48.2263841
7210,5,0.0000000,0.0000000,123.0739357,19.9095845
7220,0,0.0000000,0.0000000,127.9112138,120.3992436
7220,2,0.0000000,0.0000000,122.3700000,202.3000000
7220,3,0.0000000,0.0000000,323.6319742,216.7507655
7220,4,0.0000000,0.0000000,305.1277483,48.5431646
7220,5,0.0000000,0.0000000,121.7078548,19.2900498
7230,0,0.0000000,0.0000000,129.2078882,119.6451643
7230,2,0.0000000,0.0000000,122.3700000,202.3000000
7230,3,0.0000000,0.0000000,322.5963687,215.6656289
7230,4,0.0000000,0.0000000,303.6615798,48.2263841
7230,5,0.0000000,0.0000000,123.0739357,19.9095845
7240,0,0.0000000,0.0000000,127.9112138,120.3992436
7240,2,0.0000000,0.0000000,122.3700000,202.3000000
7240,3,0.0000000,0.0000000,323.6319742,216.7507655
7240,4,0.0000000,0.0000000,305.1277483,48.5431646
7240,5,0.0000000,0.0000000,121.7078548,19.2900498
7250,0,0.0000000,0.0000000,129.2078882,119.6451643
7250,2,0.0000000,0.0000000,122.3700000,202.3000000
7250,3,0.0000000,0.0000000,322.5963687,215.6656289
7250,4,0.0000000,0.0000000,303.6615798,48.2263841
7250,5,0.0000000,0.0000000,123.0739357,19.9095845
7260,0,0.0000000,0.0000000,127.9112138,120.3992436
7260,2,0.0000000,0.0000000,122.3700000,202.3000000
7260,3,0.0000000,0.0000000,323.6319742,216.7507655
7260,4,0.0000000,0.0000000,305.1277483,48.5431646
7260,5,0.0000000,0.0000000,121.7078548,19.2900498
7270,0,0.0000000,0.0000000,129.2078882,119.6451643
7270,2,0.0000000,0.0000000,122.3700000,202.3000000
7270,3,0.0000000,0.0000000,322.5963687,215.6656289
7270,4,0.0000000,0.0000000,303.6615798,48.2263841
7270,5,0.0000000,0.0000000,123.0739357,19.9095845
7280,0,0.0000000,0.0000000,127.9112138,120.3992436
7280,2,0.0000000,0.0000000,122.3700000,202.3000000
7280,3,0.0000000,0.0000000,323.6319742,216.7507655
7280,4,0.0000000,0.0000000,305.1277483,48.5431646
7280,5,0.0000000,0.0000000,121.7078548,19.2900498
7290,0,0.0000000,0.0000000,129.2078882,119.6451643
7290,2,0.0000000,0.0000000,122.3700000,202.3000000
7290,3,0.0000000,0.0000000,322.5963687,215.6656289
7290,4,0.0000000,0.0000000,303.6615798,48.2263841
7290,5,0.0000000,0.0000000,123.0739357,19.9095845
7300,0,0.0000000,0.0000000,127.9112138,120.3992436
7300,2,0.0000000,0.0000000,122.3700000,202.3000000
7300,3,0.0000000,0.0000000,323.6319742,216.7507655
7300,4,0.0000000,0.0000000,305.1277483,48.5431646
7300,5,0.0000000,0.0000000,121.7078548,19.2900498
7310,0,0.0000000,0.0000000,129.2078882,119.6451643
7310,2,0.0000000,0.0000000,122.3700000,202.3000000
7310,3,0.0000000,0.0000000,322.5963687,215.6656289
7310,4,0.0000000,0.0000000,303.6615798,48.2263841
7310,5,0.0000000,0.0000000,123.0739357,19.9095845
7320,0,0.0000000,0.0000000,127.9112138,120.3992436
7320,2,0.0000000,0.0000000,122.3700000,202.3000000
7320,3,0.0000000,0.0000000,323.6319742,216.7507655
7320,4,0.0000000,0.0000000,305.1277483,48.5431646
7320,5,0.0000000,0.0000000,121.7078548,19.2900498
7330,0,0.0000000,0.0000000,129.2078882,119.6451643
7330,2,0.0000000,0.0000000,122.3700000,202.3000000
7330,3,0.0000000,0.0000000,322.5963687,215.6656289
7330,4,0.0000000,0.0000000,303.6615798,48.2263841
7330,5,0.0000000,0.0000000,123.0739357,19.9095845
7340,0,0.0000000,0.0000000,127.9112138,120.3992436
7340,2,0.0000000,0.0000000,122.3700000,202.3000000
7340,3,0.0000000,0.0000000,323.6319742,216.7507655
7340,4,0.0000000,0.0000000,305.1277483,48.5431646
7340,5,0.0000000,0.0000000,121.7078548,19.2900498
7350,0,0.0000000,0.0000000,129.2078882,119.6451643
7350,2,0.0000000,0.0000000,122.3700000,202.3000000
7350,3,0.0000000,0.0000000,322.5963687,215.6656289
7350,4,0.0000000,0.0000000,303.6615798,48.2263841
7350,5,0.0000000,0.0000000,123.0739357,19.9095845
7360,0,0.0000000,0.0000000,127.9112138,120.3992436
7360,2,0.0000000,0.0000000,122.3700000,202.3000000
7360,3,0.0000000,0.0000000,323.6319742,216.7507655
7360,4,0.0000000,0.0000000,305.1277483,48.5431646
7360,5,0.0000000,0.0000000,121.7078548,19.2900498
7370,0,0.0000000,0.0000000,129.2078882,119.6451643
7370,2,0.0000000,0.0000000,122.3700000,202.3000000
7370,3,0.0000000,0.0000000,322.5963687,215.6656289
7370,4,0.0000000,0.0000000,303.6615798,48.2263841
7370,5,0.0000000,0.0000000,123.0739357,19.9095845
7380,0,0.0000000,0.0000000,127.9112138,120.3992436
7380,2,0.0000000,0.0000000,122.3700000,202.3000000
7380,3,0.0000000,0.0000000,323.6319742,216.7507655
7380,4,0.0000000,0.0000000,305.1277483,48.5431646
7380,5,0.0000000,0.0000000,121.7078548,19.2900498
7390,0,0.0000000,0.0000000,129.2078882,119.6451643
7390,2,0.0000000,0.0000000,122.3700000,202.3000000
7390,3,0.0000000,0.0000000,322.5963687,215.6656289
7390,4,0.0000000,0.0000000,303.6615798,48.2263841
7390,5,0.0000000,0.0000000,123.0739357,19.9095845
7400,0,0.0000000,0.0000000,127.9112138,120.3992436
7400,2,0.0000000,0.0000000,122.3700000,202.3000000
7400,3,0.0000000,0.0000000,323.6319742,216.7507655
7400,4,0.0000000,0.0000000,305.1277483,48.5431646
7400,5,0.0000000,0.0000000,121.7078548,19.2900498
7410,0,0.0000000,0.0000000,129.2078882,119.6451643
7410,2,0.0000000,0.0000000,122.3700000,202.3000000
7410,3,0.0000000,0.0000000,322.5963687,215.6656289
7410,4,0.0000000,0.0000000,303.6615798,48.2263841
7410,5,0.0000000,0.0000000,123.0739357,19.9095845
7420,0,0.0000000,0.0000000,127.9112138,120.3992436
7420,2,0.0000000,0.0000000,122.3700000,202.3000000
7420,3,0.0000000,0.0000000,323.6319742,216.7507655
7420,4,0.0000000,0.0000000,305.1277483,48.5431646
7420,5,0.0000000,0.0000000,121.7078548,19.2900498
7430,0,0.0000000,0.0000000,129.2078882,119.6451643
7430,2,0.0000000,0.0000000,122.3700000,202.3000000
7430,3,0.0000000,0.0000000,322.5963687,215.6656289
7430,4,0.0000000,0.0000000,303.6615798,48.2263841
7430,5,0.0000000,0.0000000,123.0739357,19.9095845
7440,0,0.0000000,0.0000000,127.9112138,120.3992436
7440,2,0.0000000,0.0000000,122.3700000,202.3000000
7440,3,0.0000000,0.0000000,323.6319742,216.7507655
7440,4,0.0000000,0.0000000,305.1277483,48.5431646
7440,5,0.0000000,0.0000000,121.7078548,19.2900498
7450,0,0.0000000,0.0000000,129.2078882,119.6451643
7450,2,0.0000000,0.0000000,122.3700000,202.3000000
7450,3,0.0000000,0.0000000,322.5963687,215.6656289
7450,4,0.0000000,0.0000000,303.6615798,48.2263841
7450,5,0.0000000,0.0000000,123.0739357,19.9095845
7460,0,0.0000000,0.0000000,127.9112138,120.3992436
7460,2,0.0000000,0.0000000,122.3700000,202.3000000
7460,3,0.0000000,0.0000000,323.6319742,216.7507655
7460,4,0.0000000,0.0000000,305.1277483,48.5431646
7460,5,0.0000000,0.0000000,121.7078548,19.2900498
7470,0,0.0000000,0.0000000,129.2078882,119.6451643
7470,2,0.0000000,0.0000000,122.3700000,202.3000000
7470,3,0.0000000,0.0000000,322.5963687,215.6656289
7470,4,0.0000000,0.0000000,303.6615798,48.2263841
7470,5,0.0000000,0.0000000,123.0739357,19.9095845
7480,0,0.0000000,0.0000000,127.9112138,120.3992436
7480,2,0.0000000,0.0000000,122.3700000,202.3000000
7480,3,0.0000000,0.0000000,323.6319742,216.7507655
7480,4,0.0000000,0.0000000,305.1277483,48.5431646
7480,5,0.0000000,0.0000000,121.7078548,19.2900498
7490,0,0.0000000,0.0000000,129.2078882,119.6451643
7490,2,0.0000000,0.0000000,122.3700000,202.3000000
7490,3,0.0000000,0.0000000,322.5963687,215.6656289
7490,4,0.0000000,0.0000000,303.6615798,48.2263841
7490,5,0.0000000,0.0000000,123.0739357,19.9095845
7500,0,0.0000000,0.0000000,127.9112138,120.3992436
7500,2,0.0000000,0.0000000,122.3700000,202.3000000
7500,3,0.0000000,0.0000000,323.6319742,216.7507655
7500,4,0.0000000,0.0000000,305.1277483,48.5431646
7500,5,0.0000000,0.0000000,121.7078548,19.2900498
7510,0,0.0000000,0.0000000,129.2078882,119.6451643
7510,2,0.0000000,0.0000000,122.3700000,202.3000000
7510,3,0.0000000,0.0000000,322.5963687,215.6656289
7510,4,0.0000000,0.0000000,303.6615798,48.2263841
7510,5,0.0000000,0.0000000,123.0739357,19.9095845
7520,0,0.0000000,0.0000000,127.9112138,120.3992436
7520,2,0.0000000,0.0000000,122.3700000,202.3000000
7520,3,0.0000000,0.0000000,323.6319742,216.7507655
7520,4,0.0000000,0.0000000,305.1277483,48.5431646
7520,5,0.0000000,0.0000000,121.7078548,19.2900498
7530,0,0.0000000,0.0000000,129.2078882,119.6451643
7530,2,0.0000000,0.0000000,122.3700000,202.3000000
7530,3,0.0000000,0.0000000,322.5963687,215.6656289
7530,4,0.0000000,0.0000000,303.6615798,48.2263841
7530,5,0.0000000,0.0000000,123.0739357,19.9095845
7540,0,0.0000000,0.0000000,127.9112138,120.3992436
7540,2,0.0000000,0.0000000,122.3700000,202.3000000
7540,3,0.0000000,0.0000000,323.6319742,216.7507655
7540,4,0.0000000,0.0000000,305.1277483,48.5431646
7540,5,0.0000000,0.0000000,121.7078548,19.2900498
7550,0,0.0000000,0.0000000,129.2078882,119.6451643
7550,2,0.0000000,0.0000000,122.3700000,202.3000000
7550,3,0.0000000,0.0000000,322.5963687,215.6656289
7550,4,0.0000000,0.0000000,303.6615798,48.2263841
7550,5,0.0000000,0.0000000,123.0739357,19.9095845
7560,0,0.0000000,0.0000000,127.9112138,120.3992436
7560,2,0.0000000,0.0000000,122.3700000,202.3000000
7560,3,0.0000000,0.0000000,323.6319742,216.7507655
7560,4,0.0000000,0.0000000,305.1277483,48.5431646
7560,5,0.0000000,0.0000000,121.7078548,19.2900498
7570,0,0.0000000,0.0000000,129.2078882,119.6451643
7570,2,0.0000000,0.0000000,122.3700000,202.3000000
7570,3,0.0000000,0.0000000,322.5963687,215.6656289
7570,4,0.0000000,0.0000000,303.6615798,48.2263841
7570,5,0.0000000,0.0000000,123.0739357,19.9095845
7580,0,0.0000000,0.0000000,127.9112138,120.3992436
7580,2,0.0000000,0.0000000,122.3700000,202.3000000
7580,3,0.0000000,0.0000000,323.6319742,216.7507655
7580,4,0.0000000,0.0000000,305.1277483,48.5431646
7580,5,0.0000000,0.0000000,121.7078548,19.2900498
7590,0,0.0000000,0.0000000,129.2078882,119.6451643
7590,2,0.0000000,0.0000000,122.3700000,202.3000000
7590,3,0.0000000,0.0000000,322.5963687,215.6656289
7590,4,0.0000000,0.0000000,303.6615798,48.2263841
7590,5,0.0000000,0.0000000,123.0739357,19.9095845
7600,0,0.0000000,0.0000000,127.9112138,120.3992436
7600,2,0.0000000,0.0000000,122.3700000,202.3000000
7600,3,0.0000000,0.0000000,323.6319742,216.7507655
7600,4,0.0000000,0.0000000,305.1277483,48.5431646
7600,5,0.0000000,0.0000000,121.7078548,19.2900498
7610,0,0.0000000,0.0000000,129.2078882,119.6451643
7610,2,0.0000000,0.0000000,122.3700000,202.3000000
7610,3,0.0000000,0.0000000,322.5963687,215.6656289
7610,4,0.0000000,0.0000000,303.6615798,48.2263841
7610,5,0.0000000,0.0000000,123.0739357,19.9095845
7620,0,0.0000000,0.0000000,127.9112138,120.3992436
7620,2,0.0000000,0.0000000,122.3700000,202.3000000
7620,3,0.0000000,0.0000000,323.6319742,216.7507655
7620,4,0.0000000,0.0000000,305.1277483,48.5431646
7620,5,0.0000000,0.0000000,121.7078548,19.2900498
7630,0,0.0000000,0.0000000,129.2078882,119.6451643
7630,2,0.0000000,0.0000000,122.3700000,202.3000000
7630,3,0.0000000,0.0000000,322.5963687,215.6656289
7630,4,0.0000000,0.0000000,303.6615798,48.2263841
7630,5,0.0000000,0.0000000,123.0739357,19.9095845
7640,0,0.0000000,0.0000000,127.9112138,120.3992436
7640,2,0.0000000,0.0000000,122.3700000,202.3000000
7640,3,0.0000000,0.0000000,323.6319742,216.7507655
7640,4,0.0000000,0.0000000,305.1277483,48.5431646
7640,5,0.0000000,0.0000000,121.7078548,19.2900498
7650,0,0.0000000,0.0000000,129.2078882,119.6451643
7650,2,0.0000000,0.0000000,122.3700000,202.3000000
7650,3,0.0000000,0.0000000,322.5963687,215.6656289
7650,4,0.0000000,0.0000000,303.6615798,48.2263841
7650,5,0.0000000,0.0000000,123.0739357,19.9095845
7660,0,0.0000000,0.0000000,127.9112138,120.3992436
7660,2,0.0000000,0.0000000,122.3700000,202.3000000
7660,3,0.0000000,0.0000000,323.6319742,216.7507655
7660,4,0.0000000,0.0000000,305.1277483,48.5431646
7660,5,0.0000000,0.0000000,121.7078548,19.2900498
7670,0,0.0000000,0.0000000,129.2078882,119.6451643
7670,2,0.0000000,0.0000000,122.3700000,202.3000000
7670,3,0.0000000,0.0000000,322.5963687,215.6656289
7670,4,0.0000000,0.0000000,303.6615798,48.2263841
7670,5,0.0000000,0.0000000,123.0739357,19.9095845
7680,0,0.0000000,0.0000000,127.9112138,120.3992436
7680,2,0.0000000,0.0000000,122.3700000,202.3000000
7680,3,0.0000000,0.0000000,323.6319742,216.7507655
7680,4,0.0000000,0.0000000,305.1277483,48.5431646
7680,5,0.0000000,0.0000000,121.7078548,19.2900498
7690,0,0.0000000,0.0000000,129.2078882,119.6451643
7690,2,0.0000000,0.0000000,122.3700000,202.3000000
7690,3,0.0000000,0.0000000,322.5963687,215.6656289
7690,4,0.0000000,0.0000000,303.6615798,48.2263841
7690,5,0.0000000,0.0000000,123.0739357,19.9095845
7700,0,0.0000000,0.0000000,127.9112138,120.3992436
7700,2,0.0000000,0.0000000,122.3700000,202.3000000
7700,3,0.0000000,0.0000000,323.6319742,216.7507655
7700,4,0.0000000,0.0000000,305.1277483,48.5431646
7700,5,0.0000000,0.0000000,121.7078548,19.2900498
7710,0,0.0000000,0.0000000,129.2078882,119.6451643
7710,2,0.0000000,0.0000000,122.3700000,202.3000000
7710,3,0.0000000,0.0000000,322.5963687,215.6656289
7710,4,0.0000000,0.0000000,303.6615798,48.2263841
7710,5,0.0000000,0.0000000,123.0739357,19.9095845
7720,0,0.0000000,0.0000000,127.9112138,120.3992436
7720,2,0.0000000,0.0000000,122.3700000,202.3000000
7720,3,0.0000000,0.0000000,323.6319742,216.7507655
7720,4,0.0000000,0.0000000,305.1277483,48.5431646
7720,5,0.0000000,0.0000000,121.7078548,19.2900498
7730,0,0.0000000,0.0000000,129.2078882,119.6451643
7730,2,0.0000000,0.0000000,122.3700000,202.3000000
7730,3,0.0000000,0.0000000,322.5963687,215.6656289
7730,4,0.0000000,0.0000000,303.6615798,48.2263841
7730,5,0.0000000,0.0000000,123.0739357,19.9095845
7740,0,0.0000000,0.0000000,127.9112138,120.3992436
7740,2,0.0000000,0.0000000,122.3700000,202.3000000
7740,3,0.0000000,0.0000000,323.6319742,216.7507655
7740,4,0.0000000,0.0000000,305.1277483,48.5431646
7740,5,0.0000000,0.0000000,121.7078548,19.2900498
7750,0,0.0000000,0.0000000,129.2078882,119.6451643
7750,2,0.0000000,0.0000000,122.3700000,202.3000000
7750,3,0.0000000,0.0000000,322.5963687,215.6656289
7750,4,0.0000000,0.0000000,303.6615798,48.2263841
7750,5,0.0000000,0.0000000,123.0739357,19.9095845
7760,0,0.0000000,0.0000000,127.9112138,120.3992436
7760,2,0.0000000,0.0000000,122.3700000,202.3000000
7760,3,0.0000000,0.0000000,323.6319742,216.7507655
7760,4,0.0000000,0.0000000,305.1277483,48.5431646
7760,5,0.0000000,0.0000000,121.7078548,19.2900498
7770,0,0.0000000,0.0000000,129.2078882,119.6451643
7770,2,0.0000000,0.0000000,122.3700000,202.3000000
7770,3,0.0000000,0.0000000,322.5963687,215.6656289
7770,4,0.0000000,0.0000000,303.6615798,48.2263841
7770,5,0.0000000,0.0000000,123.0739357,19.9095845
7780,0,0.0000000,0.0000000,127.9112138,120.3992436
7780,2,0.0000000,0.0000000,122.3700000,202.3000000
7780,3,0.0000000,0.0000000,323.6319742,216.7507655
7780,4,0.0000000,0.0000000,305.1277483,48.5431646
7780,5,0.0000000,0.0000000,121.7078548,19.2900498
7790,0,0.0000000,0.0000000,129.2078882,119.6451643
7790,2,0.0000000,0.0000000,122.3700000,202.3000000
7790,3,0.0000000,0.0000000,322.5963687,215.6656289
7790,4,0.0000000,0.0000000,303.6615798,48.2263841
7790,5,0.0000000,0.0000000,123.0739357,19.9095845
7800,0,0.0000000,0.0000000,127.9112138,120.3992436
7800,2,0.0000000,0.0000000,122.3700000,202.3000000
7800,3,0.0000000,0.0000000,323.6319742,216.7507655
7800,4,0.0000000,0.0000000,305.1277483,48.5431646
7800,5,0.0000000,0.0000000,121.7078548,19.2900498
7810,0,0.0000000,0.0000000,129.2078882,119.6451643
7810,2,0.0000000,0.0000000,122.3700000,202.3000000
7810,3,0.0000000,0.0000000,322.5963687,215.6656289
7810,4,0.0000000,0.0000000,303.6615798,48.2263841
7810,5,0.0000000,0.0000000,123.0739357,19.9095845
7820,0,0.0000000,0.0000000,127.9112138,120.3992436
7820,2,0.0000000,0.0000000,122.3700000,202.3000000
7820,3,0.0000000,0.0000000,323.6319742,216.7507655
7820,4,0.0000000,0.0000000,305.1277483,48.5431646
7820,5,0.0000000,0.0000000,121.7078548,19.2900498
7830,0,0.0000000,0.0000000,129.2078882,119.6451643
7830,2,0.0000000,0.0000000,122.3700000,202.3000000
7830,3,0.0000000,0.0000000,322.5963687,215.6656289
7830,4,0.0000000,0.0000000,303.6615798,48.2263841
7830,5,0.0000000,0.0000000,123.0739357,19.9095845
7840,0,0.0000000,0.0000000,127.9112138,120.3992436
7840,2,0.0000000,0.0000000,122.3700000,202.3000000
7840,3,0.0000000,0.0000000,323.6319742,216.7507655
7840,4,0.0000000,0.0000000,305.1277483,48.5431646
7840,5,0.0000000,0.0000000,121.7078548,19.2900498
7850,0,0.0000000,0.0000000,129.2078882,119.6451643
7850,2,0.0000000,0.0000000,122.3700000,202.3000000
7850,3,0.0000000,0.0000000,322.5963687,215.6656289
7850,4,0.0000000,0.0000000,303.6615798,48.2263841
7850,5,0.0000000,0.0000000,123.0739357,19.9095845
7860,0,0.0000000,0.0000000,127.9112138,120.3992436
7860,2,0.0000000,0.0000000,122.3700000,202.3000000
7860,3,0.0000000,0.0000000,323.6319742,216.7507655
7860,4,0.0000000,0.0000000,305.1277483,48.5431646
7860,5,0.0000000,0.0000000,121.7078548,19.2900498
7870,0,0.0000000,0.0000000,129.2078882,119.6451643
7870,2,0.0000000,0.0000000,122.3700000,202.3000000
7870,3,0.0000000,0.0000000,322.5963687,215.6656289
7870,4,0.0000000,0.0000000,303.6615798,48.2263841
7870,5,0.0000000,0.0000000,123.0739357,19.9095845
7880,0,0.0000000,0.0000000,127.9112138,120.3992436
7880,2,0.0000000,0.0000000,122.3700000,202.3000000
7880,3,0.0000000,0.0000000,323.6319742,216.7507655
7880,4,0.0000000,0.0000000,305.1277483,48.5431646
7880,5,0.0000000,0.0000000,121.7078548,19.2900498
7890,0,0.0000000,0.0000000,129.2078882,119.6451643
7890,2,0.0000000,0.0000000,122.3700000,202.3000000
7890,3,0.0000000,0.0000000,322.5963687,215.6656289
7890,4,0.0000000,0.0000000,303.6615798,48.2263841
7890,5,0.0000000,0.0000000,123.0739357,19.9095845
7900,0,0.0000000,0.0000000,127.9112138,120.3992436
7900,2,0.0000000,0.0000000,122.3700000,202.3000000
7900,3,0.0000000,0.0000000,323.6319742,216.7507655
7900,4,0.0000000,0.0000000,305.1277483,48.5431646
7900,5,0.0000000,0.0000000,121.7078548,19.2900498
7910,0,0.0000000,0.0000000,129.2078882,119.6451643
7910,2,0.0000000,0.0000000,122.3700000,202.3000000
7910,3,0.0000000,0.0000000,322.5963687,215.6656289
7910,4,0.0000000,0.0000000,303.6615798,48.2263841
7910,5,0.0000000,0.0000000,123.0739357,19.9095845
7920,0,0.0000000,0.0000000,127.9112138,120.3992436
7920,2,0.0000000,0.0000000,122.3700000,202.3000000
7920,3,0.0000000,0.0000000,323.6319742,216.7507655
7920,4,0.0000000,0.0000000,305.1277483,48.5431646
7920,5,0.0000000,0.0000000,121.7078548,19.2900498
7930,0,0.0000000,0.0000000,129.2078882,119.6451643
7930,2,0.0000000,0.0000000,122.3700000,202.3000000
7930,3,0.0000000,0.0000000,322.5963687,215.6656289
7930,4,0.0000000,0.0000000,303.6615798,48.2263841
7930,5,0.0000000,0.0000000,123.0739357,19.9095845
7940,0,0.0000000,0.0000000,127.9112138,120.3992436
7940,2,0.0000000,0.0000000,122.3700000,202.3000000
7940,3,0.0000000,0.0000000,323.6319742,216.7507655
7940,4,0.0000000,0.0000000,305.1277483,48.5431646
7940,5,0.0000000,0.0000000,121.7078548,19.2900498
7950,0,0.0000000,0.0000000,129.2078882,119.6451643
7950,2,0.0000000,0.0000000,122.3700000,202.3000000
7950,3,0.0000000,0.0000000,322.5963687,215.6656289
7950,4,0.0000000,0.0000000,303.6615798,48.2263841
7950,5,0.0000000,0.0000000,123.0739357,19.9095845
7960,0,0.0000000,0.0000000,127.9112138,120.3992436
7960,2,0.0000000,0.0000000,122.3700000,202.3000000
7960,3,0.0000000,0.0000000,323.6319742,216.7507655
7960,4,0.0000000,0.0000000,305.1277483,48.5431646
7960,5,0.0000000,0.0000000,121.7078548,19.2900498
7970,0,0.0000000,0.0000000,129.2078882,119.6451643
7970,2,0.0000000,0.0000000,122.3700000,202.3000000
7970,3,0.0000000,0.0000000,322.5963687,215.6656289
7970,4,0.0000000,0.0000000,303.6615798,48.2263841
7970,5,0.0000000,0.0000000,123.0739357,19.9095845
7980,0,0.0000000,0.0000000,127.9112138,120.3992436
7980,2,0.0000000,0.0000000,122.3700000,202.3000000
7980,3,0.0000000,0.0000000,323.6319742,216.7507655
7980,4,0.0000000,0.0000000,305.1277483,48.5431646
7980,5,0.0000000,0.0000000,121.7078548,19.2900498
7990,0,0.0000000,0.0000000,129.2078882,119.6451643
7990,2,0.0000000,0.0000000,122.3700000,202.3000000
7990,3,0.0000000,0.0000000,322.5963687,215.6656289
7990,4,0.0000000,0.0000000,303.6615798,48.2263841
7990,5,0.0000000,0.0000000,123.0739357,19.9095845
8000,0,0.0000000,0.0000000,127.9112138,120.3992436
8000,2,0.0000000,0.0000000,122.3700000,202.3000000
8000,3,0.0000000,0.0000000,323.6319742,216.7507655
8000,4,0.0000000,0.0000000,305.1277483,48.5431646
8000,5,0.0000000,0.0000000,121.7078548,19.2900498
8010,0,0.0000000,0.0000000,129.2078882,119.6451643
8010,2,0.0000000,0.0000000,122.3700000,202.3000000
8010,3,0.0000000,0.0000000,322.5963687,215.6656289
8010,4,0.0000000,0.0000000,303.6615798,48.2263841
8010,5,0.0000000,0.0000000,123.0739357,19.9095845
8020,0,0.0000000,0.0000000,127.9112138,120.3992436
8020,2,0.0000000,0.0000000,122.3700000,202.3000000
8020,3,0.0000000,0.0000000,323.6319742,216.7507655
8020,4,0.0000000,0.0000000,305.1277483,48.5431646
8020,5,0.0000000,0.0000000,121.7078548,19.2900498
8030,0,0.0000000,0.0000000,129.2078882,119.6451643
8030,2,0.0000000,0.0000000,122.3700000,202.3000000
8030,3,0.0000000,0.0000000,322.5963687,215.6656289
8030,4,0.0000000,0.0000000,303.6615798,48.2263841
8030,5,0.0000000,0.0000000,123.0739357,19.9095845
8040,0,0.0000000,0.0000000,127.9112138,120.3992436
8040,2,0.0000000,0.0000000,122.3700000,202.3000000
8040,3,0.0000000,0.0000000,323.6319742,216.7507655
8040,4,0.0000000,0.0000000,305.1277483,48.5431646
8040,5,0.0000000,0.0000000,121.7078548,19.2900498
8050,0,0.0000000,0.0000000,129.2078882,119.6451643
8050,2,0.0000000,0.0000000,122.3700000,202.3000000
8050,3,0.0000000,0.0000000,322.5963687,215.6656289
8050,4,0.0000000,0.0000000,303.6615798,48.2263841
8050,5,0.0000000,0.0000000,123.0739357,19.9095845
8060,0,0.0000000,0.0000000,127.9112138,120.3992436
8060,2,0.0000000,0.0000000,122.3700000,202.3000000
8060,3,0.0000000,0.0000000,323.6319742,216.7507655
8060,4,0.0000000,0.0000000,305.1277483,48.5431646
8060,5,0.0000000,0.0000000,121.7078548,19.2900498
8070,0,0.0000000,0.0000000,129.2078882,119.6451643
8070,2,0.0000000,0.0000000,122.3700000,202.3000000
8070,3,0.0000000,0.0000000,322.5963687,215.6656289
8070,4,0.0000000,0.0000000,303.6615798,48.2263841
8070,5,0.0000000,0.0000000,123.0739357,19.9095845
8080,0,0.0000000,0.0000000,127.9112138,120.3992436
8080,2,0.0000000,0.0000000,122.3700000,202.3000000
8080,3,0.0000000,0.0000000,323.6319742,216.7507655
8080,4,0.0000000,0.0000000,305.1277483,48.5431646
8080,5,0.0000000,0.0000000,121.7078548,19.2900498
8090,0,0.0000000,0.0000000,129.2078882,119.6451643
8090,2,0.0000000,0.0000000,122.3700000,202.3000000
8090,3,0.0000000,0.0000000,322.5963687,215.6656289
8090,4,0.0000000,0.0000000,303.6615798,48.2263841
8090,5,0.0000000,0.0000000,123.0739357,19.9095845
8100,0,0.0000000,0.0000000,127.9112138,120.3992436
8100,2,0.0000000,0.0000000,122.3700000,202.3000000
8100,3,0.0000000,0.0000000,323.6319742,216.7507655
8100,4,0.0000000,0.0000000,305.1277483,48.5431646
8100,5,0.0000000,0.0000000,121.7078548,19.2900498
8110,0,0.0000000,0.0000000,129.2078882,119.6451643
8110,2,0.0000000,0.0000000,122.3700000,202.3000000
8110,3,0.0000000,0.0000000,322.5963687,215.6656289
8110,4,0.0000000,0.0000000,303.6615798,48.2263841
8110,5,0.0000000,0.0000000,123.0739357,19.9095845
8120,0,0.0000000,0.0000000,127.9112138,120.3992436
8120,2,0.0000000,0.0000000,122.3700000,202.3000000
8120,3,0.0000000,0.0000000,323.6319742,216.7507655
8120,4,0.0000000,0.0000000,305.1277483,48.5431646
8120,5,0.0000000,0.0000000,121.7078548,19.2900498
8130,0,0.0000000,0.0000000,129.2078882,119.6451643
8130,2,0.0000000,0.0000000,122.3700000,202.3000000
8130,3,0.0000000,0.0000000,322.5963687,215.6656289
8130,4,0.0000000,0.0000000,303.6615798,48.2263841
8130,5,0.0000000,0.0000000,123.0739357,19.9095845
8140,0,0.0000000,0.0000000,127.9112138,120.3992436
8140,2,0.0000000,0.0000000,122.3700000,202.3000000
8140,3,0.0000000,0.0000000,323.6319742,216.7507655
8140,4,0.0000000,0.0000000,305.1277483,48.5431646
8140,5,0.0000000,0.0000000,121.7078548,19.2900498
8150,0,0.0000000,0.0000000,129.2078882,119.6451643
8150,2,0.0000000,0.0000000,122.3700000,202.3000000
8150,3,0.0000000,0.0000000,322.5963687,215.6656289
8150,4,0.0000000,0.0000000,303.6615798,48.2263841
8150,5,0.0000000,0.0000000,123.0739357,19.9095845
8160,0,0.0000000,0.0000000,127.9112138,120.3992436
8160,2,0.0000000,0.0000000,122.3700000,202.3000000
8160,3,0.0000000,0.0000000,323.6319742,216.7507655
8160,4,0.0000000,0.0000000,305.1277483,48.5431646
8160,5,0.0000000,0.0000000,121.7078548,19.2900498
8170,0,0.0000000,0.0000000,129.2078882,119.6451643
8170,2,0.0000000,0.0000000,122.3700000,202.3000000
8170,3,0.0000000,0.0000000,322.5963687,215.6656289
8170,4,0.0000000,0.0000000,303.6615798,48.2263841
8170,5,0.0000000,0.0000000,123.0739357,19.9095845
8180,0,0.0000000,0.0000000,127.9112138,120.3992436
8180,2,0.0000000,0.0000000,122.3700000,202.3000000
8180,3,0.0000000,0.0000000,323.6319742,216.7507655
8180,4,0.0000000,0.0000000,305.1277483,48.5431646
8180,5,0.0000000,0.0000000,121.7078548,19.2900498
8190,0,0.0000000,0.0000000,129.2078882,119.6451643
8190,2,0.0000000,0.0000000,122.3700000,202.3000000
8190,3,0.0000000,0.0000000,322.5963687,215.6656289
8190,4,0.0000000,0.0000000,303.6615798,48.2263841
8190,5,0.0000000,0.0000000,123.0739357,19.9095845
8200,0,0.0000000,0.0000000,127.9112138,120.3992436
8200,2,0.0000000,0.0000000,122.3700000,202.3000000
8200,3,0.0000000,0.0000000,323.6319742,216.7507655
8200,4,0.0000000,0.0000000,305.1277483,48.5431646
8200,5,0.0000000,0.0000000,121.7078548,19.2900498
8210,0,0.0000000,0.0000000,129.2078882,119.6451643
8210,2,0.0000000,0.0000000,122.3700000,202.3000000
8210,3,0.0000000,0.0000000,322.5963687,215.6656289
8210,4,0.0000000,0.0000000,303.6615798,48.2263841
8210,5,0.0000000,0.0000000,123.0739357,19.9095845
8220,0,0.0000000,0.0000000,127.9112138,120.3992436
8220,2,0.0000000,0.0000000,122.3700000,202.3000000
8220,3,0.0000000,0.0000000,323.6319742,216.7507655
8220,4,0.0000000,0.0000000,305.1277483,48.5431646
8220,5,0.0000000,0.0000000,121.7078548,19.2900498
8230,0,0.0000000,0.0000000,129.2078882,119.6451643
8230,2,0.0000000,0.0000000,122.3700000,202.3000000
8230,3,0.0000000,0.0000000,322.5963687,215.6656289
8230,4,0.0000000,0.0000000,303.6615798,48.2263841
8230,5,0.0000000,0.0000000,123.0739357,19.9095845
8240,0,0.0000000,0.0000000,127.9112138,120.3992436
8240,2,0.0000000,0.0000000,122.3700000,202.3000000
8240,3,0.0000000,0.0000000,323.6319742,216.7507655
8240,4,0.0000000,0.0000000,305.1277483,48.5431646
8240,5,0.0000000,0.0000000,121.7078548,19.2900498
8250,0,0.0000000,0.0000000,129.2078882,119.6451643
8250,2,0.0000000,0.0000000,122.3700000,202.3000000
8250,3,0.0000000,0.0000000,322.5963687,215.6656289
8250,4,0.0000000,0.0000000,303.6615798,48.2263841
8250,5,0.0000000,0.0000000,123.0739357,19.9095845
8260,0,0.0000000,0.0000000,127.9112138,120.3992436
8260,2,0.0000000,0.0000000,122.3700000,202.3000000
8260,3,0.0000000,0.0000000,323.6319742,216.7507655
8260,4,0.0000000,0.0000000,305.1277483,48.5431646
8260,5,0.0000000,0.0000000,121.7078548,19.2900498
8270,0,0.0000000,0.0000000,129.2078882,119.6451643
8270,2,0.0000000,0.0000000,122.3700000,202.3000000
8270,3,0.0000000,0.0000000,322.5963687,215.6656289
8270,4,0.0000000,0.0000000,303.6615798,48.2263841
8270,5,0.0000000,0.0000000,123.0739357,19.9095845
8280,0,0.0000000,0.0000000,127.9112138,120.3992436
8280,2,0.0000000,0.0000000,122.3700000,202.3000000
8280,3,0.0000000,0.0000000,323.6319742,216.7507655
8280,4,0.0000000,0.0000000,305.1277483,48.5431646
8280,5,0.0000000,0.0000000,121.7078548,19.2900498
8290,0,0.0000000,0.0000000,129.2078882,119.6451643
8290,2,0.0000000,0.0000000,122.3700000,202.3000000
8290,3,0.0000000,0.0000000,322.5963687,215.6656289
8290,4,0.0000000,0.0000000,303.6615798,48.2263841
8290,5,0.0000000,0.0000000,123.0739357,19.9095845
8300,0,0.0000000,0.0000000,127.9112138,120.3992436
8300,2,0.0000000,0.0000000,122.3700000,202.3000000
8300,3,0.0000000,0.0000000,323.6319742,216.7507655
8300,4,0.0000000,0.0000000,305.1277483,48.5431646
8300,5,0.0000000,0.0000000,121.7078548,19.2900498
8310,0,0.0000000,0.0000000,129.2078882,119.6451643
8310,2,0.0000000,0.0000000,122.3700000,202.3000000
8310,3,0.0000000,0.0000000,322.5963687,215.6656289
8310,4,0.0000000,0.0000000,303.6615798,48.2263841
8310,5,0.0000000,0.0000000,123.0739357,19.9095845
8320,0,0.0000000,0.0000000,127.9112138,120.3992436
8320,2,0.0000000,0.0000000,122.3700000,202.3000000
8320,3,0.0000000,0.0000000,323.6319742,216.7507655
8320,4,0.0000000,0.0000000,305.1277483,48.5431646
8320,5,0.0000000,0.0000000,121.7078548,19.2900498
8330,0,0.0000000,0.0000000,129.2078882,119.6451643
8330,2,0.0000000,0.0000000,122.3700000,202.3000000
8330,3,0.0000000,0.0000000,322.5963687,215.6656289
8330,4,0.0000000,0.0000000,303.6615798,48.2263841
8330,5,0.0000000,0.0000000,123.0739357,19.9095845
8340,0,0.0000000,0.0000000,127.9112138,120.3992436
8340,2,0.0000000,0.0000000,122.3700000,202.3000000
8340,3,0.0000000,0.0000000,323.6319742,216.7507655
8340,4,0.0000000,0.0000000,305.1277483,48.5431646
8340,5,0.0000000,0.0000000,121.7078548,19.2900498
8350,0,0.0000000,0.0000000,129.2078882,119.6451643
8350,2,0.0000000,0.0000000,122.3700000,202.3000000
8350,3,0.0000000,0.0000000,322.5963687,215.6656289
8350,4,0.0000000,0.0000000,303.6615798,48.2263841
8350,5,0.0000000,0.0000000,123.0739357,19.9095845
8360,0,0.0000000,0.0000000,127.9112138,120.3992436
8360,2,0.0000000,0.0000000,122.3700000,202.3000000
8360,3,0.0000000,0.0000000,323.6319742,216.7507655
8360,4,0.0000000,0.0000000,305.1277483,48.5431646
8360,5,0.0000000,0.0000000,121.7078548,19.2900498
8370,0,0.0000000,0.0000000,129.2078882,119.6451643
8370,2,0.0000000,0.0000000,122.3700000,202.3000000
8370,3,0.0000000,0.0000000,322.5963687,215.6656289
8370,4,0.0000000,0.0000000,303.6615798,48.2263841
8370,5,0.0000000,0.0000000,123.0739357,19.9095845
8380,0,0.0000000,0.0000000,127.9112138,120.3992436
8380,2,0.0000000,0.0000000,122.3700000,202.3000000
8380,3,0.0000000,0.0000000,323.6319742,216.7507655
8380,4,0.0000000,0.0000000,305.1277483,48.5431646
8380,5,0.0000000,0.0000000,121.7078548,19.2900498
8390,0,0.0000000,0.0000000,129.2078882,119.6451643
8390,2,0.0000000,0.0000000,122.3700000,202.3000000
8390,3,0.0000000,0.0000000,322.5963687,215.6656289
8390,4,0.0000000,0.0000000,303.6615798,48.2263841
8390,5,0.0000000,0.0000000,123.0739357,19.9095845
8400,0,0.0000000,0.0000000,127.9112138,120.3992436
8400,2,0.0000000,0.0000000,122.3700000,202.3000000
8400,3,0.0000000,0.0000000,323.6319742,216.7507655
8400,4,0.0000000,0.0000000,305.1277483,48.5431646
8400,5,0.0000000,0.0000000,121.7078548,19.2900498
8410,0,0.0000000,0.0000000,129.2078882,119.6451643
8410,2,0.0000000,0.0000000,122.3700000,202.3000000
8410,3,0.0000000,0.0000000,322.5963687,215.6656289
8410,4,0.0000000,0.0000000,303.6615798,48.2263841
8410,5,0.0000000,0.0000000,123.0739357,19.9095845
8420,0,0.0000000,0.0000000,127.9112138,120.3992436
8420,2,0.0000000,0.0000000,122.3700000,202.3000000
8420,3,0.0000000,0.0000000,323.6319742,216.7507655
8420,4,0.0000000,0.0000000,305.1277483,48.5431646
8420,5,0.0000000,0.0000000,121.7078548,19.2900498
8430,0,0.0000000,0.0000000,129.2078882,119.6451643
8430,2,0.0000000,0.0000000,122.3700000,202.3000000
8430,3,0.0000000,0.0000000,322.5963687,215.6656289
8430,4,0.0000000,0.0000000,303.6615798,48.2263841
8430,5,0.0000000,0.0000000,123.0739357,19.9095845
8440,0,0.0000000,0.0000000,127.9112138,120.3992436
8440,2,0.0000000,0.0000000,122.3700000,202.3000000
8440,3,0.0000000,0.0000000,323.6319742,216.7507655
8440,4,0.0000000,0.0000000,305.1277483,48.5431646
8440,5,0.0000000,0.0000000,121.7078548,19.2900498
8450,0,0.0000000,0.0000000,129.2078882,119.6451643
8450,2,0.0000000,0.0000000,122.3700000,202.3000000
8450,3,0.0000000,0.0000000,322.5963687,215.6656289
8450,4,0.0000000,0.0000000,303.6615798,48.2263841
8450,5,0.0000000,0.0000000,123.0739357,19.9095845
8460,0,0.0000000,0.0000000,127.9112138,120.3992436
8460,2,0.0000000,0.0000000,122.3700000,202.3000000
8460,3,0.0000000,0.0000000,323.6319742,216.7507655
8460,4,0.0000000,0.0000000,305.1277483,48.5431646
8460,5,0.0000000,0.0000000,121.7078548,19.2900498
8470,0,0.0000000,0.0000000,129.2078882,119.6451643
8470,2,0.0000000,0.0000000,122.3700000,202.3000000
8470,3,0.0000000,0.0000000,322.5963687,215.6656289
8470,4,0.0000000,0.0000000,303.6615798,48.2263841
8470,5,0.0000000,0.0000000,123.0739357,19.9095845
8480,0,0.0000000,0.0000000,127.9112138,120.3992436
8480,2,0.0000000,0.0000000,122.3700000,202.3000000
8480,3,0.0000000,0.0000000,323.6319742,216.7507655
8480,4,0.0000000,0.0000000,305.1277483,48.5431646
8480,5,0.0000000,0.0000000,121.7078548,19.2900498
8490,0,0.0000000,0.0000000,129.2078882,119.6451643
8490,2,0.0000000,0.0000000,122.3700000,202.3000000
8490,3,0.0000000,0.0000000,322.5963687,215.6656289
8490,4,0.0000000,0.0000000,303.6615798,48.2263841
8490,5,0.0000000,0.0000000,123.0739357,19.9095845
8500,0,0.0000000,0.0000000,127.9112138,120.3992436
8500,2,0.0000000,0.0000000,122.3700000,202.3000000
8500,3,0.0000000,0.0000000,323.6319742,216.7507655
8500,4,0.0000000,0.0000000,305.1277483,48.5431646
8500,5,0.0000000,0.0000000,121.7078548,19.2900498
8510,0,0.0000000,0.0000000,129.2078882,119.6451643
8510,2,0.0000000,0.0000000,122.3700000,202.3000000
8510,3,0.0000000,0.0000000,322.5963687,215.6656289
8510,4,0.0000000,0.0000000,303.6615798,48.2263841
8510,5,0.0000000,0.0000000,123.0739357,19.9095845
8520,0,0.0000000,0.0000000,127.9112138,120.3992436
8520,2,0.0000000,0.0000000,122.3700000,202.3000000
8520,3,0.0000000,0.0000000,323.6319742,216.7507655
8520,4,0.0000000,0.0000000,305.1277483,48.5431646
8520,5,0.0000000,0.0000000,121.7078548,19.2900498
8530,0,0.0000000,0.0000000,129.2078882,119.6451643
8530,2,0.0000000,0.0000000,122.3700000,202.3000000
8530,3,0.0000000,0.0000000,322.5963687,215.6656289
8530,4,0.0000000,0.0000000,303.6615798,48.2263841
8530,5,0.0000000,0.0000000,123.0739357,19.9095845
8540,0,0.0000000,0.0000000,127.9112138,120.3992436
8540,2,0.0000000,0.0000000,122.3700000,202.3000000
8540,3,0.0000000,0.0000000,323.6319742,216.7507655
8540,4,0.0000000,0.0000000,305.1277483,48.5431646
8540,5,0.0000000,0.0000000,121.7078548,19.2900498
8550,0,0.0000000,0.0000000,129.2078882,119.6451643
8550,2,0.0000000,0.0000000,122.3700000,202.3000000
8550,3,0.0000000,0.0000000,322.5963687,215.6656289
8550,4,0.0000000,0.0000000,303.6615798,48.2263841
8550,5,0.0000000,0.0000000,123.0739357,19.9095845
8560,0,0.0000000,0.0000000,127.9112138,120.3992436
8560,2,0.0000000,0.0000000,122.3700000,202.3000000
8560,3,0.0000000,0.0000000,323.6319742,216.7507655
8560,4,0.0000000,0.0000000,305.1277483,48.5431646
8560,5,0.0000000,0.0000000,121.7078548,19.2900498
8570,0,0.0000000,0.0000000,129.2078882,119.6451643
8570,2,0.0000000,0.0000000,122.3700000,202.3000000
8570,3,0.0000000,0.0000000,322.5963687,215.6656289
8570,4,0.0000000,0.0000000,303.6615798,48.2263841
8570,5,0.0000000,0.0000000,123.0739357,19.9095845
8580,0,0.0000000,0.0000000,127.9112138,120.3992436
8580,2,0.0000000,0.0000000,122.3700000,202.3000000
8580,3,0.0000000,0.0000000,323.6319742,216.7507655
8580,4,0.0000000,0.0000000,305.1277483,48.5431646
8580,5,0.0000000,0.0000000,121.7078548,19.2900498
8590,0,0.0000000,0.0000000,129.2078882,119.6451643
8590,2,0.0000000,0.0000000,122.3700000,202.3000000
8590,3,0.0000000,0.0000000,322.5963687,215.6656289
8590,4,0.0000000,0.0000000,303.6615798,48.2263841
8590,5,0.0000000,0.0000000,123.0739357,19.9095845
8600,0,0.0000000,0.0000000,127.9112138,120.3992436
8600,2,0.0000000,0.0000000,122.3700000,202.3000000
8600,3,0.0000000,0.0000000,323.6319742,216.7507655
8600,4,0.0000000,0.0000000,305.1277483,48.5431646
8600,5,0.0000000,0.0000000,121.7078548,19.2900498
8610,0,0.0000000,0.0000000,129.2078882,119.6451643
8610,2,0.0000000,0.0000000,122.3700000,202.3000000
8610,3,0.0000000,0.0000000,322.5963687,215.6656289
8610,4,0.0000000,0.0000000,303.6615798,48.2263841
8610,5,0.0000000,0.0000000,123.0739357,19.9095845
8620,0,0.0000000,0.0000000,127.9112138,120.3992436
8620,2,0.0000000,0.0000000,122.3700000,202.3000000
8620,3,0.0000000,0.0000000,323.6319742,216.7507655
8620,4,0.0000000,0.0000000,305.1277483,48.5431646
8620,5,0.0000000,0.0000000,121.7078548,19.2900498
8630,0,0.0000000,0.0000000,129.2078882,119.6451643
8630,2,0.0000000,0.0000000,122.3700000,202.3000000
8630,3,0.0000000,0.0000000,322.5963687,215.6656289
8630,4,0.0000000,0.0000000,303.6615798,48.2263841
8630,5,0.0000000,0.0000000,123.0739357,19.9095845
8640,0,0.0000000,0.0000000,127.9112138,120.3992436
8640,2,0.0000000,0.0000000,122.3700000,202.3000000
8640,3,0.0000000,0.0000000,323.6319742,216.7507655
8640,4,0.0000000,0.0000000,305.1277483,48.5431646
8640,5,0.0000000,0.0000000,121.7078548,19.2900498
8650,0,0.0000000,0.0000000,129.2078882,119.6451643
8650,2,0.0000000,0.0000000,122.3700000,202.3000000
8650,3,0.0000000,0.0000000,322.5963687,215.6656289
8650,4,0.0000000,0.0000000,303.6615798,48.2263841
8650,5,0.0000000,0.0000000,123.0739357,19.9095845
8660,0,0.0000000,0.0000000,127.9112138,120.3992436
8660,2,0.0000000,0.0000000,122.3700000,202.3000000
8660,3,0.0000000,0.0000000,323.6319742,216.7507655
8660,4,0.0000000,0.0000000,305.1277483,48.5431646
8660,5,0.0000000,0.0000000,121.7078548,19.2900498
8670,0,0.0000000,0.0000000,129.2078882,119.6451643
8670,2,0.0000000,0.0000000,122.3700000,202.3000000
8670,3,0.0000000,0.0000000,322.5963687,215.6656289
8670,4,0.0000000,0.0000000,303.6615798,48.2263841
8670,5,0.0000000,0.0000000,123.0739357,19.9095845
8680,0,0.0000000,0.0000000,127.9112138,120.3992436
8680,2,0.0000000,0.0000000,122.3700000,202.3000000
8680,3,0.0000000,0.0000000,323.6319742,216.7507655
8680,4,0.0000000,0.0000000,305.1277483,48.5431646
8680,5,0.0000000,0.0000000,121.7078548,19.2900498
8690,0,0.0000000,0.0000000,129.2078882,119.6451643
8690,2,0.0000000,0.0000000,122.3700000,202.3000000
8690,3,0.0000000,0.0000000,322.5963687,215.6656289
8690,4,0.0000000,0.0000000,303.6615798,48.2263841
8690,5,0.0000000,0.0000000,123.0739357,19.9095845
8700,0,0.0000000,0.0000000,127.9112138,120.3992436
8700,2,0.0000000,0.0000000,122.3700000,202.3000000
8700,3,0.0000000,0.0000000,323.6319742,216.7507655
8700,4,0.0000000,0.0000000,305.1277483,48.5431646
8700,5,0.0000000,0.0000000,121.7078548,19.2900498
8710,0,0.0000000,0.0000000,129.2078882,119.6451643
8710,2,0.0000000,0.0000000,122.3700000,202.3000000
8710,3,0.0000000,0.0000000,322.5963687,215.6656289
8710,4,0.0000000,0.0000000,303.6615798,48.2263841
8710,5,0.0000000,0.0000000,123.0739357,19.9095845
8720,0,0.0000000,0.0000000,127.9112138,120.3992436
8720,2,0.0000000,0.0000000,122.3700000,202.3000000
8720,3,0.0000000,0.0000000,323.6319742,216.7507655
8720,4,0.0000000,0.0000000,305.1277483,48.5431646
8720,5,0.0000000,0.0000000,121.7078548,19.2900498
8730,0,0.0000000,0.0000000,129.2078882,119.6451643
8730,2,0.0000000,0.0000000,122.3700000,202.3000000
8730,3,0.0000000,0.0000000,322.5963687,215.6656289
8730,4,0.0000000,0.0000000,303.6615798,48.2263841
8730,5,0.0000000,0.0000000,123.0739357,19.9095845
8740,0,0.0000000,0.0000000,127.9112138,120.3992436
8740,2,0.0000000,0.0000000,122.3700000,202.3000000
8740,3,0.0000000,0.0000000,323.6319742,216.7507655
8740,4,0.0000000,0.0000000,305.1277483,48.5431646
8740,5,0.0000000,0.0000000,121.7078548,19.2900498
8750,0,0.0000000,0.0000000,129.2078882,119.6451643
8750,2,0.0000000,0.0000000,122.3700000,202.3000000
8750,3,0.0000000,0.0000000,322.5963687,215.6656289
8750,4,0.0000000,0.0000000,303.6615798,48.2263841
8750,5,0.0000000,0.0000000,123.0739357,19.9095845
8760,0,0.0000000,0.0000000,127.9112138,120.3992436
8760,2,0.0000000,0.0000000,122.3700000,202.3000000
8760,3,0.0000000,0.0000000,323.6319742,216.7507655
8760,4,0.0000000,0.0000000,305.1277483,48.5431646
8760,5,0.0000000,0.0000000,121.7078548,19.2900498
8770,0,0.0000000,0.0000000,129.2078882,119.6451643
8770,2,0.0000000,0.0000000,122.3700000,202.3000000
8770,3,0.0000000,0.0000000,322.5963687,215.6656289
8770,4,0.0000000,0.0000000,303.6615798,48.2263841
8770,5,0.0000000,0.0000000,123.0739357,19.9095845
8780,0,0.0000000,0.0000000,127.9112138,120.3992436
8780,2,0.0000000,0.0000000,122.3700000,202.3000000
8780,3,0.0000000,0.0000000,323.6319742,216.7507655
8780,4,0.0000000,0.0000000,305.1277483,48.5431646
8780,5,0.0000000,0.0000000,121.7078548,19.2900498
8790,0,0.0000000,0.0000000,129.2078882,119.6451643
8790,2,0.0000000,0.0000000,122.3700000,202.3000000
8790,3,0.0000000,0.0000000,322.5963687,215.6656289
8790,4,0.0000000,0.0000000,303.6615798,48.2263841
8790,5,0.0000000,0.0000000,123.0739357,19.9095845
8800,0,0.0000000,0.0000000,127.9112138,120.3992436
8800,2,0.0000000,0.0000000,122.3700000,202.3000000
8800,3,0.0000000,0.0000000,323.6319742,216.7507655
8800,4,0.0000000,0.0000000,305.1277483,48.5431646
8800,5,0.0000000,0.0000000,121.7078548,19.2900498
8810,0,0.0000000,0.0000000,129.2078882,119.6451643
8810,2,0.0000000,0.0000000,122.3700000,202.3000000
8810,3,0.0000000,0.0000000,322.5963687,215.6656289
8810,4,0.0000000,0.0000000,303.6615798,48.2263841
8810,5,0.0000000,0.0000000,123.0739357,19.9095845
8820,0,0.0000000,0.0000000,127.9112138,120.3992436
8820,2,0.0000000,0.0000000,122.3700000,202.3000000
8820,3,0.0000000,0.0000000,323.6319742,216.7507655
8820,4,0.0000000,0.0000000,305.1277483,48.5431646
8820,5,0.0000000,0.0000000,121.7078548,19.2900498
8830,0,0.0000000,0.0000000,129.2078882,119.6451643
8830,2,0.0000000,0.0000000,122.3700000,202.3000000
8830,3,0.0000000,0.0000000,322.5963687,215.6656289
8830,4,0.0000000,0.0000000,303.6615798,48.2263841
8830,5,0.0000000,0.0000000,123.0739357,19.9095845
8840,0,0.0000000,0.0000000,127.9112138,120.3992436
8840,2,0.0000000,0.0000000,122.3700000,202.3000000
8840,3,0.0000000,0.0000000,323.6319742,216.7507655
8840,4,0.0000000,0.0000000,305.1277483,48.5431646
8840,5,0.0000000,0.0000000,121.7078548,19.2900498
8850,0,0.0000000,0.0000000,129.2078882,119.6451643
8850,2,0.0000000,0.0000000,122.3700000,202.3000000
8850,3,0.0000000,0.0000000,322.5963687,215.6656289
8850,4,0.0000000,0.0000000,303.6615798,48.2263841
8850,5,0.0000000,0.0000000,123.0739357,19.9095845
8860,0,0.0000000,0.0000000,127.9112138,120.3992436
8860,2,0.0000000,0.0000000,122.3700000,202.3000000
8860,3,0.0000000,0.0000000,323.6319742,216.7507655
8860,4,0.0000000,0.0000000,305.1277483,48.5431646
8860,5,0.0000000,0.0000000,121.7078548,19.2900498
8870,0,0.0000000,0.0000000,129.2078882,119.6451643
8870,2,0.0000000,0.0000000,122.3700000,202.3000000
8870,3,0.0000000,0.0000000,322.5963687,215.6656289
8870,4,0.0000000,0.0000000,303.6615798,48.2263841
8870,5,0.0000000,0.0000000,123.0739357,19.9095845
8880,0,0.0000000,0.0000000,127.9112138,120.3992436
8880,2,0.0000000,0.0000000,122.3700000,202.3000000
8880,3,0.0000000,0.0000000,323.6319742,216.7507655
8880,4,0.0000000,0.0000000,305.1277483,48.5431646
8880,5,0.0000000,0.0000000,121.7078548,19.2900498
8890,0,0.0000000,0.0000000,129.2078882,119.6451643
8890,2,0.0000000,0.0000000,122.3700000,202.3000000
8890,3,0.0000000,0.0000000,322.5963687,215.6656289
8890,4,0.0000000,0.0000000,303.6615798,48.2263841
8890,5,0.0000000,0.0000000,123.0739357,19.9095845
8900,0,0.0000000,0.0000000,127.9112138,120.3992436
8900,2,0.0000000,0.0000000,122.3700000,202.3000000
8900,3,0.0000000,0.0000000,323.6319742,216.7507655
8900,4,0.0000000,0.0000000,305.1277483,48.5431646
8900,5,0.0000000,0.0000000,121.7078548,19.2900498
8910,0,0.0000000,0.0000000,129.2078882,119.6451643
8910,2,0.0000000,0.0000000,122.3700000,202.3000000
8910,3,0.0000000,0.0000000,322.5963687,215.6656289
8910,4,0.0000000,0.0000000,303.6615798,48.2263841
8910,5,0.0000000,0.0000000,123.0739357,19.9095845
8920,0,0.0000000,0.0000000,127.9112138,120.3992436
8920,2,0.0000000,0.0000000,122.3700000,202.3000000
8920,3,0.0000000,0.0000000,323.6319742,216.7507655
8920,4,0.0000000,0.0000000,305.1277483,48.5431646
8920,5,0.0000000,0.0000000,121.7078548,19.2900498
8930,0,0.0000000,0.0000000,129.2078882,119.6451643
8930,2,0.0000000,0.0000000,122.3700000,202.3000000
8930,3,0.0000000,0.0000000,322.5963687,215.6656289
8930,4,0.0000000,0.0000000,303.6615798,48.2263841
8930,5,0.0000000,0.0000000,123.0739357,19.9095845
8940,0,0.0000000,0.0000000,127.9112138,120.3992436
8940,2,0.0000000,0.0000000,122.3700000,202.3000000
8940,3,0.0000000,0.0000000,323.6319742,216.7507655
8940,4,0.0000000,0.0000000,305.1277483,48.5431646
8940,5,0.0000000,0.0000000,121.7078548,19.2900498
8950,0,0.0000000,0.0000000,129.2078882,119.6451643
8950,2,0.0000000,0.0000000,122.3700000,202.3000000
8950,3,0.0000000,0.0000000,322.5963687,215.6656289
8950,4,0.0000000,0.0000000,303.6615798,48.2263841
8950,5,0.0000000,0.0000000,123.0739357,19.9095845
8960,0,0.0000000,0.0000000,127.9112138,120.3992436
8960,2,0.0000000,0.0000000,122.3700000,202.3000000
8960,3,0.0000000,0.0000000,323.6319742,216.7507655
8960,4,0.0000000,0.0000000,305.1277483,48.5431646
8960,5,0.0000000,0.0000000,121.7078548,19.2900498
8970,0,0.0000000,0.0000000,129.2078882,119.6451643
8970,2,0.0000000,0.0000000,122.3700000,202.3000000
8970,3,0.0000000,0.0000000,322.5963687,215.6656289
8970,4,0.0000000,0.0000000,303.6615798,48.2263841
8970,5,0.0000000,0.0000000,123.0739357,19.9095845
8980,0,0.0000000,0.0000000,127.9112138,120.3992436
8980,2,0.0000000,0.0000000,122.3700000,202.3000000
8980,3,0.0000000,0.0000000,323.6319742,216.7507655
8980,4,0.0000000,0.0000000,305.1277483,48.5431646
8980,5,0.0000000,0.0000000,121.7078548,19.2900498
8990,0,0.0000000,0.0000000,129.2078882,119.6451643
8990,2,0.0000000,0.0000000,122.3700000,202.3000000
8990,3,0.0000000,0.0000000,322.5963687,215.6656289
8990,4,0.0000000,0.0000000,303.6615798,48.2263841
8990,5,0.0000000,0.0000000,123.0739357,19.9095845
9000,0,0.0000000,0.0000000,127.9112138,120.3992436
9000,2,0.0000000,0.0000000,122.3700000,202.3000000
9000,3,0.0000000,0.0000000,323.6319742,216.7507655
9000,4,0.0000000,0.0000000,305.1277483,48.5431646
9000,5,0.0000000,0.0000000,121.7078548,19.2900498
9010,0,0.0000000,0.0000000,129.0738897,121.3469697
9010,2,0.0000000,0.0000000,122.3700000,202.3000000
9010,3,0.0000000,0.0000000,322.5963687,215.6656289
9010,4,0.0000000,0.0000000,303.6615798,48.2263841
9010,5,0.0000000,0.0000000,123.0739357,19.9095845
9020,0,0.0000000,0.0000000,130.2365656,122.2946958
9020,2,0.0000000,0.0000000,122.3700000,202.3000000
9020,3,0.0000000,0.0000000,323.6319742,216.7507655
9020,4,0.0000000,0.0000000,305.1277483,48.5431646
9020,5,0.0000000,0.0000000,121.7078548,19.2900498
9030,0,0.0000000,0.0000000,131.3992415,123.2424220
9030,2,0.0000000,0.0000000,122.3700000,202.3000000
9030,3,0.0000000,0.0000000,322.5963687,215.6656289
9030,4,0.0000000,0.0000000,303.6615798,48.2263841
9030,5,0.0000000,0.0000000,123.0739357,19.9095845
9040,0,0.0000000,0.0000000,132.5619174,124.1901481
9040,2,0.0000000,0.0000000,122.3700000,202.3000000
9040,3,0.0000000,0.0000000,323.6319742,216.7507655
9040,4,0.0000000,0.0000000,305.1277483,48.5431646
9040,5,0.0000000,0.0000000,121.7078548,19.2900498
9050,0,0.0000000,0.0000000,133.7245933,125.1378742
9050,2,0.0000000,0.0000000,122.3700000,202.3000000
9050,3,0.0000000,0.0000000,322.5963687,215.6656289
9050,4,0.0000000,0.0000000,303.6615798,48.2263841
9050,5,0.0000000,0.0000000,123.0739357,19.9095845
9060,0,0.0000000,0.0000000,134.8872692,126.0856003
9060,2,0.0000000,0.0000000,122.3700000,202.3000000
9060,3,0.0000000,0.0000000,323.6319742,216.7507655
9060,4,0.0000000,0.0000000,305.1277483,48.5431646
9060,5,0.0000000,0.0000000,121.7078548,19.2900498
9070,0,0.0000000,0.0000000,136.0499450,127.0333264
9070,2,0.0000000,0.0000000,122.3700000,202.3000000
9070,3,0.0000000,0.0000000,322.5963687,215.6656289
9070,4,0.0000000,0.0000000,303.6615798,48.2263841
9070,5,0.0000000,0.0000000,123.0739357,19.9095845
9080,0,0.0000000,0.0000000,137.2126209,127.9810525
9080,2,0.0000000,0.0000000,122.3700000,202.3000000
9080,3,0.0000000,0.0000000,323.6319742,216.7507655
9080,4,0.0000000,0.0000000,305.1277483,48.5431646
9080,5,0.0000000,0.0000000,121.7078548,19.2900498
9090,0,0.0000000,0.0000000,138.3752968,128.9287786
9090,2,0.0000000,0.0000000,122.3700000,202.3000000
9090,3,0.0000000,0.0000000,322.5963687,215.6656289
9090,4,0.0000000,0.0000000,303.6615798,48.2263841
9090,5,0.0000000,0.0000000,123.0739357,19.9095845
9100,0,0.0000000,0.0000000,139.5379727,129.8765048
9100,2,0.0000000,0.0000000,122.3700000,202.3000000
9100,3,0.0000000,0.0000000,323.6319742,216.7507655
9100,4,0.0000000,0.0000000,305.1277483,48.5431646
9100,5,0.0000000,0.0000000,121.7078548,19.2900498
9110,0,0.0000000,0.0000000,140.7006486,130.8242309
9110,2,0.0000000,0.0000000,122.3700000,202.3000000
9110,3,0.0000000,0.0000000,322.5963687,215.6656289
9110,4,0.0000000,0.0000000,303.6615798,48.2263841
9110,5,0.0000000,0.0000000,123.0739357,19.9095845
9120,0,0.0000000,0.0000000,141.8633245,131.7719570
9120,2,0.0000000,0.0000000,122.3700000,202.3000000
9120,3,0.0000000,0.0000000,323.6319742,216.7507655
9120,4,0.0000000,0.0000000,305.1277483,48.5431646
9120,5,0.0000000,0.0000000,121.7078548,19.2900498
9130,0,0.0000000,0.0000000,143.0260004,132.7196831
9130,2,0.0000000,0.0000000,122.3700000,202.3000000
9130,3,0.0000000,0.0000000,322.5963687,215.6656289
9130,4,0.0000000,0.0000000,303.6615798,48.2263841
9130,5,0.0000000,0.0000000,123.0739357,19.9095845
9140,0,0.0000000,0.0000000,144.1886762,133.6674092
9140,2,0.0000000,0.0000000,122.3700000,202.3000000
9140,3,0.0000000,0.0000000,323.6319742,216.7507655
9140,4,0.0000000,0.0000000,305.1277483,48.5431646
9140,5,0.0000000,0.0000000,121.7078548,19.2900498
9150,0,0.0000000,0.0000000,145.3513521,134.6151353
9150,2,0.0000000,0.0000000,122.3700000,202.3000000
9150,3,0.0000000,0.0000000,322.5963687,215.6656289
9150,4,0.0000000,0.0000000,303.6615798,48.2263841
9150,5,0.0000000,0.0000000,123.0739357,19.9095845
9160,0,0.0000000,0.0000000,146.5140280,135.5628614
9160,2,0.0000000,0.0000000,122.3700000,202.3000000
9160,3,0.0000000,0.0000000,323.6319742,216.7507655
9160,4,0.0000000,0.0000000,305.1277483,48.5431646
9160,5,0.0000000,0.0000000,121.7078548,19.2900498
9170,0,0.0000000,0.0000000,147.6767039,136.5105875
9170,2,0.0000000,0.0000000,122.3700000,202.3000000
9170,3,0.0000000,0.0000000,322.5963687,215.6656289
9170,4,0.0000000,0.0000000,303.6615798,48.2263841
9170,5,0.0000000,0.0000000,123.0739357,19.9095845
9180,0,0.0000000,0.0000000,148.8393798,137.4583137
9180,2,0.0000000,0.0000000,122.3700000,202.3000000
9180,3,0.0000000,0.0000000,323.6319742,216.7507655
9180,4,0.0000000,0.0000000,305.1277483,48.5431646
9180,5,0.0000000,0.0000000,121.7078548,19.2900498
9190,0,0.0000000,0.0000000,150.0020557,138.4060398
9190,2,0.0000000,0.0000000,122.3700000,202.3000000
9190,3,0.0000000,0.0000000,322.5963687,215.6656289
9190,4,0.0000000,0.0000000,303.6615798,48.2263841
9190,5,0.0000000,0.0000000,123.0739357,19.9095845
9200,0,0.0000000,0.0000000,151.1647316,139.3537659
9200,2,0.0000000,0.0000000,122.3700000,202.3000000
9200,3,0.0000000,0.0000000,323.6319742,216.7507655
9200,4,0.0000000,0.0000000,305.1277483,48.5431646
9200,5,0.0000000,0.0000000,121.7078548,19.2900498
9210,0,0.0000000,0.0000000,152.3274074,140.3014920
9210,2,0.0000000,0.0000000,122.3700000,202.3000000
9210,3,0.0000000,0.0000000,322.5963687,215.6656289
9210,4,0.0000000,0.0000000,303.6615798,48.2263841
9210,5,0.0000000,0.0000000,123.0739357,19.9095845
9220,0,0.0000000,0.0000000,153.4900833,141.2492181
9220,2,0.0000000,0.0000000,122.3700000,202.3000000
9220,3,0.0000000,0.0000000,323.6319742,216.7507655
9220,4,0.0000000,0.0000000,305.1277483,48.5431646
9220,5,0.0000000,0.0000000,121.7078548,19.2900498
9230,0,0.0000000,0.0000000,154.6527592,142.1969442
9230,2,0.0000000,0.0000000,122.3700000,202.3000000
9230,3,0.0000000,0.0000000,322.5963687,215.6656289
9230,4,0.0000000,0.0000000,303.6615798,48.2263841
9230,5,0.0000000,0.0000000,123.0739357,19.9095845
9240,0,0.0000000,0.0000000,155.8154351,143.1446703
9240,2,0.0000000,0.0000000,122.3700000,202.3000000
9240,3,0.0000000,0.0000000,323.6319742,216.7507655
9240,4,0.0000000,0.0000000,305.1277483,48.5431646
9240,5,0.0000000,0.0000000,121.7078548,19.2900498
9250,0,0.0000000,0.0000000,156.9781110,144.0923964
9250,2,0.0000000,0.0000000,122.3700000,202.3000000
9250,3,0.0000000,0.0000000,322.5963687,215.6656289
9250,4,0.0000000,0.0000000,303.6615798,48.2263841
9250,5,0.0000000,0.0000000,123.0739357,19.9095845
9260,0,0.0000000,0.0000000,158.1407869,145.0401226
9260,2,0.0000000,0.0000000,122.3700000,202.3000000
9260,3,0.0000000,0.0000000,323.6319742,216.7507655
9260,4,0.0000000,0.0000000,305.1277483,48.5431646
9260,5,0.0000000,0.0000000,121.7078548,19.2900498
9270,0,0.0000000,0.0000000,159.3034628,145.9878487
9270,2,0.0000000,0.0000000,122.3700000,202.3000000
9270,3,0.0000000,0.0000000,322.5963687,215.6656289
9270,4,0.0000000,0.0000000,303.6615798,48.2263841
9270,5,0.0000000,0.0000000,123.0739357,19.9095845
9280,0,0.0000000,0.0000000,160.4661386,146.9355748
9280,2,0.0000000,0.0000000,122.3700000,202.3000000
9280,3,0.0000000,0.0000000,323.6319742,216.7507655
9280,4,0.0000000,0.0000000,305.1277483,48.5431646
9280,5,0.0000000,0.0000000,121.7078548,19.2900498
9290,0,0.0000000,0.0000000,161.6288145,147.8833009
9290,2,0.0000000,0.0000000,122.3700000,202.3000000
9290,3,0.0000000,0.0000000,322.5963687,215.6656289
9290,4,0.0000000,0.0000000,303.6615798,48.2263841
9290,5,0.0000000,0.0000000,123.0739357,19.9095845
9300,0,0.0000000,0.0000000,162.7914904,148.8310270
9300,2,0.0000000,0.0000000,122.3700000,202.3000000
9300,3,0.0000000,0.0000000,323.6319742,216.7507655
9300,4,0.0000000,0.0000000,305.1277483,48.5431646
9300,5,0.0000000,0.0000000,121.7078548,19.2900498
9310,0,0.0000000,0.0000000,163.9541663,149.7787531
9310,2,0.0000000,0.0000000,122.3700000,202.3000000
9310,3,0.0000000,0.0000000,322.5963687,215.6656289
9310,4,0.0000000,0.0000000,303.6615798,48.2263841
9310,5,0.0000000,0.0000000,123.0739357,19.9095845
9320,0,0.0000000,0.0000000,165.1168422,150.7264792
9320,2,0.0000000,0.0000000,122.3700000,202.3000000
9320,3,0.0000000,0.0000000,323.6319742,216.7507655
9320,4,0.0000000,0.0000000,305.1277483,48.5431646
9320,5,0.0000000,0.0000000,121.7078548,19.2900498
9330,0,0.0000000,0.0000000,166.2795181,151.6742054
9330,2,0.0000000,0.0000000,122.3700000,202.3000000
9330,3,0.0000000,0.0000000,322.5963687,215.6656289
9330,4,0.0000000,0.0000000,303.6615798,48.2263841
9330,5,0.0000000,0.0000000,123.0739357,19.9095845
9340,0,0.0000000,0.0000000,167.4421940,152.6219315
9340,2,0.0000000,0.0000000,122.3700000,202.3000000
9340,3,0.0000000,0.0000000,323.6319742,216.7507655
9340,4,0.0000000,0.0000000,305.1277483,48.5431646
9340,5,0.0000000,0.0000000,121.7078548,19.2900498
9350,0,0.0000000,0.0000000,168.6048698,153.5696576
9350,2,0.0000000,0.0000000,122.3700000,202.3000000
9350,3,0.0000000,0.0000000,322.5963687,215.6656289
9350,4,0.0000000,0.0000000,303.6615798,48.2263841
9350,5,0.0000000,0.0000000,123.0739357,19.9095845
9360,0,0.0000000,0.0000000,169.7675457,154.5173837
9360,2,0.0000000,0.0000000,122.3700000,202.3000000
9360,3,0.0000000,0.0000000,323.6319742,216.7507655
9360,4,0.0000000,0.0000000,305.1277483,48.5431646
9360,5,0.0000000,0.0000000,121.7078548,19.2900498
9370,0,0.0000000,0.0000000,170.9302216,155.4651098
9370,2,0.0000000,0.0000000,122.3700000,202.3000000
9370,3,0.0000000,0.0000000,322.5963687,215.6656289
9370,4,0.0000000,0.0000000,303.6615798,48.2263841
9370,5,0.0000000,0.0000000,123.0739357,19.9095845
9380,0,0.0000000,0.0000000,172.0928975,156.4128359
9380,2,0.0000000,0.0000000,122.3700000,202.3000000
9380,3,0.0000000,0.0000000,323.6319742,216.7507655
9380,4,0.0000000,0.0000000,305.1277483,48.5431646
9380,5,0.0000000,0.0000000,121.7078548,19.2900498
9390,0,0.0000000,0.0000000,173.2555734,157.3605620
9390,2,0.0000000,0.0000000,122.3700000,202.3000000
9390,3,0.0000000,0.0000000,322.5963687,215.6656289
9390,4,0.0000000,0.0000000,303.6615798,48.2263841
9390,5,0.0000000,0.0000000,123.0739357,19.9095845
9400,0,0.0000000,0.0000000,174.4182493,158.3082881
9400,2,0.0000000,0.0000000,122.3700000,202.3000000
9400,3,0.0000000,0.0000000,323.6319742,216.7507655
9400,4,0.0000000,0.0000000,305.1277483,48.5431646
9400,5,0.0000000,0.0000000,121.7078548,19.2900498
9410,0,0.0000000,0.0000000,175.5809251,159.2560143
9410,2,0.0000000,0.0000000,122.3700000,202.3000000
9410,3,0.0000000,0.0000000,322.5963687,215.6656289
9410,4,0.0000000,0.0000000,303.6615798,48.2263841
9410,5,0.0000000,0.0000000,123.0739357,19.9095845
9420,0,0.0000000,0.0000000,176.7436010,160.2037404
9420,2,0.0000000,0.0000000,122.3700000,202.3000000
9420,3,0.0000000,0.0000000,323.6319742,216.7507655
9420,4,0.0000000,0.0000000,305.1277483,48.5431646
9420,5,0.0000000,0.0000000,121.7078548,19.2900498
9430,0,0.0000000,0.0000000,177.9062769,161.1514665
9430,2,0.0000000,0.0000000,122.3700000,202.3000000
9430,3,0.0000000,0.0000000,322.5963687,215.6656289
9430,4,0.0000000,0.0000000,303.6615798,48.2263841
9430,5,0.0000000,0.0000000,123.0739357,19.9095845
9440,0,0.0000000,0.0000000,179.0689528,162.0991926
9440,2,0.0000000,0.0000000,122.3700000,202.3000000
9440,3,0.0000000,0.0000000,323.6319742,216.7507655
9440,4,0.0000000,0.0000000,305.1277483,48.5431646
9440,5,0.0000000,0.0000000,121.7078548,19.2900498
9450,0,0.0000000,0.0000000,180.2316287,163.0469187
9450,2,0.0000000,0.0000000,122.3700000,202.3000000
9450,3,0.0000000,0.0000000,322.5963687,215.6656289
9450,4,0.0000000,0.0000000,303.6615798,48.2263841
9450,5,0.0000000,0.0000000,123.0739357,19.9095845
9460,0,0.0000000,0.0000000,181.3943046,163.9946448
9460,2,0.0000000,0.0000000,122.3700000,202.3000000
9460,3,0.0000000,0.0000000,323.6319742,216.7507655
9460,4,0.0000000,0.0000000,305.1277483,48.5431646
9460,5,0.0000000,0.0000000,121.7078548,19.2900498
9470,0,0.0000000,0.0000000,182.5569805,164.9423709
9470,2,0.0000000,0.0000000,122.3700000,202.3000000
9470,3,0.0000000,0.0000000,322.5963687,215.6656289
9470,4,0.0000000,0.0000000,303.6615798,48.2263841
9470,5,0.0000000,0.0000000,123.0739357,19.9095845
9480,0,0.0000000,0.0000000,183.7196563,165.8900970
9480,2,0.0000000,0.0000000,122.3700000,202.3000000
9480,3,0.0000000,0.0000000,323.6319742,216.7507655
9480,4,0.0000000,0.0000000,305.1277483,48.5431646
9480,5,0.0000000,0.0000000,121.7078548,19.2900498
9490,0,0.0000000,0.0000000,184.8823322,166.8378232
9490,2,0.0000000,0.0000000,122.3700000,202.3000000
9490,3,0.0000000,0.0000000,322.5963687,215.6656289
9490,4,0.0000000,0.0000000,303.6615798,48.2263841
9490,5,0.0000000,0.0000000,123.0739357,19.9095845
9500,0,0.0000000,0.0000000,186.0450081,167.7855493
9500,2,0.0000000,0.0000000,122.3700000,202.3000000
9500,3,0.0000000,0.0000000,323.6319742,216.7507655
9500,4,0.0000000,0.0000000,305.1277483,48.5431646
9500,5,0.0000000,0.0000000,121.7078548,19.2900498
9510,0,0.0000000,0.0000000,187.2076840,168.7332754
9510,2,0.0000000,0.0000000,122.3700000,202.3000000
9510,3,0.0000000,0.0000000,322.5963687,215.6656289
9510,4,0.0000000,0.0000000,303.6615798,48.2263841
9510,5,0.0000000,0.0000000,123.0739357,19.9095845
9520,0,0.0000000,0.0000000,188.3703599,169.6810015
9520,2,0.0000000,0.0000000,122.3700000,202.3000000
9520,3,0.0000000,0.0000000,323.6319742,216.7507655
9520,4,0.0000000,0.0000000,305.1277483,48.5431646
9520,5,0.0000000,0.0000000,121.7078548,19.2900498
9530,0,0.0000000,0.0000000,189.5330358,170.6287276
9530,2,0.0000000,0.0000000,122.3700000,202.3000000
9530,3,0.0000000,0.0000000,322.5963687,215.6656289
9530,4,0.0000000,0.0000000,303.6615798,48.2263841
9530,5,0.0000000,0.0000000,123.0739357,19.9095845
9540,0,0.0000000,0.0000000,190.6957117,171.5764537
9540,2,0.0000000,0.0000000,122.3700000,202.3000000
9540,3,0.0000000,0.0000000,323.6319742,216.7507655
9540,4,0.0000000,0.0000000,305.1277483,48.5431646
9540,5,0.0000000,0.0000000,121.7078548,19.2900498
9550,0,0.0000000,0.0000000,191.8583875,172.5241798
9550,2,0.0000000,0.0000000,122.3700000,202.3000000
9550,3,0.0000000,0.0000000,322.5963687,215.6656289
9550,4,0.0000000,0.0000000,303.6615798,48.2263841
9550,5,0.0000000,0.0000000,123.0739357,19.9095845
9560,0,0.0000000,0.0000000,193.0210634,173.4719060
9560,2,0.0000000,0.0000000,122.3700000,202.3000000
9560,3,0.0000000,0.0000000,323.6319742,216.7507655
9560,4,0.0000000,0.0000000,305.1277483,48.5431646
9560,5,0.0000000,0.0000000,121.7078548,19.2900498
9570,0,0.0000000,0.0000000,194.1837393,174.4196321
9570,2,0.0000000,0.0000000,122.3700000,202.3000000
9570,3,0.0000000,0.0000000,322.5963687,215.6656289
9570,4,0.0000000,0.0000000,303.6615798,48.2263841
9570,5,0.0000000,0.0000000,123.0739357,19.9095845
9580,0,0.0000000,0.0000000,195.3464152,175.3673582
9580,2,0.0000000,0.0000000,122.3700000,202.3000000
9580,3,0.0000000,0.0000000,323.6319742,216.7507655
9580,4,0.0000000,0.0000000,305.1277483,48.5431646
9580,5,0.0000000,0.0000000,121.7078548,19.2900498
9590,0,0.0000000,0.0000000,196.5090911,176.3150843
9590,2,0.0000000,0.0000000,122.3700000,202.3000000
9590,3,0.0000000,0.0000000,322.5963687,215.6656289
9590,4,0.0000000,0.0000000,303.6615798,48.2263841
9590,5,0.0000000,0.0000000,123.0739357,19.9095845
9600,0,0.0000000,0.0000000,197.6717670,177.2628104
9600,2,0.0000000,0.0000000,122.3700000,202.3000000
9600,3,0.0000000,0.0000000,323.6319742,216.7507655
9600,4,0.0000000,0.0000000,305.1277483,48.5431646
9600,5,0.0000000,0.0000000,121.7078548,19.2900498
9610,0,0.0000000,0.0000000,198.8344429,178.2105365
9610,2,0.0000000,0.0000000,122.3700000,202.3000000
9610,3,0.0000000,0.0000000,322.5963687,215.6656289
9610,4,0.0000000,0.0000000,303.6615798,48.2263841
9610,5,0.0000000,0.0000000,123.0739357,19.9095845
9620,0,0.0000000,0.0000000,199.9971187,179.1582626
9620,2,0.0000000,0.0000000,122.3700000,202.3000000
9620,3,0.0000000,0.0000000,323.6319742,216.7507655
9620,4,0.0000000,0.0000000,305.1277483,48.5431646
9620,5,0.0000000,0.0000000,121.7078548,19.2900498
9630,0,0.0000000,0.0000000,201.1597946,180.1059887
9630,2,0.0000000,0.0000000,122.3700000,202.3000000
9630,3,0.0000000,0.0000000,322.5963687,215.6656289
9630,4,0.0000000,0.0000000,303.6615798,48.2263841
9630,5,0.0000000,0.0000000,123.0739357,19.9095845
9640,0,0.0000000,0.0000000,202.3224705,181.0537149
9640,2,0.0000000,0.0000000,122.3700000,202.3000000
9640,3,0.0000000,0.0000000,323.6319742,216.7507655
9640,4,0.0000000,0.0000000,305.1277483,48.5431646
9640,5,0.0000000,0.0000000,121.7078548,19.2900498
9650,0,0.0000000,0.0000000,203.4851464,182.0014410
9650,2,0.0000000,0.0000000,122.3700000,202.3000000
9650,3,0.0000000,0.0000000,322.5963687,215.6656289
9650,4,0.0000000,0.0000000,303.6615798,48.2263841
9650,5,0.0000000,0.0000000,123.0739357,19.9095845
9660,0,0.0000000,0.0000000,204.6478223,182.9491671
9660,2,0.0000000,0.0000000,122.3700000,202.3000000
9660,3,0.0000000,0.0000000,323.6319742,216.7507655
9660,4,0.0000000,0.0000000,305.1277483,48.5431646
9660,5,0.0000000,0.0000000,121.7078548,19.2900498
9670,0,0.0000000,0.0000000,205.8104982,183.8968932
9670,2,0.0000000,0.0000000,122.3700000,202.3000000
9670,3,0.0000000,0.0000000,322.5963687,215.6656289
9670,4,0.0000000,0.0000000,303.6615798,48.2263841
9670,5,0.0000000,0.0000000,123.0739357,19.9095845
9680,0,0.0000000,0.0000000,206.9731741,184.8446193
9680,2,0.0000000,0.0000000,122.3700000,202.3000000
9680,3,0.0000000,0.0000000,323.6319742,216.7507655
9680,4,0.0000000,0.0000000,305.1277483,48.5431646
9680,5,0.0000000,0.0000000,121.7078548,19.2900498
9690,0,0.0000000,0.0000000,208.1358499,185.7923454
9690,2,0.0000000,0.0000000,122.3700000,202.3000000
9690,3,0.0000000,0.0000000,322.5963687,215.6656289
9690,4,0.0000000,0.0000000,303.6615798,48.2263841
9690,5,0.0000000,0.0000000,123.0739357,19.9095845
9700,0,0.0000000,0.0000000,209.2985258,186.7400715
9700,2,0.0000000,0.0000000,122.3700000,202.3000000
9700,3,0.0000000,0.0000000,323.6319742,216.7507655
9700,4,0.0000000,0.0000000,305.1277483,48.5431646
9700,5,0.0000000,0.0000000,121.7078548,19.2900498
9710,0,0.0000000,0.0000000,210.4612017,187.6877976
9710,2,0.0000000,0.0000000,122.3700000,202.3000000
9710,3,0.0000000,0.0000000,322.5963687,215.6656289
9710,4,0.0000000,0.0000000,303.6615798,48.2263841
9710,5,0.0000000,0.0000000,123.0739357,19.9095845
9720,0,0.0000000,0.0000000,211.6238776,188.6355238
9720,2,0.0000000,0.0000000,122.3700000,202.3000000
9720,3,0.0000000,0.0000000,323.6319742,216.7507655
9720,4,0.0000000,0.0000000,305.1277483,48.5431646
9720,5,0.0000000,0.0000000,121.7078548,19.2900498
9730,0,0.0000000,0.0000000,212.7865535,189.5832499
9730,2,0.0000000,0.0000000,122.3700000,202.3000000
9730,3,0.0000000,0.0000000,322.5963687,215.6656289
9730,4,0.0000000,0.0000000,303.6615798,48.2263841
9730,5,0.0000000,0.0000000,123.0739357,19.9095845
9740,0,0.0000000,0.0000000,213.9492294,190.5309760
9740,2,0.0000000,0.0000000,122.3700000,202.3000000
9740,3,0.0000000,0.0000000,323.6319742,216.7507655
9740,4,0.0000000,0.0000000,305.1277483,48.5431646
9740,5,0.0000000,0.0000000,121.7078548,19.2900498
9750,0,0.0000000,0.0000000,215.1119053,191.4787021
9750,2,0.0000000,0.0000000,122.3700000,202.3000000
9750,3,0.0000000,0.0000000,322.5963687,215.6656289
9750,4,0.0000000,0.0000000,303.6615798,48.2263841
9750,5,0.0000000,0.0000000,123.0739357,19.9095845
9760,0,0.0000000,0.0000000,216.2745811,192.4264282
9760,2,0.0000000,0.0000000,122.3700000,202.3000000
9760,3,0.0000000,0.0000000,323.6319742,216.7507655
9760,4,0.0000000,0.0000000,305.1277483,48.5431646
9760,5,0.0000000,0.0000000,121.7078548,19.2900498
9770,0,0.0000000,0.0000000,217.4372570,193.3741543
9770,2,0.0000000,0.0000000,122.3700000,202.3000000
9770,3,0.0000000,0.0000000,322.5963687,215.6656289
9770,4,0.0000000,0.0000000,303.6615798,48.2263841
9770,5,0.0000000,0.0000000,123.0739357,19.9095845
9780,0,0.0000000,0.0000000,218.5999329,194.3218804
9780,2,0.0000000,0.0000000,122.3700000,202.3000000
9780,3,0.0000000,0.0000000,323.6319742,216.7507655
9780,4,0.0000000,0.0000000,305.1277483,48.5431646
9780,5,0.0000000,0.0000000,121.7078548,19.2900498
9790,0,0.0000000,0.0000000,219.7626088,195.2696066
9790,2,0.0000000,0.0000000,122.3700000,202.3000000
9790,3,0.0000000,0.0000000,322.5963687,215.6656289
9790,4,0.0000000,0.0000000,303.6615798,48.2263841
9790,5,0.0000000,0.0000000,123.0739357,19.9095845
9800,0,0.0000000,0.0000000,220.9252847,196.2173327
9800,2,0.0000000,0.0000000,122.3700000,202.3000000
9800,3,0.0000000,0.0000000,323.6319742,216.7507655
9800,4,0.0000000,0.0000000,305.1277483,48.5431646
9800,5,0.0000000,0.0000000,121.7078548,19.2900498
9810,0,0.0000000,0.0000000,219.7626088,195.2696066
9810,2,0.0000000,0.0000000,122.3700000,202.3000000
9810,3,0.0000000,0.0000000,322.5963687,215.6656289
9810,4,0.0000000,0.0000000,303.6615798,48.2263841
9810,5,0.0000000,0.0000000,123.0739357,19.9095845
9820,0,0.0000000,0.0000000,220.9252847,196.2173327
9820,2,0.0000000,0.0000000,122.3700000,202.3000000
9820,3,0.0000000,0.0000000,323.6319742,216.7507655
9820,4,0.0000000,0.0000000,305.1277483,48.5431646
9820,5,0.0000000,0.0000000,121.7078548,19.2900498
