frame,robot_id,sim_x,sim_y,real_x,real_y
0,0,0.0000000,0.0000000,224.3300000,191.3300000
0,2,0.0000000,0.0000000,128.3300000,197.3300000
0,3,0.0000000,0.0000000,340.6700000,218.3300000
0,4,0.0000000,0.0000000,340.3300000,30.3300000
0,5,0.0000000,0.0000000,126.0000000,24.0000000
10000,0,0.0000000,0.0000000,223.9852716,190.4020407
10000,2,0.0000000,0.0000000,129.1160996,196.7283410
10000,3,0.0000000,0.0000000,340.3862996,217.3816012
10000,4,0.0000000,0.0000000,339.5840181,30.9807359
10000,5,0.0000000,0.0000000,126.7398772,24.6576686
2000,0,0.0000000,0.0000000,223.6370692,189.4647297
2000,2,0.0000000,0.0000000,129.9101213,196.1206187
2000,3,0.0000000,0.0000000,340.0997402,216.4236447
2000,4,0.0000000,0.0000000,338.8305184,31.6380296
2000,5,0.0000000,0.0000000,127.4872106,25.3219649
3000,0,0.0000000,0.0000000,223.2888317,188.5273244
3000,2,0.0000000,0.0000000,130.7042228,195.5128352
3000,3,0.0000000,0.0000000,339.8131520,215.4655919
3000,4,0.0000000,0.0000000,338.0769429,32.2953895
3000,5,0.0000000,0.0000000,128.2346191,25.9863281
4000,0,0.0000000,0.0000000,222.9405939,187.5899182
4000,2,0.0000000,0.0000000,131.4983252,194.9050512
4000,3,0.0000000,0.0000000,339.5265635,214.5075382
4000,4,0.0000000,0.0000000,337.3233667,32.9527500
4000,5,0.0000000,0.0000000,128.9820284,26.6506919
5000,0,0.0000000,0.0000000,222.5923561,186.6525120
5000,2,0.0000000,0.0000000,132.2924275,194.2972671
5000,3,0.0000000,0.0000000,339.2399750,213.5494844
5000,4,0.0000000,0.0000000,336.5697905,33.6101106
5000,5,0.0000000,0.0000000,129.7294377,27.3150558
6000,0,0.0000000,0.0000000,222.2441183,185.7151057
6000,2,0.0000000,0.0000000,133.0865299,193.6894830
6000,3,0.0000000,0.0000000,338.9533865,212.5914306
6000,4,0.0000000,0.0000000,335.8162143,34.2674711
6000,5,0.0000000,0.0000000,130.4768471,27.9794196
7000,0,0.0000000,0.0000000,221.8958805,184.7776995
7000,2,0.0000000,0.0000000,133.8806322,193.0816990
7000,3,0.0000000,0.0000000,338.6667980,211.6333769
7000,4,0.0000000,0.0000000,335.0626381,34.9248316
7000,5,0.0000000,0.0000000,131.2242564,28.6437835
8000,0,0.0000000,0.0000000,221.5476427,183.8402933
8000,2,0.0000000,0.0000000,134.6747346,192.4739149
8000,3,0.0000000,0.0000000,338.3802095,210.6753231
8000,4,0.0000000,0.0000000,334.3090618,35.5821922
8000,5,0.0000000,0.0000000,131.9716657,29.3081473
9000,0,0.0000000,0.0000000,221.1994049,182.9028871
9000,2,0.0000000,0.0000000,135.4688369,191.8661309
9000,3,0.0000000,0.0000000,338.0936210,209.7172693
9000,4,0.0000000,0.0000000,333.5554856,36.2395527
9000,5,0.0000000,0.0000000,132.7190750,29.9725111
10000,0,0.0000000,0.0000000,220.8511671,181.9654808
10000,2,0.0000000,0.0000000,136.2629392,191.2583468
10000,3,0.0000000,0.0000000,337.8070325,208.7592156
10000,4,0.0000000,0.0000000,332.8019094,36.8969132
10000,5,0.0000000,0.0000000,133.4664843,30.6368750
11000,0,0.0000000,0.0000000,220.5029293,181.0280746
11000,2,0.0000000,0.0000000,137.0570416,190.6505627
11000,3,0.0000000,0.0000000,337.5204440,207.8011618
11000,4,0.0000000,0.0000000,332.0483332,37.5542738
11000,5,0.0000000,0.0000000,134.2138937,31.3012388
12000,0,0.0000000,0.0000000,220.1546914,180.0906684
12000,2,0.0000000,0.0000000,137.8511439,190.0427787
12000,3,0.0000000,0.0000000,337.2338555,206.8431080
12000,4,0.0000000,0.0000000,331.2947569,38.2116343
12000,5,0.0000000,0.0000000,134.9613030,31.9656026
13000,0,0.0000000,0.0000000,219.8064536,179.1532622
13000,2,0.0000000,0.0000000,138.6452463,189.4349946
13000,3,0.0000000,0.0000000,336.9472669,205.8850542
13000,4,0.0000000,0.0000000,330.5411807,38.8689949
13000,5,0.0000000,0.0000000,135.7087123,32.6299665
14000,0,0.0000000,0.0000000,219.4582158,178.2158559
14000,2,0.0000000,0.0000000,139.4393486,188.8272105
14000,3,0.0000000,0.0000000,336.6606784,204.9270005
14000,4,0.0000000,0.0000000,329.7876045,39.5263554
14000,5,0.0000000,0.0000000,136.4561216,33.2943303
15000,0,0.0000000,0.0000000,219.1099780,177.2784497
15000,2,0.0000000,0.0000000,140.2334510,188.2194265
15000,3,0.0000000,0.0000000,336.3740899,203.9689467
15000,4,0.0000000,0.0000000,329.0340283,40.1837159
15000,5,0.0000000,0.0000000,137.2035309,33.9586942
16000,0,0.0000000,0.0000000,218.7617402,176.3410435
16000,2,0.0000000,0.0000000,141.0275533,187.6116424
16000,3,0.0000000,0.0000000,336.0875014,203.0108929
16000,4,0.0000000,0.0000000,328.2804520,40.8410765
16000,5,0.0000000,0.0000000,137.9509403,34.6230580
1700,0,0.0000000,0.0000000,218.4135024,175.4036373
1700,2,0.0000000,0.0000000,141.8216557,187.0038583
1700,3,0.0000000,0.0000000,335.8009129,202.0528392
1700,4,0.0000000,0.0000000,327.5268758,41.4984370
1700,5,0.0000000,0.0000000,138.6983496,35.2874218
1800,0,0.0000000,0.0000000,218.0652646,174.4662310
1800,2,0.0000000,0.0000000,142.6157580,186.3960743
1800,3,0.0000000,0.0000000,335.5143244,201.0947854
1800,4,0.0000000,0.0000000,326.7732996,42.1557975
1800,5,0.0000000,0.0000000,139.4457589,35.9517857
1900,0,0.0000000,0.0000000,217.7170268,173.5288248
1900,2,0.0000000,0.0000000,143.4098603,185.7882902
1900,3,0.0000000,0.0000000,335.2277359,200.1367316
1900,4,0.0000000,0.0000000,326.0197234,42.8131581
1900,5,0.0000000,0.0000000,140.1931682,36.6161495
2000,0,0.0000000,0.0000000,217.3687890,172.5914186
2000,2,0.0000000,0.0000000,144.2039627,185.1805062
2000,3,0.0000000,0.0000000,334.9411474,199.1786779
2000,4,0.0000000,0.0000000,325.2661471,43.4705186
2000,5,0.0000000,0.0000000,140.9405775,37.2805134
2100,0,0.0000000,0.0000000,217.0205511,171.6540124
2100,2,0.0000000,0.0000000,144.9980650,184.5727221
2100,3,0.0000000,0.0000000,334.6545589,198.2206241
2100,4,0.0000000,0.0000000,324.5125709,44.1278791
2100,5,0.0000000,0.0000000,141.6879868,37.9448772
2200,0,0.0000000,0.0000000,216.6723133,170.7166062
2200,2,0.0000000,0.0000000,145.7921674,183.9649380
2200,3,0.0000000,0.0000000,334.3679704,197.2625703
2200,4,0.0000000,0.0000000,323.7589947,44.7852397
2200,5,0.0000000,0.0000000,142.4353962,38.6092410
2300,0,0.0000000,0.0000000,216.3240755,169.7791999
2300,2,0.0000000,0.0000000,146.5862697,183.3571540
2300,3,0.0000000,0.0000000,334.0813819,196.3045165
2300,4,0.0000000,0.0000000,323.0054185,45.4426002
2300,5,0.0000000,0.0000000,143.1828055,39.2736049
2400,0,0.0000000,0.0000000,215.9758377,168.8417937
2400,2,0.0000000,0.0000000,147.3803721,182.7493699
2400,3,0.0000000,0.0000000,333.7947934,195.3464628
2400,4,0.0000000,0.0000000,322.2518423,46.0999608
2400,5,0.0000000,0.0000000,143.9302148,39.9379687
2500,0,0.0000000,0.0000000,215.6275999,167.9043875
2500,2,0.0000000,0.0000000,148.1744744,182.1415858
2500,3,0.0000000,0.0000000,333.5082049,194.3884090
2500,4,0.0000000,0.0000000,321.4982660,46.7573213
2500,5,0.0000000,0.0000000,144.6776241,40.6023326
2600,0,0.0000000,0.0000000,215.2793621,166.9669813
2600,2,0.0000000,0.0000000,148.9685768,181.5338018
2600,3,0.0000000,0.0000000,333.2216163,193.4303552
2600,4,0.0000000,0.0000000,320.7446898,47.4146818
2600,5,0.0000000,0.0000000,145.4250334,41.2666964
2700,0,0.0000000,0.0000000,214.9311243,166.0295750
2700,2,0.0000000,0.0000000,149.7626791,180.9260177
2700,3,0.0000000,0.0000000,332.9350278,192.4723015
2700,4,0.0000000,0.0000000,319.9911136,48.0720424
2700,5,0.0000000,0.0000000,146.1724428,41.9310602
2800,0,0.0000000,0.0000000,214.5828865,165.0921688
2800,2,0.0000000,0.0000000,150.5567814,180.3182337
2800,3,0.0000000,0.0000000,332.6484393,191.5142477
2800,4,0.0000000,0.0000000,319.2375374,48.7294029
2800,5,0.0000000,0.0000000,146.9198521,42.5954241
2900,0,0.0000000,0.0000000,214.2346487,164.1547626
2900,2,0.0000000,0.0000000,151.3508838,179.7104496
2900,3,0.0000000,0.0000000,332.3618508,190.5561939
2900,4,0.0000000,0.0000000,318.4839611,49.3867634
2900,5,0.0000000,0.0000000,147.6672614,43.2597879
3000,0,0.0000000,0.0000000,213.8864109,163.2173564
3000,2,0.0000000,0.0000000,152.1449861,179.1026655
3000,3,0.0000000,0.0000000,332.0752623,189.5981402
3000,4,0.0000000,0.0000000,317.7303849,50.0441240
3000,5,0.0000000,0.0000000,148.4146707,43.9241517
3100,0,0.0000000,0.0000000,213.5381730,162.2799501
3100,2,0.0000000,0.0000000,152.9390885,178.4948815
3100,3,0.0000000,0.0000000,331.7886738,188.6400864
3100,4,0.0000000,0.0000000,316.9768087,50.7014845
3100,5,0.0000000,0.0000000,149.1620800,44.5885156
3200,0,0.0000000,0.0000000,213.1899352,161.3425439
3200,2,0.0000000,0.0000000,153.7331908,177.8870974
3200,3,0.0000000,0.0000000,331.5020853,187.6820326
3200,4,0.0000000,0.0000000,316.2232325,51.3588450
3200,5,0.0000000,0.0000000,149.9094894,45.2528794
3300,0,0.0000000,0.0000000,212.8416974,160.4051377
3300,2,0.0000000,0.0000000,154.5272932,177.2793133
3300,3,0.0000000,0.0000000,331.2154968,186.7239788
3300,4,0.0000000,0.0000000,315.4696562,52.0162056
3300,5,0.0000000,0.0000000,150.6568987,45.9172433
3400,0,0.0000000,0.0000000,212.4934596,159.4677315
3400,2,0.0000000,0.0000000,155.3213955,176.6715293
3400,3,0.0000000,0.0000000,330.9289083,185.7659251
3400,4,0.0000000,0.0000000,314.7160800,52.6735661
3400,5,0.0000000,0.0000000,151.4043080,46.5816071
3500,0,0.0000000,0.0000000,212.1452218,158.5303252
3500,2,0.0000000,0.0000000,156.1154979,176.0637452
3500,3,0.0000000,0.0000000,330.6423198,184.8078713
3500,4,0.0000000,0.0000000,313.9625038,53.3309267
3500,5,0.0000000,0.0000000,152.1517173,47.2459709
3600,0,0.0000000,0.0000000,211.7969840,157.5929190
3600,2,0.0000000,0.0000000,156.9096002,175.4559612
3600,3,0.0000000,0.0000000,330.3557313,183.8498175
3600,4,0.0000000,0.0000000,313.2089276,53.9882872
3600,5,0.0000000,0.0000000,152.8991266,47.9103348
3700,0,0.0000000,0.0000000,211.4487462,156.6555128
3700,2,0.0000000,0.0000000,157.7037025,174.8481771
3700,3,0.0000000,0.0000000,330.0691428,182.8917638
3700,4,0.0000000,0.0000000,312.4553513,54.6456477
3700,5,0.0000000,0.0000000,153.6465359,48.5746986
3800,0,0.0000000,0.0000000,211.1005084,155.7181066
3800,2,0.0000000,0.0000000,158.4978049,174.2403930
3800,3,0.0000000,0.0000000,329.7825542,181.9337100
3800,4,0.0000000,0.0000000,311.7017751,55.3030083
3800,5,0.0000000,0.0000000,154.3939453,49.2390625
3900,0,0.0000000,0.0000000,210.7522706,154.7807004
3900,2,0.0000000,0.0000000,159.2919072,173.6326090
3900,3,0.0000000,0.0000000,329.4959657,180.9756562
3900,4,0.0000000,0.0000000,310.9481989,55.9603688
3900,5,0.0000000,0.0000000,155.1413546,49.9034263
4000,0,0.0000000,0.0000000,210.4040328,153.8432941
4000,2,0.0000000,0.0000000,160.0860096,173.0248249
4000,3,0.0000000,0.0000000,329.2093772,180.0176024
4000,4,0.0000000,0.0000000,310.1946227,56.6177293
4000,5,0.0000000,0.0000000,155.8887639,50.5677901
4100,0,0.0000000,0.0000000,210.0557949,152.9058879
4100,2,0.0000000,0.0000000,160.8801119,172.4170408
4100,3,0.0000000,0.0000000,328.9227887,179.0595487
4100,4,0.0000000,0.0000000,309.4410464,57.2750899
4100,5,0.0000000,0.0000000,156.6361732,51.2321540
4200,0,0.0000000,0.0000000,209.7075571,151.9684817
4200,2,0.0000000,0.0000000,161.6742143,171.8092568
4200,3,0.0000000,0.0000000,328.6362002,178.1014949
4200,4,0.0000000,0.0000000,308.6874702,57.9324504
4200,5,0.0000000,0.0000000,157.3835825,51.8965178
4300,0,0.0000000,0.0000000,209.3593193,151.0310755
4300,2,0.0000000,0.0000000,162.4683166,171.2014727
4300,3,0.0000000,0.0000000,328.3496117,177.1434411
4300,4,0.0000000,0.0000000,307.9338940,58.5898109
4300,5,0.0000000,0.0000000,158.1309919,52.5608817
4400,0,0.0000000,0.0000000,209.0110815,150.0936692
4400,2,0.0000000,0.0000000,163.2624189,170.5936887
4400,3,0.0000000,0.0000000,328.0630232,176.1853874
4400,4,0.0000000,0.0000000,307.1803178,59.2471715
4400,5,0.0000000,0.0000000,158.8784012,53.2252455
4500,0,0.0000000,0.0000000,208.6628437,149.1562630
4500,2,0.0000000,0.0000000,164.0565213,169.9859046
4500,3,0.0000000,0.0000000,327.7764347,175.2273336
4500,4,0.0000000,0.0000000,306.4267415,59.9045320
4500,5,0.0000000,0.0000000,159.6258105,53.8896093
4600,0,0.0000000,0.0000000,208.3146059,148.2188568
4600,2,0.0000000,0.0000000,164.8506236,169.3781205
4600,3,0.0000000,0.0000000,327.4898462,174.2692798
4600,4,0.0000000,0.0000000,305.6731653,60.5618926
4600,5,0.0000000,0.0000000,160.3732198,54.5539732
4700,0,0.0000000,0.0000000,207.9663681,147.2814506
4700,2,0.0000000,0.0000000,165.6447260,168.7703365
4700,3,0.0000000,0.0000000,327.2032577,173.3112261
4700,4,0.0000000,0.0000000,304.9195891,61.2192531
4700,5,0.0000000,0.0000000,161.1206291,55.2183370
4800,0,0.0000000,0.0000000,207.6181303,146.3440443
4800,2,0.0000000,0.0000000,166.4388283,168.1625524
4800,3,0.0000000,0.0000000,326.9166692,172.3531723
4800,4,0.0000000,0.0000000,304.1660129,61.8766136
4800,5,0.0000000,0.0000000,161.8680385,55.8827008
4900,0,0.0000000,0.0000000,207.2698925,145.4066381
4900,2,0.0000000,0.0000000,167.2329307,167.5547683
4900,3,0.0000000,0.0000000,326.6300807,171.3951185
4900,4,0.0000000,0.0000000,303.4124367,62.5339742
4900,5,0.0000000,0.0000000,162.6154478,56.5470647
5000,0,0.0000000,0.0000000,206.9216547,144.4692319
5000,2,0.0000000,0.0000000,168.0270330,166.9469843
5000,3,0.0000000,0.0000000,326.3434921,170.4370647
5000,4,0.0000000,0.0000000,302.6588604,63.1913347
5000,5,0.0000000,0.0000000,163.3628571,57.2114285
5100,0,0.0000000,0.0000000,206.5734168,143.5318257
5100,2,0.0000000,0.0000000,168.8211354,166.3392002
5100,3,0.0000000,0.0000000,326.0569036,169.4790110
5100,4,0.0000000,0.0000000,301.9052842,63.8486952
5100,5,0.0000000,0.0000000,164.1102664,57.8757924
5200,0,0.0000000,0.0000000,206.2251790,142.5944195
5200,2,0.0000000,0.0000000,169.6152377,165.7314161
5200,3,0.0000000,0.0000000,325.7703151,168.5209572
5200,4,0.0000000,0.0000000,301.1517080,64.5060558
5200,5,0.0000000,0.0000000,164.8576757,58.5401562
5300,0,0.0000000,0.0000000,205.8769412,141.6570132
5300,2,0.0000000,0.0000000,170.4093400,165.1236321
5300,3,0.0000000,0.0000000,325.4837266,167.5629034
5300,4,0.0000000,0.0000000,300.3981318,65.1634163
5300,5,0.0000000,0.0000000,165.6050850,59.2045200
5400,0,0.0000000,0.0000000,205.5287034,140.7196070
5400,2,0.0000000,0.0000000,171.2034424,164.5158480
5400,3,0.0000000,0.0000000,325.1971381,166.6048497
5400,4,0.0000000,0.0000000,299.6445555,65.8207768
5400,5,0.0000000,0.0000000,166.3524944,59.8688839
5500,0,0.0000000,0.0000000,205.1804656,139.7822008
5500,2,0.0000000,0.0000000,171.9975447,163.9080640
5500,3,0.0000000,0.0000000,324.9105496,165.6467959
5500,4,0.0000000,0.0000000,298.8909793,66.4781374
5500,5,0.0000000,0.0000000,167.0999037,60.5332477
5600,0,0.0000000,0.0000000,204.8322278,138.8447946
5600,2,0.0000000,0.0000000,172.7916471,163.3002799
5600,3,0.0000000,0.0000000,324.6239611,164.6887421
5600,4,0.0000000,0.0000000,298.1374031,67.1354979
5600,5,0.0000000,0.0000000,167.8473130,61.1976116
5700,0,0.0000000,0.0000000,204.5999769,137.8019132
5700,2,0.0000000,0.0000000,173.4743015,162.7822405
5700,3,0.0000000,0.0000000,324.3344550,163.7209351
5700,4,0.0000000,0.0000000,297.3761552,67.7995506
5700,5,0.0000000,0.0000000,168.6023312,61.8687388
5800,0,0.0000000,0.0000000,204.6534572,136.5202599
5800,2,0.0000000,0.0000000,173.8666858,162.5187035
5800,3,0.0000000,0.0000000,324.0478665,162.7628813
5800,4,0.0000000,0.0000000,296.6225790,68.4569111
5800,5,0.0000000,0.0000000,169.3497405,62.5331027
5900,0,0.0000000,0.0000000,204.6160247,135.2827365
5900,2,0.0000000,0.0000000,174.3499828,162.2110366
5900,3,0.0000000,0.0000000,323.7612780,161.8048275
5900,4,0.0000000,0.0000000,296.0000000,69.0000000
5900,5,0.0000000,0.0000000,170.0971498,63.1974665
6000,0,0.0000000,0.0000000,204.5428964,134.0462900
6000,2,0.0000000,0.0000000,174.8689756,161.9022928
6000,3,0.0000000,0.0000000,323.4746895,160.8467738
6000,4,0.0000000,0.0000000,296.0000000,69.0000000
6000,5,0.0000000,0.0000000,170.8445591,63.8618303
6100,0,0.0000000,0.0000000,204.4579679,132.7886974
6100,2,0.0000000,0.0000000,175.3997687,161.6146951
6100,3,0.0000000,0.0000000,323.1881010,159.8887200
6100,4,0.0000000,0.0000000,296.0000000,69.0000000
6100,5,0.0000000,0.0000000,171.5919684,64.5261942
6200,0,0.0000000,0.0000000,204.3098605,131.5614971
6200,2,0.0000000,0.0000000,175.9937406,161.2967052
6200,3,0.0000000,0.0000000,322.9015125,158.9306662
6200,4,0.0000000,0.0000000,296.0000000,69.0000000
6200,5,0.0000000,0.0000000,172.3393778,65.1905580
6300,0,0.0000000,0.0000000,204.1501123,130.3142224
6300,2,0.0000000,0.0000000,176.5993533,160.9987896
6300,3,0.0000000,0.0000000,322.6149240,157.9726125
6300,4,0.0000000,0.0000000,296.0000000,69.0000000
6300,5,0.0000000,0.0000000,173.0867871,65.8549218
6400,0,0.0000000,0.0000000,203.9670475,129.0581915
6400,2,0.0000000,0.0000000,177.2282826,160.7096302
6400,3,0.0000000,0.0000000,322.3283355,157.0145587
6400,4,0.0000000,0.0000000,296.0000000,69.0000000
6400,5,0.0000000,0.0000000,173.8341964,66.5192857
6500,0,0.0000000,0.0000000,203.6906860,127.8813343
6500,2,0.0000000,0.0000000,177.9505087,160.3412971
6500,3,0.0000000,0.0000000,322.0417470,156.0565049
6500,4,0.0000000,0.0000000,296.0000000,69.0000000
6500,5,0.0000000,0.0000000,174.5816057,67.1836495
6600,0,0.0000000,0.0000000,203.3590341,126.7501024
6600,2,0.0000000,0.0000000,178.7280251,159.9273387
6600,3,0.0000000,0.0000000,321.7551585,155.0984512
6600,4,0.0000000,0.0000000,296.0000000,69.0000000
6600,5,0.0000000,0.0000000,175.3290150,67.8480134
6700,0,0.0000000,0.0000000,203.0899748,125.5052378
6700,2,0.0000000,0.0000000,179.4429490,159.6270130
6700,3,0.0000000,0.0000000,321.4685700,154.1403974
6700,4,0.0000000,0.0000000,296.0000000,69.0000000
6700,5,0.0000000,0.0000000,176.0764244,68.5123772
6800,0,0.0000000,0.0000000,202.7274774,124.3640984
6800,2,0.0000000,0.0000000,180.2513109,159.2229621
6800,3,0.0000000,0.0000000,321.1819814,153.1823436
6800,4,0.0000000,0.0000000,296.0000000,69.0000000
6800,5,0.0000000,0.0000000,176.8238337,69.1767410
6900,0,0.0000000,0.0000000,202.4563099,123.0435930
6900,2,0.0000000,0.0000000,180.9683429,158.9982772
6900,3,0.0000000,0.0000000,320.8953929,152.2242898
6900,4,0.0000000,0.0000000,296.0000000,69.0000000
6900,5,0.0000000,0.0000000,177.5712430,69.8411049
7000,0,0.0000000,0.0000000,202.0564730,121.8986161
7000,2,0.0000000,0.0000000,181.8140444,158.5980638
7000,3,0.0000000,0.0000000,320.6088044,151.2662361
7000,4,0.0000000,0.0000000,296.0000000,69.0000000
7000,5,0.0000000,0.0000000,178.3186523,70.5054687
7100,0,0.0000000,0.0000000,201.5990298,120.8378077
7100,2,0.0000000,0.0000000,182.7173521,158.1136820
7100,3,0.0000000,0.0000000,320.3222159,150.3081823
7100,4,0.0000000,0.0000000,296.0000000,69.0000000
7100,5,0.0000000,0.0000000,179.0660616,71.1698326
7200,0,0.0000000,0.0000000,201.2584161,119.5091298
7200,2,0.0000000,0.0000000,183.5038303,157.8971696
7200,3,0.0000000,0.0000000,320.0356274,149.3501285
7200,4,0.0000000,0.0000000,296.0000000,69.0000000
7200,5,0.0000000,0.0000000,179.8134709,71.8341964
7300,0,0.0000000,0.0000000,200.7061520,118.6137688
7300,2,0.0000000,0.0000000,184.5019589,157.2473403
7300,3,0.0000000,0.0000000,319.7490389,148.3920748
7300,4,0.0000000,0.0000000,296.0000000,69.0000000
7300,5,0.0000000,0.0000000,180.0000000,72.0000000
7400,0,0.0000000,0.0000000,200.2758389,117.4152921
7400,2,0.0000000,0.0000000,185.3781366,156.9006268
7400,3,0.0000000,0.0000000,319.4624504,147.4340210
7400,4,0.0000000,0.0000000,296.0000000,69.0000000
7400,5,0.0000000,0.0000000,180.0000000,72.0000000
7500,0,0.0000000,0.0000000,199.7869750,116.3385089
7500,2,0.0000000,0.0000000,186.3128650,156.4322196
7500,3,0.0000000,0.0000000,319.1758619,146.4759672
7500,4,0.0000000,0.0000000,296.0000000,69.0000000
7500,5,0.0000000,0.0000000,180.0000000,72.0000000
7600,0,0.0000000,0.0000000,199.2884016,115.2699774
7600,2,0.0000000,0.0000000,187.2573030,155.9555608
7600,3,0.0000000,0.0000000,318.8892734,145.5179134
7600,4,0.0000000,0.0000000,296.0000000,69.0000000
7600,5,0.0000000,0.0000000,180.0000000,72.0000000
7700,0,0.0000000,0.0000000,198.7401179,114.3705395
7700,2,0.0000000,0.0000000,188.2514512,155.3098085
7700,3,0.0000000,0.0000000,318.6026849,144.5598597
7700,4,0.0000000,0.0000000,296.0000000,69.0000000
7700,5,0.0000000,0.0000000,180.0000000,72.0000000
7800,0,0.0000000,0.0000000,198.1805514,113.5546700
7800,2,0.0000000,0.0000000,189.2568823,154.5804877
7800,3,0.0000000,0.0000000,318.3160964,143.6018059
7800,4,0.0000000,0.0000000,296.0000000,69.0000000
7800,5,0.0000000,0.0000000,180.0000000,72.0000000
7900,0,0.0000000,0.0000000,197.6632188,112.5761294
7900,2,0.0000000,0.0000000,190.2200794,154.0138380
7900,3,0.0000000,0.0000000,318.0295079,142.6437521
7900,4,0.0000000,0.0000000,296.0000000,69.0000000
7900,5,0.0000000,0.0000000,180.0000000,72.0000000
8000,0,0.0000000,0.0000000,197.1330974,111.6911262
8000,2,0.0000000,0.0000000,191.1960653,153.3536509
8000,3,0.0000000,0.0000000,317.7429193,141.6856984
8000,4,0.0000000,0.0000000,296.0000000,69.0000000
8000,5,0.0000000,0.0000000,180.0000000,72.0000000
8100,0,0.0000000,0.0000000,196.6007249,110.8963823
8100,2,0.0000000,0.0000000,192.1743024,152.6032045
8100,3,0.0000000,0.0000000,317.4563308,140.7276446
8100,4,0.0000000,0.0000000,296.0000000,69.0000000
8100,5,0.0000000,0.0000000,180.0000000,72.0000000
8200,0,0.0000000,0.0000000,196.0870927,110.0279104
8200,2,0.0000000,0.0000000,193.1337991,151.9264861
8200,3,0.0000000,0.0000000,317.1697423,139.7695908
8200,4,0.0000000,0.0000000,296.0000000,69.0000000
8200,5,0.0000000,0.0000000,180.0000000,72.0000000
8300,0,0.0000000,0.0000000,195.5810455,109.1708248
8300,2,0.0000000,0.0000000,194.0857108,151.2383814
8300,3,0.0000000,0.0000000,316.8831538,138.8115371
8300,4,0.0000000,0.0000000,296.0000000,69.0000000
8300,5,0.0000000,0.0000000,180.0000000,72.0000000
8400,0,0.0000000,0.0000000,195.1003145,109.0290584
8400,2,0.0000000,0.0000000,195.0263963,149.8693956
8400,3,0.0000000,0.0000000,316.5965653,137.8534833
8400,4,0.0000000,0.0000000,296.0000000,69.0000000
8400,5,0.0000000,0.0000000,179.9859100,71.9655620
8500,0,0.0000000,0.0000000,194.9601383,107.9891209
8500,2,0.0000000,0.0000000,195.9223869,150.1198303
8500,3,0.0000000,0.0000000,316.3099768,136.8954295
8500,4,0.0000000,0.0000000,296.0000000,69.0000000
8500,5,0.0000000,0.0000000,179.6759602,71.2098745
8600,0,0.0000000,0.0000000,194.5099816,106.8426325
8600,2,0.0000000,0.0000000,196.8663855,149.8500260
8600,3,0.0000000,0.0000000,316.0233883,135.9373757
8600,4,0.0000000,0.0000000,296.0000000,69.0000000
8600,5,0.0000000,0.0000000,179.6279828,71.0809769
8700,0,0.0000000,0.0000000,194.1023042,105.8455000
8700,2,0.0000000,0.0000000,197.8263012,149.5750750
8700,3,0.0000000,0.0000000,315.7367998,134.9793220
8700,4,0.0000000,0.0000000,296.0000000,69.0000000
8700,5,0.0000000,0.0000000,179.5216090,70.8078702
8800,0,0.0000000,0.0000000,193.7585515,105.1068226
8800,2,0.0000000,0.0000000,198.7930301,149.2173314
8800,3,0.0000000,0.0000000,315.4502113,134.0212682
8800,4,0.0000000,0.0000000,296.0000000,69.0000000
8800,5,0.0000000,0.0000000,179.3444974,70.3591009
8900,0,0.0000000,0.0000000,193.7852508,107.1038135
8900,2,0.0000000,0.0000000,199.3708206,146.0044918
8900,3,0.0000000,0.0000000,315.1636228,133.0632144
8900,4,0.0000000,0.0000000,296.0000000,69.0000000
8900,5,0.0000000,0.0000000,179.1556924,69.9289188
9000,0,0.0000000,0.0000000,193.4888956,106.5983130
9000,2,0.0000000,0.0000000,200.2288845,145.2460312
9000,3,0.0000000,0.0000000,314.8770343,132.1051607
9000,4,0.0000000,0.0000000,296.0000000,69.0000000
9000,5,0.0000000,0.0000000,178.9765577,69.4612815
9100,0,0.0000000,0.0000000,193.3815415,106.5218722
9100,2,0.0000000,0.0000000,201.1141036,144.6851060
9100,3,0.0000000,0.0000000,314.5904458,131.1471069
9100,4,0.0000000,0.0000000,296.0000000,69.0000000
9100,5,0.0000000,0.0000000,178.6908447,68.7123134
9200,0,0.0000000,0.0000000,193.2413142,106.3675067
9200,2,0.0000000,0.0000000,201.9891914,144.0622777
9200,3,0.0000000,0.0000000,314.3038572,130.1890531
9200,4,0.0000000,0.0000000,296.0000000,69.0000000
9200,5,0.0000000,0.0000000,178.4059070,67.9524546
9300,0,0.0000000,0.0000000,193.0873455,106.2093538
9300,2,0.0000000,0.0000000,202.8612045,143.4243155
9300,3,0.0000000,0.0000000,314.0172687,129.2309994
9300,4,0.0000000,0.0000000,296.0000000,69.0000000
9300,5,0.0000000,0.0000000,178.1393228,67.2183176
9400,0,0.0000000,0.0000000,192.9199436,106.0439294
9400,2,0.0000000,0.0000000,203.7283627,142.7704652
9400,3,0.0000000,0.0000000,313.7306802,128.2729456
9400,4,0.0000000,0.0000000,296.0000000,69.0000000
9400,5,0.0000000,0.0000000,177.8923645,66.5123280
9500,0,0.0000000,0.0000000,192.7400077,105.8676722
9500,2,0.0000000,0.0000000,204.5887488,142.1002041
9500,3,0.0000000,0.0000000,313.4440917,127.3148918
9500,4,0.0000000,0.0000000,296.0000000,69.0000000
9500,5,0.0000000,0.0000000,177.6656544,65.8364511
9600,0,0.0000000,0.0000000,192.5846102,105.7786025
9600,2,0.0000000,0.0000000,205.3914242,141.2775292
9600,3,0.0000000,0.0000000,313.1575032,126.3568380
9600,4,0.0000000,0.0000000,296.0000000,69.0000000
9600,5,0.0000000,0.0000000,177.4956038,65.2891074
9700,0,0.0000000,0.0000000,192.4048232,105.6116560
9700,2,0.0000000,0.0000000,206.2477076,140.6254104
9700,3,0.0000000,0.0000000,312.8709147,125.3987843
9700,4,0.0000000,0.0000000,296.0000000,69.0000000
9700,5,0.0000000,0.0000000,177.2540031,64.5332987
9800,0,0.0000000,0.0000000,192.1394868,105.2297386
9800,2,0.0000000,0.0000000,207.1097385,139.9909819
9800,3,0.0000000,0.0000000,312.5843262,124.4407305
9800,4,0.0000000,0.0000000,296.0000000,69.0000000
9800,5,0.0000000,0.0000000,177.1083570,64.0180749
9900,0,0.0000000,0.0000000,191.8892619,104.8510201
9900,2,0.0000000,0.0000000,207.9201339,139.2493472
9900,3,0.0000000,0.0000000,312.2977377,123.4826767
9900,4,0.0000000,0.0000000,296.0000000,69.0000000
9900,5,0.0000000,0.0000000,177.0121430,63.6396034
10000,0,0.0000000,0.0000000,191.6397721,104.4405431
10000,2,0.0000000,0.0000000,208.7080530,138.4818284
10000,3,0.0000000,0.0000000,312.0111492,122.5246230
10000,4,0.0000000,0.0000000,296.0000000,69.0000000
10000,5,0.0000000,0.0000000,176.9060066,63.2373782
10100,0,0.0000000,0.0000000,191.4252717,104.0894312
10100,2,0.0000000,0.0000000,209.4966961,137.7355708
10100,3,0.0000000,0.0000000,311.7245607,121.5665692
10100,4,0.0000000,0.0000000,296.0000000,69.0000000
10100,5,0.0000000,0.0000000,176.8184292,62.8922851
10200,0,0.0000000,0.0000000,191.2198627,103.7187874
10200,2,0.0000000,0.0000000,210.2662312,136.9733932
10200,3,0.0000000,0.0000000,311.4379722,120.6085154
10200,4,0.0000000,0.0000000,296.0000000,69.0000000
10200,5,0.0000000,0.0000000,176.7225065,62.5357927
10300,0,0.0000000,0.0000000,191.0313735,103.3455886
10300,2,0.0000000,0.0000000,211.0213332,136.2057033
10300,3,0.0000000,0.0000000,311.1513837,119.6504616
10300,4,0.0000000,0.0000000,296.0000000,69.0000000
10300,5,0.0000000,0.0000000,176.6224774,62.1836343
10400,0,0.0000000,0.0000000,190.8603123,102.9654613
10400,2,0.0000000,0.0000000,211.7612924,135.4325132
10400,3,0.0000000,0.0000000,310.8647952,118.6924079
10400,4,0.0000000,0.0000000,296.0000000,69.0000000
10400,5,0.0000000,0.0000000,176.5155051,61.8329316
10500,0,0.0000000,0.0000000,190.7085946,102.5788503
10500,2,0.0000000,0.0000000,212.4869768,134.6559744
10500,3,0.0000000,0.0000000,310.5782066,117.7343541
10500,4,0.0000000,0.0000000,296.0000000,69.0000000
10500,5,0.0000000,0.0000000,176.4003042,61.4850320
10600,0,0.0000000,0.0000000,190.5776693,102.1851242
10600,2,0.0000000,0.0000000,213.1991523,133.8776022
10600,3,0.0000000,0.0000000,310.2916181,116.7763003
10600,4,0.0000000,0.0000000,296.0000000,69.0000000
10600,5,0.0000000,0.0000000,176.2751955,61.1404108
10700,0,0.0000000,0.0000000,190.4689054,101.7838862
10700,2,0.0000000,0.0000000,213.8988165,133.0988485
10700,3,0.0000000,0.0000000,310.0050296,115.8182466
10700,4,0.0000000,0.0000000,296.0000000,69.0000000
10700,5,0.0000000,0.0000000,176.1385661,60.7998078
10800,0,0.0000000,0.0000000,190.3932959,101.4451032
10800,2,0.0000000,0.0000000,214.6077340,132.3461262
10800,3,0.0000000,0.0000000,309.7184411,114.8601928
10800,4,0.0000000,0.0000000,296.0000000,69.0000000
10800,5,0.0000000,0.0000000,176.0168592,60.5194941
10900,0,0.0000000,0.0000000,190.3310292,101.0404958
10900,2,0.0000000,0.0000000,215.2891043,131.5732662
10900,3,0.0000000,0.0000000,309.4318526,113.9021390
10900,4,0.0000000,0.0000000,296.0000000,69.0000000
10900,5,0.0000000,0.0000000,175.8614275,60.2049918
11000,0,0.0000000,0.0000000,190.2841494,100.6325359
11000,2,0.0000000,0.0000000,215.9606977,130.8020907
11000,3,0.0000000,0.0000000,309.1452641,112.9440853
11000,4,0.0000000,0.0000000,296.0000000,69.0000000
11000,5,0.0000000,0.0000000,175.8100113,60.2231585
11100,0,0.0000000,0.0000000,190.2831007,100.4633249
11100,2,0.0000000,0.0000000,216.6947395,130.1122377
11100,3,0.0000000,0.0000000,308.8586756,111.9860315
11100,4,0.0000000,0.0000000,296.0000000,69.0000000
11100,5,0.0000000,0.0000000,175.7811196,60.2334776
11200,0,0.0000000,0.0000000,190.2950210,100.1359961
11200,2,0.0000000,0.0000000,217.3790546,129.3765029
11200,3,0.0000000,0.0000000,308.5720871,111.0279777
11200,4,0.0000000,0.0000000,296.0000000,69.0000000
11200,5,0.0000000,0.0000000,175.7189053,60.2559705
11300,0,0.0000000,0.0000000,190.3335927,99.8900957
11300,2,0.0000000,0.0000000,218.0814596,128.6689605
11300,3,0.0000000,0.0000000,308.2854986,110.0699239
11300,4,0.0000000,0.0000000,296.0000000,69.0000000
11300,5,0.0000000,0.0000000,175.6594468,60.2778160
11400,0,0.0000000,0.0000000,190.2637801,99.6286234
11400,2,0.0000000,0.0000000,218.8576672,128.0426168
11400,3,0.0000000,0.0000000,307.9989101,109.1118702
11400,4,0.0000000,0.0000000,296.0000000,69.0000000
11400,5,0.0000000,0.0000000,175.6470274,60.2824222
11500,0,0.0000000,0.0000000,190.1807807,99.4052011
11500,2,0.0000000,0.0000000,219.6517696,127.4348328
11500,3,0.0000000,0.0000000,307.7123216,108.1538164
11500,4,0.0000000,0.0000000,296.0000000,69.0000000
11500,5,0.0000000,0.0000000,175.6470274,60.2824222
11600,0,0.0000000,0.0000000,190.0912852,99.1642920
11600,2,0.0000000,0.0000000,220.4458719,126.8270487
11600,3,0.0000000,0.0000000,307.4441593,107.2573610
11600,4,0.0000000,0.0000000,295.9815737,68.9384017
11600,5,0.0000000,0.0000000,175.6470274,60.2824222
11700,0,0.0000000,0.0000000,190.0056874,98.9338749
11700,2,0.0000000,0.0000000,221.2399743,126.2192646
11700,3,0.0000000,0.0000000,307.2983844,106.7700413
11700,4,0.0000000,0.0000000,295.8407601,68.4676676
11700,5,0.0000000,0.0000000,175.6470274,60.2824222
11800,0,0.0000000,0.0000000,189.9177510,98.6971627
11800,2,0.0000000,0.0000000,222.0340766,125.6114806
11800,3,0.0000000,0.0000000,307.1544289,106.2888037
11800,4,0.0000000,0.0000000,295.6981272,67.9908514
11800,5,0.0000000,0.0000000,175.6470274,60.2824222
11900,0,0.0000000,0.0000000,189.8312177,98.4642275
11900,2,0.0000000,0.0000000,222.8281789,125.0036965
11900,3,0.0000000,0.0000000,307.0305983,105.8748433
11900,4,0.0000000,0.0000000,295.5353692,67.4467580
11900,5,0.0000000,0.0000000,175.6470274,60.2824222
12000,0,0.0000000,0.0000000,189.7438425,98.2290261
12000,2,0.0000000,0.0000000,223.6222813,124.3959125
12000,3,0.0000000,0.0000000,306.8802888,105.3723645
12000,4,0.0000000,0.0000000,295.3990903,66.9911831
12000,5,0.0000000,0.0000000,175.6470274,60.2824222
12100,0,0.0000000,0.0000000,189.6569725,97.9951845
12100,2,0.0000000,0.0000000,224.4163836,123.7881284
12100,3,0.0000000,0.0000000,306.7133937,104.8144412
12100,4,0.0000000,0.0000000,295.2793968,66.5910526
12100,5,0.0000000,0.0000000,175.6470274,60.2824222
12200,0,0.0000000,0.0000000,189.5697994,97.7605270
12200,2,0.0000000,0.0000000,225.2104860,123.1803443
12200,3,0.0000000,0.0000000,306.5648286,104.3177939
12200,4,0.0000000,0.0000000,295.1413734,66.1296461
12200,5,0.0000000,0.0000000,175.6389389,60.2606492
12300,0,0.0000000,0.0000000,189.3976998,97.2972597
12300,2,0.0000000,0.0000000,226.0045883,122.5725603
12300,3,0.0000000,0.0000000,306.4559310,103.9537538
12300,4,0.0000000,0.0000000,294.9636824,65.5356324
12300,5,0.0000000,0.0000000,175.5039828,59.8973668
12400,0,0.0000000,0.0000000,189.1892676,96.7361901
12400,2,0.0000000,0.0000000,226.7986907,121.9647762
12400,3,0.0000000,0.0000000,306.2692658,103.3297395
12400,4,0.0000000,0.0000000,294.8637592,65.2015930
12400,5,0.0000000,0.0000000,175.3478275,59.4770191
12500,0,0.0000000,0.0000000,188.9930417,96.2079781
12500,2,0.0000000,0.0000000,227.5927930,121.3569921
12500,3,0.0000000,0.0000000,306.2054383,103.1163666
12500,4,0.0000000,0.0000000,294.6409982,64.4569121
12500,5,0.0000000,0.0000000,175.2013085,59.0826108
12600,0,0.0000000,0.0000000,188.7934391,95.6706764
12600,2,0.0000000,0.0000000,228.3868954,120.7492081
12600,3,0.0000000,0.0000000,306.0042646,102.4438512
12600,4,0.0000000,0.0000000,294.5555834,64.1713737
12600,5,0.0000000,0.0000000,175.0511538,58.6784160
12700,0,0.0000000,0.0000000,188.5944912,95.1351373
12700,2,0.0000000,0.0000000,229.1809977,120.1414240
12700,3,0.0000000,0.0000000,305.9328220,102.2050214
12700,4,0.0000000,0.0000000,294.3404375,63.4521498
12700,5,0.0000000,0.0000000,174.9021585,58.2773420
12800,0,0.0000000,0.0000000,188.5754506,95.0838827
12800,2,0.0000000,0.0000000,229.9751000,119.5336400
12800,3,0.0000000,0.0000000,305.7198948,101.4932144
12800,4,0.0000000,0.0000000,294.2667762,63.2059030
12800,5,0.0000000,0.0000000,174.8926417,58.2517242
12900,0,0.0000000,0.0000000,188.5754506,95.0838827
12900,2,0.0000000,0.0000000,230.7692024,118.9258559
12900,3,0.0000000,0.0000000,305.6060505,101.1126377
12900,4,0.0000000,0.0000000,294.0940319,62.6284259
12900,5,0.0000000,0.0000000,174.8926417,58.2517242
13000,0,0.0000000,0.0000000,188.5754506,95.0838827
13000,2,0.0000000,0.0000000,231.5633047,118.3180718
13000,3,0.0000000,0.0000000,305.4853364,100.7090952
13000,4,0.0000000,0.0000000,293.9281575,62.0739146
13000,5,0.0000000,0.0000000,174.8926417,58.2517242
13100,0,0.0000000,0.0000000,188.5754506,95.0838827
13100,2,0.0000000,0.0000000,232.3574071,117.7102878
13100,3,0.0000000,0.0000000,305.3455850,100.2419120
13100,4,0.0000000,0.0000000,293.7813204,61.5830441
13100,5,0.0000000,0.0000000,174.8926417,58.2517242
13200,0,0.0000000,0.0000000,188.5754506,95.0838827
13200,2,0.0000000,0.0000000,233.1515094,117.1025037
13200,3,0.0000000,0.0000000,305.2676774,99.9814702
13200,4,0.0000000,0.0000000,293.5726395,60.8854321
13200,5,0.0000000,0.0000000,174.8926417,58.2517242
13300,0,0.0000000,0.0000000,188.5754506,95.0838827
13300,2,0.0000000,0.0000000,233.9456118,116.4947196
13300,3,0.0000000,0.0000000,305.1897699,99.7210284
13300,4,0.0000000,0.0000000,293.3639585,60.1878202
13300,5,0.0000000,0.0000000,174.8926417,58.2517242
13400,0,0.0000000,0.0000000,188.5754506,95.0838827
13400,2,0.0000000,0.0000000,234.7397141,115.8869356
13400,3,0.0000000,0.0000000,305.1118623,99.4605866
13400,4,0.0000000,0.0000000,293.1552776,59.4902082
13400,5,0.0000000,0.0000000,174.8926417,58.2517242
13500,0,0.0000000,0.0000000,188.5754506,95.0838827
13500,2,0.0000000,0.0000000,235.5338165,115.2791515
13500,3,0.0000000,0.0000000,305.0339548,99.2001448
13500,4,0.0000000,0.0000000,292.9465966,58.7925962
13500,5,0.0000000,0.0000000,174.8926417,58.2517242
13600,0,0.0000000,0.0000000,188.5754506,95.0838827
13600,2,0.0000000,0.0000000,236.3279188,114.6713675
13600,3,0.0000000,0.0000000,304.9560472,98.9397030
13600,4,0.0000000,0.0000000,292.7379157,58.0949843
13600,5,0.0000000,0.0000000,174.8926417,58.2517242
13700,0,0.0000000,0.0000000,188.5754506,95.0838827
13700,2,0.0000000,0.0000000,237.1220211,114.0635834
13700,3,0.0000000,0.0000000,304.9227761,98.8284789
13700,4,0.0000000,0.0000000,292.4845983,57.2481545
13700,5,0.0000000,0.0000000,174.8926417,58.2517242
13800,0,0.0000000,0.0000000,188.5754506,95.0838827
13800,2,0.0000000,0.0000000,237.9161235,113.4557993
13800,3,0.0000000,0.0000000,304.7795734,98.3497581
13800,4,0.0000000,0.0000000,292.4176436,57.0243279
13800,5,0.0000000,0.0000000,174.8926417,58.2517242
13900,0,0.0000000,0.0000000,188.5754506,95.0838827
13900,2,0.0000000,0.0000000,238.7102258,112.8480153
13900,3,0.0000000,0.0000000,304.7026523,98.0926139
13900,4,0.0000000,0.0000000,292.4176436,57.0243279
13900,5,0.0000000,0.0000000,174.8926417,58.2517242
14000,0,0.0000000,0.0000000,188.5754506,95.0838827
14000,2,0.0000000,0.0000000,239.5043282,112.2402312
14000,3,0.0000000,0.0000000,304.6341695,97.8636789
14000,4,0.0000000,0.0000000,292.4176436,57.0243279
14000,5,0.0000000,0.0000000,174.8926417,58.2517242
14100,0,0.0000000,0.0000000,188.5754506,95.0838827
14100,2,0.0000000,0.0000000,240.2984305,111.6324471
14100,3,0.0000000,0.0000000,304.5606238,97.6178184
14100,4,0.0000000,0.0000000,292.4176436,57.0243279
14100,5,0.0000000,0.0000000,174.8926417,58.2517242
14200,0,0.0000000,0.0000000,188.5754506,95.0838827
14200,2,0.0000000,0.0000000,241.0925329,111.0246631
14200,3,0.0000000,0.0000000,304.4901158,97.3821132
14200,4,0.0000000,0.0000000,292.4176436,57.0243279
14200,5,0.0000000,0.0000000,174.8926417,58.2517242
14300,0,0.0000000,0.0000000,188.5754506,95.0838827
14300,2,0.0000000,0.0000000,241.8866352,110.4168790
14300,3,0.0000000,0.0000000,304.4177852,97.1403148
14300,4,0.0000000,0.0000000,292.4176436,57.0243279
14300,5,0.0000000,0.0000000,174.8926417,58.2517242
14400,0,0.0000000,0.0000000,188.5754506,95.0838827
14400,2,0.0000000,0.0000000,242.6807376,109.8090949
14400,3,0.0000000,0.0000000,304.3465482,96.9021723
14400,4,0.0000000,0.0000000,292.4176436,57.0243279
14400,5,0.0000000,0.0000000,174.8926417,58.2517242
14500,0,0.0000000,0.0000000,188.5754506,95.0838827
14500,2,0.0000000,0.0000000,243.4748399,109.2013109
14500,3,0.0000000,0.0000000,304.2746550,96.6618363
14500,4,0.0000000,0.0000000,292.4176436,57.0243279
14500,5,0.0000000,0.0000000,174.8926417,58.2517242
14600,0,0.0000000,0.0000000,188.5754506,95.0838827
14600,2,0.0000000,0.0000000,244.2689422,108.5935268
14600,3,0.0000000,0.0000000,304.2031555,96.4228164
14600,4,0.0000000,0.0000000,292.4176436,57.0243279
14600,5,0.0000000,0.0000000,174.8926417,58.2517242
14700,0,0.0000000,0.0000000,188.5754506,95.0838827
14700,2,0.0000000,0.0000000,245.0630446,107.9857428
14700,3,0.0000000,0.0000000,304.1314198,96.1830068
14700,4,0.0000000,0.0000000,292.4176436,57.0243279
14700,5,0.0000000,0.0000000,174.8926417,58.2517242
14800,0,0.0000000,0.0000000,188.5754506,95.0838827
14800,2,0.0000000,0.0000000,245.8571469,107.3779587
14800,3,0.0000000,0.0000000,304.0598258,95.9436711
14800,4,0.0000000,0.0000000,292.4176436,57.0243279
14800,5,0.0000000,0.0000000,174.8926417,58.2517242
14900,0,0.0000000,0.0000000,188.5754506,95.0838827
14900,2,0.0000000,0.0000000,246.6512493,106.7701746
14900,3,0.0000000,0.0000000,303.9881468,95.7040510
14900,4,0.0000000,0.0000000,292.4176436,57.0243279
14900,5,0.0000000,0.0000000,174.8926417,58.2517242
15000,0,0.0000000,0.0000000,188.5754506,95.0838827
15000,2,0.0000000,0.0000000,247.4453516,106.1623906
15000,3,0.0000000,0.0000000,303.9165188,95.4646015
15000,4,0.0000000,0.0000000,292.4176436,57.0243279
15000,5,0.0000000,0.0000000,174.8926417,58.2517242
15100,0,0.0000000,0.0000000,188.5754506,95.0838827
15100,2,0.0000000,0.0000000,248.2394540,105.5546065
15100,3,0.0000000,0.0000000,303.8355491,95.1939231
15100,4,0.0000000,0.0000000,292.3740551,56.8786131
15100,5,0.0000000,0.0000000,174.8926417,58.2517242
15200,0,0.0000000,0.0000000,188.5754506,95.0838827
15200,2,0.0000000,0.0000000,249.0335563,104.9468224
15200,3,0.0000000,0.0000000,303.6528752,94.5832516
15200,4,0.0000000,0.0000000,292.2393534,56.4283108
15200,5,0.0000000,0.0000000,174.8926417,58.2517242
15300,0,0.0000000,0.0000000,188.5754506,95.0838827
15300,2,0.0000000,0.0000000,249.8276586,104.3390384
15300,3,0.0000000,0.0000000,303.4952196,94.0562154
15300,4,0.0000000,0.0000000,292.1216787,56.0349292
15300,5,0.0000000,0.0000000,174.8926417,58.2517242
15400,0,0.0000000,0.0000000,188.5754506,95.0838827
15400,2,0.0000000,0.0000000,250.6217610,103.7312543
15400,3,0.0000000,0.0000000,303.3298585,93.5034201
15400,4,0.0000000,0.0000000,291.9969838,55.6180791
15400,5,0.0000000,0.0000000,174.8926417,58.2517242
15500,0,0.0000000,0.0000000,188.5754506,95.0838827
15500,2,0.0000000,0.0000000,251.4158633,103.1234703
15500,3,0.0000000,0.0000000,303.1663592,92.9568485
15500,4,0.0000000,0.0000000,291.8747324,55.2093975
15500,5,0.0000000,0.0000000,174.8926417,58.2517242
15600,0,0.0000000,0.0000000,188.5754506,95.0838827
15600,2,0.0000000,0.0000000,252.2099657,102.5156862
15600,3,0.0000000,0.0000000,303.0304515,92.5025145
15600,4,0.0000000,0.0000000,291.7742751,54.8735729
15600,5,0.0000000,0.0000000,174.8926417,58.2517242
15700,0,0.0000000,0.0000000,188.5754506,95.0838827
15700,2,0.0000000,0.0000000,253.0040680,101.9079021
15700,3,0.0000000,0.0000000,303.0304515,92.5025145
15700,4,0.0000000,0.0000000,291.7742751,54.8735729
15700,5,0.0000000,0.0000000,174.8926417,58.2517242
15800,0,0.0000000,0.0000000,188.5754506,95.0838827
15800,2,0.0000000,0.0000000,253.7981704,101.3001181
15800,3,0.0000000,0.0000000,303.0304515,92.5025145
15800,4,0.0000000,0.0000000,291.7742751,54.8735729
15800,5,0.0000000,0.0000000,174.8926417,58.2517242
15900,0,0.0000000,0.0000000,188.5754506,95.0838827
15900,2,0.0000000,0.0000000,254.5922727,100.6923340
15900,3,0.0000000,0.0000000,303.0304515,92.5025145
15900,4,0.0000000,0.0000000,291.7742751,54.8735729
15900,5,0.0000000,0.0000000,174.8926417,58.2517242
16000,0,0.0000000,0.0000000,188.5754506,95.0838827
16000,2,0.0000000,0.0000000,255.3863751,100.0845499
16000,3,0.0000000,0.0000000,303.0304515,92.5025145
16000,4,0.0000000,0.0000000,291.7742751,54.8735729
16000,5,0.0000000,0.0000000,174.8926417,58.2517242
16100,0,0.0000000,0.0000000,188.5754506,95.0838827
16100,2,0.0000000,0.0000000,256.1804774,99.4767659
16100,3,0.0000000,0.0000000,303.0304515,92.5025145
16100,4,0.0000000,0.0000000,291.7742751,54.8735729
16100,5,0.0000000,0.0000000,174.8926417,58.2517242
1620,0,0.0000000,0.0000000,188.5754506,95.0838827
1620,2,0.0000000,0.0000000,256.9745797,98.8689818
1620,3,0.0000000,0.0000000,303.0304515,92.5025145
1620,4,0.0000000,0.0000000,291.7742751,54.8735729
1620,5,0.0000000,0.0000000,174.8926417,58.2517242
1630,0,0.0000000,0.0000000,188.5754506,95.0838827
1630,2,0.0000000,0.0000000,257.7686821,98.2611978
1630,3,0.0000000,0.0000000,303.0304515,92.5025145
1630,4,0.0000000,0.0000000,291.7742751,54.8735729
1630,5,0.0000000,0.0000000,174.8926417,58.2517242
1640,0,0.0000000,0.0000000,188.5754506,95.0838827
1640,2,0.0000000,0.0000000,258.5627844,97.6534137
1640,3,0.0000000,0.0000000,303.0304515,92.5025145
1640,4,0.0000000,0.0000000,291.7742751,54.8735729
1640,5,0.0000000,0.0000000,174.8926417,58.2517242
1650,0,0.0000000,0.0000000,188.5754506,95.0838827
1650,2,0.0000000,0.0000000,259.3568868,97.0456296
1650,3,0.0000000,0.0000000,303.0304515,92.5025145
1650,4,0.0000000,0.0000000,291.7742751,54.8735729
1650,5,0.0000000,0.0000000,174.8926417,58.2517242
1660,0,0.0000000,0.0000000,188.5754506,95.0838827
1660,2,0.0000000,0.0000000,260.1509891,96.4378456
1660,3,0.0000000,0.0000000,303.0304515,92.5025145
1660,4,0.0000000,0.0000000,291.7742751,54.8735729
1660,5,0.0000000,0.0000000,174.8926417,58.2517242
1670,0,0.0000000,0.0000000,188.5754506,95.0838827
1670,2,0.0000000,0.0000000,260.9450915,95.8300615
1670,3,0.0000000,0.0000000,303.0304515,92.5025145
1670,4,0.0000000,0.0000000,291.7742751,54.8735729
1670,5,0.0000000,0.0000000,174.8926417,58.2517242
1680,0,0.0000000,0.0000000,188.5754506,95.0838827
1680,2,0.0000000,0.0000000,261.7391938,95.2222774
1680,3,0.0000000,0.0000000,303.0304515,92.5025145
1680,4,0.0000000,0.0000000,291.7742751,54.8735729
1680,5,0.0000000,0.0000000,174.8926417,58.2517242
1690,0,0.0000000,0.0000000,188.5754506,95.0838827
1690,2,0.0000000,0.0000000,262.5332962,94.6144934
1690,3,0.0000000,0.0000000,303.4298002,92.3748906
1690,4,0.0000000,0.0000000,291.5335519,54.9481099
1690,5,0.0000000,0.0000000,174.8926417,58.2517242
1700,0,0.0000000,0.0000000,188.5754506,95.0838827
1700,2,0.0000000,0.0000000,263.3273985,94.0067093
1700,3,0.0000000,0.0000000,304.4929849,91.9821920
1700,4,0.0000000,0.0000000,290.8874689,55.1653855
1700,5,0.0000000,0.0000000,174.8926417,58.2517242
1710,0,0.0000000,0.0000000,188.5754506,95.0838827
1710,2,0.0000000,0.0000000,264.1215008,93.3989253
1710,3,0.0000000,0.0000000,305.5456262,91.5385691
1710,4,0.0000000,0.0000000,290.2408279,55.4017829
1710,5,0.0000000,0.0000000,174.8926417,58.2517242
1720,0,0.0000000,0.0000000,188.5754506,95.0838827
1720,2,0.0000000,0.0000000,264.9156032,92.7911412
1720,3,0.0000000,0.0000000,306.5883945,91.0424339
1720,4,0.0000000,0.0000000,289.5982435,55.6731169
1720,5,0.0000000,0.0000000,174.8926417,58.2517242
1730,0,0.0000000,0.0000000,188.5754506,95.0838827
1730,2,0.0000000,0.0000000,265.7097055,92.1833571
1730,3,0.0000000,0.0000000,307.6217058,90.4913676
1730,4,0.0000000,0.0000000,288.9597937,55.9809420
1730,5,0.0000000,0.0000000,174.8926417,58.2517242
1740,0,0.0000000,0.0000000,188.5754506,95.0838827
1740,2,0.0000000,0.0000000,266.3476313,91.7075870
1740,3,0.0000000,0.0000000,308.3805548,89.9499076
1740,4,0.0000000,0.0000000,288.5684150,56.1141366
1740,5,0.0000000,0.0000000,174.8926417,58.2517242
1750,0,0.0000000,0.0000000,188.5754506,95.0838827
1750,2,0.0000000,0.0000000,266.7766633,91.4014201
1750,3,0.0000000,0.0000000,308.6643244,88.6901277
1750,4,0.0000000,0.0000000,288.0229044,55.6155607
1750,5,0.0000000,0.0000000,174.8926417,58.2517242
1760,0,0.0000000,0.0000000,188.5754506,95.0838827
1760,2,0.0000000,0.0000000,267.2193532,91.0492775
1760,3,0.0000000,0.0000000,308.5385691,85.8564508
1760,4,0.0000000,0.0000000,286.3322058,54.5197822
1760,5,0.0000000,0.0000000,174.8926417,58.2517242
1770,0,0.0000000,0.0000000,188.5754506,95.0838827
1770,2,0.0000000,0.0000000,267.5457037,90.7781347
1770,3,0.0000000,0.0000000,308.0519619,83.7266410
1770,4,0.0000000,0.0000000,284.9325240,53.5198606
1770,5,0.0000000,0.0000000,174.8926417,58.2517242
1780,0,0.0000000,0.0000000,188.5754506,95.0838827
1780,2,0.0000000,0.0000000,267.9419653,90.4748470
1780,3,0.0000000,0.0000000,308.2117422,83.6704681
1780,4,0.0000000,0.0000000,285.0284811,53.3802991
1780,5,0.0000000,0.0000000,174.8926417,58.2517242
1790,0,0.0000000,0.0000000,188.5754506,95.0838827
1790,2,0.0000000,0.0000000,268.4108370,90.1159855
1790,3,0.0000000,0.0000000,308.4058997,83.4594128
1790,4,0.0000000,0.0000000,285.2829231,53.2480088
1790,5,0.0000000,0.0000000,174.8926417,58.2517242
1800,0,0.0000000,0.0000000,188.5754506,95.0838827
1800,2,0.0000000,0.0000000,268.2370729,90.2489797
1800,3,0.0000000,0.0000000,308.6770897,83.2358384
1800,4,0.0000000,0.0000000,285.5695702,53.0446300
1800,5,0.0000000,0.0000000,174.8926417,58.2517242
1810,0,0.0000000,0.0000000,188.5754506,95.0838827
1810,2,0.0000000,0.0000000,268.1018603,90.3524677
1810,3,0.0000000,0.0000000,308.9688668,83.0992733
1810,4,0.0000000,0.0000000,285.7776059,52.7986521
1810,5,0.0000000,0.0000000,174.8926417,58.2517242
1820,0,0.0000000,0.0000000,188.5754506,95.0838827
1820,2,0.0000000,0.0000000,267.9265697,90.4866304
1820,3,0.0000000,0.0000000,309.2047932,82.8126827
1820,4,0.0000000,0.0000000,286.1158709,52.6457724
1820,5,0.0000000,0.0000000,174.8926417,58.2517242
1830,0,0.0000000,0.0000000,188.5754506,95.0838827
1830,2,0.0000000,0.0000000,267.7560411,90.6171482
1830,3,0.0000000,0.0000000,309.4411650,82.6020819
1830,4,0.0000000,0.0000000,286.3809005,52.4726145
1830,5,0.0000000,0.0000000,174.8926417,58.2517242
1840,0,0.0000000,0.0000000,188.5754506,95.0838827
1840,2,0.0000000,0.0000000,267.6054826,90.7323816
1840,3,0.0000000,0.0000000,309.6739003,82.3953783
1840,4,0.0000000,0.0000000,286.6412182,52.3019488
1840,5,0.0000000,0.0000000,174.8926417,58.2517242
1850,0,0.0000000,0.0000000,188.5754506,95.0838827
1850,2,0.0000000,0.0000000,267.4550768,90.8474980
1850,3,0.0000000,0.0000000,309.8937869,82.1951888
1850,4,0.0000000,0.0000000,286.8918920,52.1419844
1850,5,0.0000000,0.0000000,174.8926417,58.2517242
1860,0,0.0000000,0.0000000,188.5754506,95.0838827
1860,2,0.0000000,0.0000000,267.3054481,90.9620197
1860,3,0.0000000,0.0000000,310.1008741,81.9999082
1860,4,0.0000000,0.0000000,287.1344841,51.9930928
1860,5,0.0000000,0.0000000,174.8926417,58.2517242
1870,0,0.0000000,0.0000000,188.5754506,95.0838827
1870,2,0.0000000,0.0000000,267.1780274,91.0595440
1870,3,0.0000000,0.0000000,310.3807687,81.7951052
1870,4,0.0000000,0.0000000,287.4052851,51.7764086
1870,5,0.0000000,0.0000000,174.8926417,58.2517242
1880,0,0.0000000,0.0000000,188.5754506,95.0838827
1880,2,0.0000000,0.0000000,267.3548689,90.9241944
1880,3,0.0000000,0.0000000,310.4742385,81.6634337
1880,4,0.0000000,0.0000000,287.5567997,51.7205757
1880,5,0.0000000,0.0000000,174.8926417,58.2517242
1890,0,0.0000000,0.0000000,188.5754506,95.0838827
1890,2,0.0000000,0.0000000,267.5084530,90.8066453
1890,3,0.0000000,0.0000000,310.5492594,81.6002703
1890,4,0.0000000,0.0000000,287.6373656,51.6646573
1890,5,0.0000000,0.0000000,174.8926417,58.2517242
1900,0,0.0000000,0.0000000,188.5754506,95.0838827
1900,2,0.0000000,0.0000000,267.7110788,90.6515612
1900,3,0.0000000,0.0000000,310.6548027,81.5195950
1900,4,0.0000000,0.0000000,287.7428079,51.5838500
1900,5,0.0000000,0.0000000,174.8926417,58.2517242
1910,0,0.0000000,0.0000000,188.5754506,95.0838827
1910,2,0.0000000,0.0000000,267.8938656,90.5116612
1910,3,0.0000000,0.0000000,310.7280003,81.4435503
1910,4,0.0000000,0.0000000,287.8353319,51.5330561
1910,5,0.0000000,0.0000000,174.8926417,58.2517242
1920,0,0.0000000,0.0000000,188.5754506,95.0838827
1920,2,0.0000000,0.0000000,268.0439636,90.3967803
1920,3,0.0000000,0.0000000,310.8092551,81.3859291
1920,4,0.0000000,0.0000000,287.9121762,51.4696725
1920,5,0.0000000,0.0000000,174.8926417,58.2517242
1930,0,0.0000000,0.0000000,188.5754506,95.0838827
1930,2,0.0000000,0.0000000,268.2721395,90.2221408
1930,3,0.0000000,0.0000000,310.9130834,81.2963228
1930,4,0.0000000,0.0000000,288.0257916,51.3928534
1930,5,0.0000000,0.0000000,174.8926417,58.2517242
1940,0,0.0000000,0.0000000,188.5754506,95.0838827
1940,2,0.0000000,0.0000000,268.4136586,90.1138259
1940,3,0.0000000,0.0000000,310.9640202,81.2401732
1940,4,0.0000000,0.0000000,288.0932965,51.3583509
1940,5,0.0000000,0.0000000,174.8926417,58.2517242
1950,0,0.0000000,0.0000000,188.5754506,95.0838827
1950,2,0.0000000,0.0000000,268.5946400,89.9753077
1950,3,0.0000000,0.0000000,311.0651011,81.1731898
1950,4,0.0000000,0.0000000,288.1843566,51.2782750
1950,5,0.0000000,0.0000000,174.8926417,58.2517242
1960,0,0.0000000,0.0000000,188.5754506,95.0838827
1960,2,0.0000000,0.0000000,268.8177580,89.8045394
1960,3,0.0000000,0.0000000,311.1462235,81.0881597
1960,4,0.0000000,0.0000000,288.2876239,51.2221783
1960,5,0.0000000,0.0000000,174.8926417,58.2517242
1970,0,0.0000000,0.0000000,188.5754506,95.0838827
1970,2,0.0000000,0.0000000,268.9277908,89.7203233
1970,3,0.0000000,0.0000000,311.1925576,81.0474627
1970,4,0.0000000,0.0000000,288.3390104,51.1880826
1970,5,0.0000000,0.0000000,174.8926417,58.2517242
1980,0,0.0000000,0.0000000,188.5754506,95.0838827
1980,2,0.0000000,0.0000000,269.1581310,89.5440272
1980,3,0.0000000,0.0000000,311.3085171,80.9640099
1980,4,0.0000000,0.0000000,288.4498545,51.0979462
1980,5,0.0000000,0.0000000,174.8926417,58.2517242
1990,0,0.0000000,0.0000000,188.5754506,95.0838827
1990,2,0.0000000,0.0000000,269.3365460,89.4074733
1990,3,0.0000000,0.0000000,311.3553742,80.8998437
1990,4,0.0000000,0.0000000,288.5240322,51.0694757
1990,5,0.0000000,0.0000000,174.8926417,58.2517242
2000,0,0.0000000,0.0000000,188.5754506,95.0838827
2000,2,0.0000000,0.0000000,269.4571197,89.3151895
2000,3,0.0000000,0.0000000,311.4205610,80.8572008
2000,4,0.0000000,0.0000000,288.5822213,51.0176900
2000,5,0.0000000,0.0000000,174.8926417,58.2517242
2010,0,0.0000000,0.0000000,188.5754506,95.0838827
2010,2,0.0000000,0.0000000,269.7144662,89.1182236
2010,3,0.0000000,0.0000000,311.5271212,80.7676919
2010,4,0.0000000,0.0000000,288.6964562,50.9382085
2010,5,0.0000000,0.0000000,174.8926417,58.2517242
2020,0,0.0000000,0.0000000,188.5754506,95.0838827
2020,2,0.0000000,0.0000000,269.8375652,89.0240070
2020,3,0.0000000,0.0000000,311.5536329,80.7268291
2020,4,0.0000000,0.0000000,288.7428252,50.9232904
2020,5,0.0000000,0.0000000,174.8926417,58.2517242
2030,0,0.0000000,0.0000000,188.5754506,95.0838827
2030,2,0.0000000,0.0000000,270.0124314,88.8901692
2030,3,0.0000000,0.0000000,311.6432147,80.6668589
2030,4,0.0000000,0.0000000,288.8241121,50.8524824
2030,5,0.0000000,0.0000000,174.8926417,58.2517242
2040,0,0.0000000,0.0000000,188.5754506,95.0838827
2040,2,0.0000000,0.0000000,270.2384084,88.7172127
2040,3,0.0000000,0.0000000,311.7151320,80.5936225
2040,4,0.0000000,0.0000000,288.9135907,50.8021908
2040,5,0.0000000,0.0000000,174.8926417,58.2517242
2050,0,0.0000000,0.0000000,188.5754506,95.0838827
2050,2,0.0000000,0.0000000,270.3492021,88.6324142
2050,3,0.0000000,0.0000000,311.7496659,80.5585691
2050,4,0.0000000,0.0000000,288.9564473,50.7780116
2050,5,0.0000000,0.0000000,174.8926417,58.2517242
2060,0,0.0000000,0.0000000,188.5754506,95.0838827
2060,2,0.0000000,0.0000000,270.5654932,88.4668709
2060,3,0.0000000,0.0000000,311.8438657,80.4883314
2060,4,0.0000000,0.0000000,289.0488515,50.7054278
2060,5,0.0000000,0.0000000,174.8926417,58.2517242
2070,0,0.0000000,0.0000000,188.5754506,95.0838827
2070,2,0.0000000,0.0000000,270.7433163,88.3307701
2070,3,0.0000000,0.0000000,311.8884241,80.4356242
2070,4,0.0000000,0.0000000,289.1113676,50.6761831
2070,5,0.0000000,0.0000000,174.8926417,58.2517242
2080,0,0.0000000,0.0000000,188.5754506,95.0838827
2080,2,0.0000000,0.0000000,270.8811496,88.2252762
2080,3,0.0000000,0.0000000,311.9418270,80.3930154
2080,4,0.0000000,0.0000000,289.1664459,50.6357634
2080,5,0.0000000,0.0000000,174.8926417,58.2517242
2090,0,0.0000000,0.0000000,188.5754506,95.0838827
2090,2,0.0000000,0.0000000,271.0997783,88.0579439
2090,3,0.0000000,0.0000000,312.0185825,80.3276177
2090,4,0.0000000,0.0000000,289.2496217,50.5787541
2090,5,0.0000000,0.0000000,174.8926417,58.2517242
2100,0,0.0000000,0.0000000,188.5754506,95.0838827
2100,2,0.0000000,0.0000000,271.2471241,87.9451695
2100,3,0.0000000,0.0000000,312.0553287,80.2869030
2100,4,0.0000000,0.0000000,289.2985210,50.5539181
2100,5,0.0000000,0.0000000,174.8926417,58.2517242
2110,0,0.0000000,0.0000000,188.5754506,95.0838827
2110,2,0.0000000,0.0000000,271.4219686,87.8113483
2110,3,0.0000000,0.0000000,312.1191213,80.2359199
2110,4,0.0000000,0.0000000,289.3643966,50.5056566
2110,5,0.0000000,0.0000000,174.8926417,58.2517242
2120,0,0.0000000,0.0000000,188.5754506,95.0838827
2120,2,0.0000000,0.0000000,271.4219686,87.8113483
2120,3,0.0000000,0.0000000,312.1191213,80.2359199
2120,4,0.0000000,0.0000000,289.3643966,50.5056566
2120,5,0.0000000,0.0000000,174.8926417,58.2517242
2130,0,0.0000000,0.0000000,188.5754506,95.0838827
2130,2,0.0000000,0.0000000,271.4219686,87.8113483
2130,3,0.0000000,0.0000000,312.1191213,80.2359199
2130,4,0.0000000,0.0000000,289.3643966,50.5056566
2130,5,0.0000000,0.0000000,174.8926417,58.2517242
2140,0,0.0000000,0.0000000,188.5754506,95.0838827
2140,2,0.0000000,0.0000000,271.4219686,87.8113483
2140,3,0.0000000,0.0000000,312.1191213,80.2359199
2140,4,0.0000000,0.0000000,289.3643966,50.5056566
2140,5,0.0000000,0.0000000,174.8926417,58.2517242
2150,0,0.0000000,0.0000000,188.5754506,95.0838827
2150,2,0.0000000,0.0000000,271.4219686,87.8113483
2150,3,0.0000000,0.0000000,312.1191213,80.2359199
2150,4,0.0000000,0.0000000,289.3643966,50.5056566
2150,5,0.0000000,0.0000000,174.8926417,58.2517242
2160,0,0.0000000,0.0000000,188.5754506,95.0838827
2160,2,0.0000000,0.0000000,271.4219686,87.8113483
2160,3,0.0000000,0.0000000,312.1191213,80.2359199
2160,4,0.0000000,0.0000000,289.3643966,50.5056566
2160,5,0.0000000,0.0000000,174.8926417,58.2517242
2170,0,0.0000000,0.0000000,188.5754506,95.0838827
2170,2,0.0000000,0.0000000,271.4219686,87.8113483
2170,3,0.0000000,0.0000000,312.1191213,80.2359199
2170,4,0.0000000,0.0000000,289.3643966,50.5056566
2170,5,0.0000000,0.0000000,174.8926417,58.2517242
2180,0,0.0000000,0.0000000,188.5754506,95.0838827
2180,2,0.0000000,0.0000000,271.4219686,87.8113483
2180,3,0.0000000,0.0000000,312.1191213,80.2359199
2180,4,0.0000000,0.0000000,289.3643966,50.5056566
2180,5,0.0000000,0.0000000,174.8926417,58.2517242
2190,0,0.0000000,0.0000000,188.5754506,95.0838827
2190,2,0.0000000,0.0000000,271.4219686,87.8113483
2190,3,0.0000000,0.0000000,312.1191213,80.2359199
2190,4,0.0000000,0.0000000,289.3643966,50.5056566
2190,5,0.0000000,0.0000000,174.8926417,58.2517242
2200,0,0.0000000,0.0000000,188.5754506,95.0838827
2200,2,0.0000000,0.0000000,271.4219686,87.8113483
2200,3,0.0000000,0.0000000,312.1191213,80.2359199
2200,4,0.0000000,0.0000000,289.3643966,50.5056566
2200,5,0.0000000,0.0000000,174.8926417,58.2517242
2210,0,0.0000000,0.0000000,188.5754506,95.0838827
2210,2,0.0000000,0.0000000,271.4219686,87.8113483
2210,3,0.0000000,0.0000000,312.1191213,80.2359199
2210,4,0.0000000,0.0000000,289.3643966,50.5056566
2210,5,0.0000000,0.0000000,174.8926417,58.2517242
2220,0,0.0000000,0.0000000,188.5754506,95.0838827
2220,2,0.0000000,0.0000000,271.4219686,87.8113483
2220,3,0.0000000,0.0000000,312.1191213,80.2359199
2220,4,0.0000000,0.0000000,289.3643966,50.5056566
2220,5,0.0000000,0.0000000,174.8926417,58.2517242
2230,0,0.0000000,0.0000000,188.5754506,95.0838827
2230,2,0.0000000,0.0000000,271.4219686,87.8113483
2230,3,0.0000000,0.0000000,312.1191213,80.2359199
2230,4,0.0000000,0.0000000,289.3643966,50.5056566
2230,5,0.0000000,0.0000000,174.8926417,58.2517242
2240,0,0.0000000,0.0000000,188.5754506,95.0838827
2240,2,0.0000000,0.0000000,271.4219686,87.8113483
2240,3,0.0000000,0.0000000,312.1191213,80.2359199
2240,4,0.0000000,0.0000000,289.3643966,50.5056566
2240,5,0.0000000,0.0000000,174.8926417,58.2517242
2250,0,0.0000000,0.0000000,188.5754506,95.0838827
2250,2,0.0000000,0.0000000,271.4219686,87.8113483
2250,3,0.0000000,0.0000000,312.1191213,80.2359199
2250,4,0.0000000,0.0000000,289.3643966,50.5056566
2250,5,0.0000000,0.0000000,174.8926417,58.2517242
2260,0,0.0000000,0.0000000,188.5754506,95.0838827
2260,2,0.0000000,0.0000000,271.4219686,87.8113483
2260,3,0.0000000,0.0000000,312.1191213,80.2359199
2260,4,0.0000000,0.0000000,289.3643966,50.5056566
2260,5,0.0000000,0.0000000,174.8926417,58.2517242
2270,0,0.0000000,0.0000000,188.5754506,95.0838827
2270,2,0.0000000,0.0000000,271.4219686,87.8113483
2270,3,0.0000000,0.0000000,312.1191213,80.2359199
2270,4,0.0000000,0.0000000,289.3643966,50.5056566
2270,5,0.0000000,0.0000000,174.8926417,58.2517242
2280,0,0.0000000,0.0000000,188.5754506,95.0838827
2280,2,0.0000000,0.0000000,271.4219686,87.8113483
2280,3,0.0000000,0.0000000,312.1191213,80.2359199
2280,4,0.0000000,0.0000000,289.3643966,50.5056566
2280,5,0.0000000,0.0000000,174.8926417,58.2517242
2290,0,0.0000000,0.0000000,188.5754506,95.0838827
2290,2,0.0000000,0.0000000,271.4219686,87.8113483
2290,3,0.0000000,0.0000000,312.1191213,80.2359199
2290,4,0.0000000,0.0000000,289.3643966,50.5056566
2290,5,0.0000000,0.0000000,174.8926417,58.2517242
2300,0,0.0000000,0.0000000,188.5754506,95.0838827
2300,2,0.0000000,0.0000000,271.4219686,87.8113483
2300,3,0.0000000,0.0000000,312.1191213,80.2359199
2300,4,0.0000000,0.0000000,289.3643966,50.5056566
2300,5,0.0000000,0.0000000,174.8926417,58.2517242
2310,0,0.0000000,0.0000000,188.5754506,95.0838827
2310,2,0.0000000,0.0000000,271.4219686,87.8113483
2310,3,0.0000000,0.0000000,312.1191213,80.2359199
2310,4,0.0000000,0.0000000,289.3643966,50.5056566
2310,5,0.0000000,0.0000000,174.8926417,58.2517242
2320,0,0.0000000,0.0000000,188.5754506,95.0838827
2320,2,0.0000000,0.0000000,271.4219686,87.8113483
2320,3,0.0000000,0.0000000,312.1191213,80.2359199
2320,4,0.0000000,0.0000000,289.3643966,50.5056566
2320,5,0.0000000,0.0000000,174.8926417,58.2517242
2330,0,0.0000000,0.0000000,188.5754506,95.0838827
2330,2,0.0000000,0.0000000,271.4219686,87.8113483
2330,3,0.0000000,0.0000000,312.1191213,80.2359199
2330,4,0.0000000,0.0000000,289.3643966,50.5056566
2330,5,0.0000000,0.0000000,174.8926417,58.2517242
2340,0,0.0000000,0.0000000,188.5754506,95.0838827
2340,2,0.0000000,0.0000000,271.4219686,87.8113483
2340,3,0.0000000,0.0000000,312.1191213,80.2359199
2340,4,0.0000000,0.0000000,289.3643966,50.5056566
2340,5,0.0000000,0.0000000,174.8926417,58.2517242
2350,0,0.0000000,0.0000000,188.5754506,95.0838827
2350,2,0.0000000,0.0000000,271.4219686,87.8113483
2350,3,0.0000000,0.0000000,312.1191213,80.2359199
2350,4,0.0000000,0.0000000,289.3643966,50.5056566
2350,5,0.0000000,0.0000000,174.8926417,58.2517242
2360,0,0.0000000,0.0000000,188.5754506,95.0838827
2360,2,0.0000000,0.0000000,271.4219686,87.8113483
2360,3,0.0000000,0.0000000,312.1191213,80.2359199
2360,4,0.0000000,0.0000000,289.3643966,50.5056566
2360,5,0.0000000,0.0000000,174.8926417,58.2517242
2370,0,0.0000000,0.0000000,188.5754506,95.0838827
2370,2,0.0000000,0.0000000,271.4219686,87.8113483
2370,3,0.0000000,0.0000000,312.1191213,80.2359199
2370,4,0.0000000,0.0000000,289.3643966,50.5056566
2370,5,0.0000000,0.0000000,174.8926417,58.2517242
2380,0,0.0000000,0.0000000,188.5754506,95.0838827
2380,2,0.0000000,0.0000000,271.4219686,87.8113483
2380,3,0.0000000,0.0000000,312.1191213,80.2359199
2380,4,0.0000000,0.0000000,289.3643966,50.5056566
2380,5,0.0000000,0.0000000,174.8926417,58.2517242
2390,0,0.0000000,0.0000000,188.5754506,95.0838827
2390,2,0.0000000,0.0000000,271.4219686,87.8113483
2390,3,0.0000000,0.0000000,312.1191213,80.2359199
2390,4,0.0000000,0.0000000,289.3643966,50.5056566
2390,5,0.0000000,0.0000000,174.8926417,58.2517242
2400,0,0.0000000,0.0000000,188.5754506,95.0838827
2400,2,0.0000000,0.0000000,271.4219686,87.8113483
2400,3,0.0000000,0.0000000,312.1191213,80.2359199
2400,4,0.0000000,0.0000000,289.3643966,50.5056566
2400,5,0.0000000,0.0000000,174.8926417,58.2517242
2410,0,0.0000000,0.0000000,188.5754506,95.0838827
2410,2,0.0000000,0.0000000,271.4219686,87.8113483
2410,3,0.0000000,0.0000000,312.1191213,80.2359199
2410,4,0.0000000,0.0000000,289.3643966,50.5056566
2410,5,0.0000000,0.0000000,174.8926417,58.2517242
2420,0,0.0000000,0.0000000,188.5754506,95.0838827
2420,2,0.0000000,0.0000000,271.4219686,87.8113483
2420,3,0.0000000,0.0000000,312.1191213,80.2359199
2420,4,0.0000000,0.0000000,289.3643966,50.5056566
2420,5,0.0000000,0.0000000,174.8926417,58.2517242
2430,0,0.0000000,0.0000000,188.5754506,95.0838827
2430,2,0.0000000,0.0000000,271.4219686,87.8113483
2430,3,0.0000000,0.0000000,312.1191213,80.2359199
2430,4,0.0000000,0.0000000,289.3643966,50.5056566
2430,5,0.0000000,0.0000000,174.8926417,58.2517242
2440,0,0.0000000,0.0000000,188.5754506,95.0838827
2440,2,0.0000000,0.0000000,271.4219686,87.8113483
2440,3,0.0000000,0.0000000,312.1191213,80.2359199
2440,4,0.0000000,0.0000000,289.3643966,50.5056566
2440,5,0.0000000,0.0000000,174.8926417,58.2517242
2450,0,0.0000000,0.0000000,188.5754506,95.0838827
2450,2,0.0000000,0.0000000,271.4219686,87.8113483
2450,3,0.0000000,0.0000000,312.1191213,80.2359199
2450,4,0.0000000,0.0000000,289.3643966,50.5056566
2450,5,0.0000000,0.0000000,174.8926417,58.2517242
2460,0,0.0000000,0.0000000,188.5754506,95.0838827
2460,2,0.0000000,0.0000000,271.4219686,87.8113483
2460,3,0.0000000,0.0000000,312.1191213,80.2359199
2460,4,0.0000000,0.0000000,289.3643966,50.5056566
2460,5,0.0000000,0.0000000,174.8926417,58.2517242
2470,0,0.0000000,0.0000000,188.5754506,95.0838827
2470,2,0.0000000,0.0000000,271.4219686,87.8113483
2470,3,0.0000000,0.0000000,312.1191213,80.2359199
2470,4,0.0000000,0.0000000,289.3643966,50.5056566
2470,5,0.0000000,0.0000000,174.8926417,58.2517242
2480,0,0.0000000,0.0000000,188.5754506,95.0838827
2480,2,0.0000000,0.0000000,271.4219686,87.8113483
2480,3,0.0000000,0.0000000,312.1191213,80.2359199
2480,4,0.0000000,0.0000000,289.3643966,50.5056566
2480,5,0.0000000,0.0000000,174.8926417,58.2517242
2490,0,0.0000000,0.0000000,188.5754506,95.0838827
2490,2,0.0000000,0.0000000,271.4219686,87.8113483
2490,3,0.0000000,0.0000000,312.1191213,80.2359199
2490,4,0.0000000,0.0000000,289.3643966,50.5056566
2490,5,0.0000000,0.0000000,174.8926417,58.2517242
2500,0,0.0000000,0.0000000,188.5754506,95.0838827
2500,2,0.0000000,0.0000000,271.4219686,87.8113483
2500,3,0.0000000,0.0000000,312.1191213,80.2359199
2500,4,0.0000000,0.0000000,289.3643966,50.5056566
2500,5,0.0000000,0.0000000,174.8926417,58.2517242
2510,0,0.0000000,0.0000000,188.5754506,95.0838827
2510,2,0.0000000,0.0000000,271.4219686,87.8113483
2510,3,0.0000000,0.0000000,312.1191213,80.2359199
2510,4,0.0000000,0.0000000,289.3643966,50.5056566
2510,5,0.0000000,0.0000000,174.8926417,58.2517242
2520,0,0.0000000,0.0000000,188.5754506,95.0838827
2520,2,0.0000000,0.0000000,271.4219686,87.8113483
2520,3,0.0000000,0.0000000,312.1191213,80.2359199
2520,4,0.0000000,0.0000000,289.3643966,50.5056566
2520,5,0.0000000,0.0000000,174.8926417,58.2517242
2530,0,0.0000000,0.0000000,188.5754506,95.0838827
2530,2,0.0000000,0.0000000,271.4219686,87.8113483
2530,3,0.0000000,0.0000000,312.1191213,80.2359199
2530,4,0.0000000,0.0000000,289.3643966,50.5056566
2530,5,0.0000000,0.0000000,174.8926417,58.2517242
2540,0,0.0000000,0.0000000,188.5754506,95.0838827
2540,2,0.0000000,0.0000000,271.4219686,87.8113483
2540,3,0.0000000,0.0000000,312.1191213,80.2359199
2540,4,0.0000000,0.0000000,289.3643966,50.5056566
2540,5,0.0000000,0.0000000,174.8926417,58.2517242
2550,0,0.0000000,0.0000000,188.5754506,95.0838827
2550,2,0.0000000,0.0000000,271.4219686,87.8113483
2550,3,0.0000000,0.0000000,312.1191213,80.2359199
2550,4,0.0000000,0.0000000,289.3643966,50.5056566
2550,5,0.0000000,0.0000000,174.8926417,58.2517242
2560,0,0.0000000,0.0000000,188.5754506,95.0838827
2560,2,0.0000000,0.0000000,271.4219686,87.8113483
2560,3,0.0000000,0.0000000,312.1191213,80.2359199
2560,4,0.0000000,0.0000000,289.3643966,50.5056566
2560,5,0.0000000,0.0000000,174.8926417,58.2517242
2570,0,0.0000000,0.0000000,188.5754506,95.0838827
2570,2,0.0000000,0.0000000,271.4219686,87.8113483
2570,3,0.0000000,0.0000000,312.1191213,80.2359199
2570,4,0.0000000,0.0000000,289.3643966,50.5056566
2570,5,0.0000000,0.0000000,174.8926417,58.2517242
2580,0,0.0000000,0.0000000,188.5754506,95.0838827
2580,2,0.0000000,0.0000000,271.4219686,87.8113483
2580,3,0.0000000,0.0000000,312.1191213,80.2359199
2580,4,0.0000000,0.0000000,289.3643966,50.5056566
2580,5,0.0000000,0.0000000,174.8926417,58.2517242
2590,0,0.0000000,0.0000000,188.5754506,95.0838827
2590,2,0.0000000,0.0000000,271.4219686,87.8113483
2590,3,0.0000000,0.0000000,312.1191213,80.2359199
2590,4,0.0000000,0.0000000,289.3643966,50.5056566
2590,5,0.0000000,0.0000000,174.8926417,58.2517242
2600,0,0.0000000,0.0000000,188.5754506,95.0838827
2600,2,0.0000000,0.0000000,271.4219686,87.8113483
2600,3,0.0000000,0.0000000,312.1191213,80.2359199
2600,4,0.0000000,0.0000000,289.3643966,50.5056566
2600,5,0.0000000,0.0000000,174.8926417,58.2517242
2610,0,0.0000000,0.0000000,188.5754506,95.0838827
2610,2,0.0000000,0.0000000,271.4219686,87.8113483
2610,3,0.0000000,0.0000000,312.1191213,80.2359199
2610,4,0.0000000,0.0000000,289.3643966,50.5056566
2610,5,0.0000000,0.0000000,174.8926417,58.2517242
2620,0,0.0000000,0.0000000,188.5754506,95.0838827
2620,2,0.0000000,0.0000000,271.4219686,87.8113483
2620,3,0.0000000,0.0000000,312.1191213,80.2359199
2620,4,0.0000000,0.0000000,289.3643966,50.5056566
2620,5,0.0000000,0.0000000,174.8926417,58.2517242
2630,0,0.0000000,0.0000000,188.5754506,95.0838827
2630,2,0.0000000,0.0000000,271.4219686,87.8113483
2630,3,0.0000000,0.0000000,312.1191213,80.2359199
2630,4,0.0000000,0.0000000,289.3643966,50.5056566
2630,5,0.0000000,0.0000000,174.8926417,58.2517242
2640,0,0.0000000,0.0000000,188.5754506,95.0838827
2640,2,0.0000000,0.0000000,271.4219686,87.8113483
2640,3,0.0000000,0.0000000,312.1191213,80.2359199
2640,4,0.0000000,0.0000000,289.3643966,50.5056566
2640,5,0.0000000,0.0000000,174.8926417,58.2517242
2650,0,0.0000000,0.0000000,188.5754506,95.0838827
2650,2,0.0000000,0.0000000,271.4219686,87.8113483
2650,3,0.0000000,0.0000000,312.1191213,80.2359199
2650,4,0.0000000,0.0000000,289.3643966,50.5056566
2650,5,0.0000000,0.0000000,174.8926417,58.2517242
2660,0,0.0000000,0.0000000,188.5754506,95.0838827
2660,2,0.0000000,0.0000000,271.4219686,87.8113483
2660,3,0.0000000,0.0000000,312.1191213,80.2359199
2660,4,0.0000000,0.0000000,289.3643966,50.5056566
2660,5,0.0000000,0.0000000,174.8926417,58.2517242
2670,0,0.0000000,0.0000000,188.5754506,95.0838827
2670,2,0.0000000,0.0000000,271.4219686,87.8113483
2670,3,0.0000000,0.0000000,312.1191213,80.2359199
2670,4,0.0000000,0.0000000,289.3643966,50.5056566
2670,5,0.0000000,0.0000000,174.8926417,58.2517242
2680,0,0.0000000,0.0000000,188.5754506,95.0838827
2680,2,0.0000000,0.0000000,271.4219686,87.8113483
2680,3,0.0000000,0.0000000,312.1191213,80.2359199
2680,4,0.0000000,0.0000000,289.3643966,50.5056566
2680,5,0.0000000,0.0000000,174.8926417,58.2517242
2690,0,0.0000000,0.0000000,188.5754506,95.0838827
2690,2,0.0000000,0.0000000,271.4219686,87.8113483
2690,3,0.0000000,0.0000000,312.1191213,80.2359199
2690,4,0.0000000,0.0000000,289.3643966,50.5056566
2690,5,0.0000000,0.0000000,174.8926417,58.2517242
2700,0,0.0000000,0.0000000,188.5754506,95.0838827
2700,2,0.0000000,0.0000000,271.4219686,87.8113483
2700,3,0.0000000,0.0000000,312.1191213,80.2359199
2700,4,0.0000000,0.0000000,289.3643966,50.5056566
2700,5,0.0000000,0.0000000,174.8926417,58.2517242
2710,0,0.0000000,0.0000000,188.5754506,95.0838827
2710,2,0.0000000,0.0000000,271.4219686,87.8113483
2710,3,0.0000000,0.0000000,312.1191213,80.2359199
2710,4,0.0000000,0.0000000,289.3643966,50.5056566
2710,5,0.0000000,0.0000000,174.8926417,58.2517242
2720,0,0.0000000,0.0000000,188.5754506,95.0838827
2720,2,0.0000000,0.0000000,271.4219686,87.8113483
2720,3,0.0000000,0.0000000,312.1191213,80.2359199
2720,4,0.0000000,0.0000000,289.3643966,50.5056566
2720,5,0.0000000,0.0000000,174.8926417,58.2517242
2730,0,0.0000000,0.0000000,188.5754506,95.0838827
2730,2,0.0000000,0.0000000,271.4219686,87.8113483
2730,3,0.0000000,0.0000000,312.1191213,80.2359199
2730,4,0.0000000,0.0000000,289.3643966,50.5056566
2730,5,0.0000000,0.0000000,174.8926417,58.2517242
2740,0,0.0000000,0.0000000,188.5754506,95.0838827
2740,2,0.0000000,0.0000000,271.4219686,87.8113483
2740,3,0.0000000,0.0000000,312.1191213,80.2359199
2740,4,0.0000000,0.0000000,289.3643966,50.5056566
2740,5,0.0000000,0.0000000,174.8926417,58.2517242
2750,0,0.0000000,0.0000000,188.5754506,95.0838827
2750,2,0.0000000,0.0000000,271.4219686,87.8113483
2750,3,0.0000000,0.0000000,312.1191213,80.2359199
2750,4,0.0000000,0.0000000,289.3643966,50.5056566
2750,5,0.0000000,0.0000000,174.8926417,58.2517242
2760,0,0.0000000,0.0000000,188.5754506,95.0838827
2760,2,0.0000000,0.0000000,271.4219686,87.8113483
2760,3,0.0000000,0.0000000,312.1191213,80.2359199
2760,4,0.0000000,0.0000000,289.3643966,50.5056566
2760,5,0.0000000,0.0000000,174.8926417,58.2517242
2770,0,0.0000000,0.0000000,188.5754506,95.0838827
2770,2,0.0000000,0.0000000,271.4219686,87.8113483
2770,3,0.0000000,0.0000000,312.1191213,80.2359199
2770,4,0.0000000,0.0000000,289.3643966,50.5056566
2770,5,0.0000000,0.0000000,174.8926417,58.2517242
2780,0,0.0000000,0.0000000,188.5754506,95.0838827
2780,2,0.0000000,0.0000000,271.4219686,87.8113483
2780,3,0.0000000,0.0000000,312.1191213,80.2359199
2780,4,0.0000000,0.0000000,289.3643966,50.5056566
2780,5,0.0000000,0.0000000,174.8926417,58.2517242
2790,0,0.0000000,0.0000000,188.5754506,95.0838827
2790,2,0.0000000,0.0000000,271.4219686,87.8113483
2790,3,0.0000000,0.0000000,312.1191213,80.2359199
2790,4,0.0000000,0.0000000,289.3643966,50.5056566
2790,5,0.0000000,0.0000000,174.8926417,58.2517242
2800,0,0.0000000,0.0000000,188.5754506,95.0838827
2800,2,0.0000000,0.0000000,271.4219686,87.8113483
2800,3,0.0000000,0.0000000,312.1191213,80.2359199
2800,4,0.0000000,0.0000000,289.3643966,50.5056566
2800,5,0.0000000,0.0000000,174.8926417,58.2517242
2810,0,0.0000000,0.0000000,188.5754506,95.0838827
2810,2,0.0000000,0.0000000,271.4219686,87.8113483
2810,3,0.0000000,0.0000000,312.1191213,80.2359199
2810,4,0.0000000,0.0000000,289.3643966,50.5056566
2810,5,0.0000000,0.0000000,174.8926417,58.2517242
2820,0,0.0000000,0.0000000,188.5754506,95.0838827
2820,2,0.0000000,0.0000000,271.4219686,87.8113483
2820,3,0.0000000,0.0000000,312.1191213,80.2359199
2820,4,0.0000000,0.0000000,289.3643966,50.5056566
2820,5,0.0000000,0.0000000,174.8926417,58.2517242
2830,0,0.0000000,0.0000000,188.5754506,95.0838827
2830,2,0.0000000,0.0000000,271.4219686,87.8113483
2830,3,0.0000000,0.0000000,312.1191213,80.2359199
2830,4,0.0000000,0.0000000,289.3643966,50.5056566
2830,5,0.0000000,0.0000000,174.8926417,58.2517242
2840,0,0.0000000,0.0000000,188.5754506,95.0838827
2840,2,0.0000000,0.0000000,271.4219686,87.8113483
2840,3,0.0000000,0.0000000,312.1191213,80.2359199
2840,4,0.0000000,0.0000000,289.3643966,50.5056566
2840,5,0.0000000,0.0000000,174.8926417,58.2517242
2850,0,0.0000000,0.0000000,188.5754506,95.0838827
2850,2,0.0000000,0.0000000,271.4219686,87.8113483
2850,3,0.0000000,0.0000000,312.1191213,80.2359199
2850,4,0.0000000,0.0000000,289.3643966,50.5056566
2850,5,0.0000000,0.0000000,174.8926417,58.2517242
2860,0,0.0000000,0.0000000,188.5754506,95.0838827
2860,2,0.0000000,0.0000000,271.4219686,87.8113483
2860,3,0.0000000,0.0000000,312.1191213,80.2359199
2860,4,0.0000000,0.0000000,289.3643966,50.5056566
2860,5,0.0000000,0.0000000,174.8926417,58.2517242
2870,0,0.0000000,0.0000000,188.5754506,95.0838827
2870,2,0.0000000,0.0000000,271.4219686,87.8113483
2870,3,0.0000000,0.0000000,312.1191213,80.2359199
2870,4,0.0000000,0.0000000,289.3643966,50.5056566
2870,5,0.0000000,0.0000000,174.8926417,58.2517242
2880,0,0.0000000,0.0000000,188.5754506,95.0838827
2880,2,0.0000000,0.0000000,271.4219686,87.8113483
2880,3,0.0000000,0.0000000,312.1191213,80.2359199
2880,4,0.0000000,0.0000000,289.3643966,50.5056566
2880,5,0.0000000,0.0000000,174.8926417,58.2517242
2890,0,0.0000000,0.0000000,188.5754506,95.0838827
2890,2,0.0000000,0.0000000,271.4219686,87.8113483
2890,3,0.0000000,0.0000000,312.1191213,80.2359199
2890,4,0.0000000,0.0000000,289.3643966,50.5056566
2890,5,0.0000000,0.0000000,174.8926417,58.2517242
2900,0,0.0000000,0.0000000,188.5754506,95.0838827
2900,2,0.0000000,0.0000000,271.4219686,87.8113483
2900,3,0.0000000,0.0000000,312.1191213,80.2359199
2900,4,0.0000000,0.0000000,289.3643966,50.5056566
2900,5,0.0000000,0.0000000,174.8926417,58.2517242
2910,0,0.0000000,0.0000000,188.5754506,95.0838827
2910,2,0.0000000,0.0000000,271.4219686,87.8113483
2910,3,0.0000000,0.0000000,312.1191213,80.2359199
2910,4,0.0000000,0.0000000,289.3643966,50.5056566
2910,5,0.0000000,0.0000000,174.8926417,58.2517242
2920,0,0.0000000,0.0000000,188.5754506,95.0838827
2920,2,0.0000000,0.0000000,271.4219686,87.8113483
2920,3,0.0000000,0.0000000,312.1191213,80.2359199
2920,4,0.0000000,0.0000000,289.3643966,50.5056566
2920,5,0.0000000,0.0000000,174.8926417,58.2517242
2930,0,0.0000000,0.0000000,188.5754506,95.0838827
2930,2,0.0000000,0.0000000,271.4219686,87.8113483
2930,3,0.0000000,0.0000000,312.1191213,80.2359199
2930,4,0.0000000,0.0000000,289.3643966,50.5056566
2930,5,0.0000000,0.0000000,174.8926417,58.2517242
2940,0,0.0000000,0.0000000,188.5754506,95.0838827
2940,2,0.0000000,0.0000000,271.4219686,87.8113483
2940,3,0.0000000,0.0000000,312.1191213,80.2359199
2940,4,0.0000000,0.0000000,289.3643966,50.5056566
2940,5,0.0000000,0.0000000,174.8926417,58.2517242
2950,0,0.0000000,0.0000000,188.5754506,95.0838827
2950,2,0.0000000,0.0000000,271.4219686,87.8113483
2950,3,0.0000000,0.0000000,312.1191213,80.2359199
2950,4,0.0000000,0.0000000,289.3643966,50.5056566
2950,5,0.0000000,0.0000000,174.8926417,58.2517242
2960,0,0.0000000,0.0000000,188.5754506,95.0838827
2960,2,0.0000000,0.0000000,271.4219686,87.8113483
2960,3,0.0000000,0.0000000,312.1191213,80.2359199
2960,4,0.0000000,0.0000000,289.3643966,50.5056566
2960,5,0.0000000,0.0000000,174.8926417,58.2517242
2970,0,0.0000000,0.0000000,188.5754506,95.0838827
2970,2,0.0000000,0.0000000,271.4219686,87.8113483
2970,3,0.0000000,0.0000000,312.1191213,80.2359199
2970,4,0.0000000,0.0000000,289.3643966,50.5056566
2970,5,0.0000000,0.0000000,174.8926417,58.2517242
2980,0,0.0000000,0.0000000,188.5754506,95.0838827
2980,2,0.0000000,0.0000000,271.4219686,87.8113483
2980,3,0.0000000,0.0000000,312.1191213,80.2359199
2980,4,0.0000000,0.0000000,289.3643966,50.5056566
2980,5,0.0000000,0.0000000,174.8926417,58.2517242
2990,0,0.0000000,0.0000000,188.5754506,95.0838827
2990,2,0.0000000,0.0000000,271.4219686,87.8113483
2990,3,0.0000000,0.0000000,312.1191213,80.2359199
2990,4,0.0000000,0.0000000,289.3643966,50.5056566
2990,5,0.0000000,0.0000000,174.8926417,58.2517242
3000,0,0.0000000,0.0000000,188.5754506,95.0838827
3000,2,0.0000000,0.0000000,271.4219686,87.8113483
3000,3,0.0000000,0.0000000,312.1191213,80.2359199
3000,4,0.0000000,0.0000000,289.3643966,50.5056566
3000,5,0.0000000,0.0000000,174.8926417,58.2517242
3010,0,0.0000000,0.0000000,188.5754506,95.0838827
3010,2,0.0000000,0.0000000,271.4219686,87.8113483
3010,3,0.0000000,0.0000000,312.1191213,80.2359199
3010,4,0.0000000,0.0000000,289.3643966,50.5056566
3010,5,0.0000000,0.0000000,174.8926417,58.2517242
3020,0,0.0000000,0.0000000,188.5754506,95.0838827
3020,2,0.0000000,0.0000000,271.4219686,87.8113483
3020,3,0.0000000,0.0000000,312.1191213,80.2359199
3020,4,0.0000000,0.0000000,289.3643966,50.5056566
3020,5,0.0000000,0.0000000,174.8926417,58.2517242
3030,0,0.0000000,0.0000000,188.5754506,95.0838827
3030,2,0.0000000,0.0000000,271.4219686,87.8113483
3030,3,0.0000000,0.0000000,312.1191213,80.2359199
3030,4,0.0000000,0.0000000,289.3643966,50.5056566
3030,5,0.0000000,0.0000000,174.8926417,58.2517242
3040,0,0.0000000,0.0000000,188.5754506,95.0838827
3040,2,0.0000000,0.0000000,271.4219686,87.8113483
3040,3,0.0000000,0.0000000,312.1191213,80.2359199
3040,4,0.0000000,0.0000000,289.3643966,50.5056566
3040,5,0.0000000,0.0000000,174.8926417,58.2517242
3050,0,0.0000000,0.0000000,188.5754506,95.0838827
3050,2,0.0000000,0.0000000,271.4219686,87.8113483
3050,3,0.0000000,0.0000000,312.1191213,80.2359199
3050,4,0.0000000,0.0000000,289.3643966,50.5056566
3050,5,0.0000000,0.0000000,174.8926417,58.2517242
3060,0,0.0000000,0.0000000,188.5754506,95.0838827
3060,2,0.0000000,0.0000000,271.4219686,87.8113483
3060,3,0.0000000,0.0000000,312.1191213,80.2359199
3060,4,0.0000000,0.0000000,289.3643966,50.5056566
3060,5,0.0000000,0.0000000,174.8926417,58.2517242
3070,0,0.0000000,0.0000000,188.5754506,95.0838827
3070,2,0.0000000,0.0000000,271.4219686,87.8113483
3070,3,0.0000000,0.0000000,312.1191213,80.2359199
3070,4,0.0000000,0.0000000,289.3643966,50.5056566
3070,5,0.0000000,0.0000000,174.8926417,58.2517242
3080,0,0.0000000,0.0000000,188.5754506,95.0838827
3080,2,0.0000000,0.0000000,271.4219686,87.8113483
3080,3,0.0000000,0.0000000,312.1191213,80.2359199
3080,4,0.0000000,0.0000000,289.3643966,50.5056566
3080,5,0.0000000,0.0000000,174.8926417,58.2517242
3090,0,0.0000000,0.0000000,188.5754506,95.0838827
3090,2,0.0000000,0.0000000,271.4219686,87.8113483
3090,3,0.0000000,0.0000000,312.1191213,80.2359199
3090,4,0.0000000,0.0000000,289.3643966,50.5056566
3090,5,0.0000000,0.0000000,174.8926417,58.2517242
3100,0,0.0000000,0.0000000,188.5754506,95.0838827
3100,2,0.0000000,0.0000000,271.4219686,87.8113483
3100,3,0.0000000,0.0000000,312.1191213,80.2359199
3100,4,0.0000000,0.0000000,289.3643966,50.5056566
3100,5,0.0000000,0.0000000,174.8926417,58.2517242
3110,0,0.0000000,0.0000000,188.5754506,95.0838827
3110,2,0.0000000,0.0000000,271.4219686,87.8113483
3110,3,0.0000000,0.0000000,312.1191213,80.2359199
3110,4,0.0000000,0.0000000,289.3643966,50.5056566
3110,5,0.0000000,0.0000000,174.8926417,58.2517242
3120,0,0.0000000,0.0000000,188.5754506,95.0838827
3120,2,0.0000000,0.0000000,271.4219686,87.8113483
3120,3,0.0000000,0.0000000,312.1191213,80.2359199
3120,4,0.0000000,0.0000000,289.3643966,50.5056566
3120,5,0.0000000,0.0000000,174.8926417,58.2517242
3130,0,0.0000000,0.0000000,188.5754506,95.0838827
3130,2,0.0000000,0.0000000,271.4219686,87.8113483
3130,3,0.0000000,0.0000000,312.1191213,80.2359199
3130,4,0.0000000,0.0000000,289.3643966,50.5056566
3130,5,0.0000000,0.0000000,174.8926417,58.2517242
3140,0,0.0000000,0.0000000,188.5754506,95.0838827
3140,2,0.0000000,0.0000000,271.4219686,87.8113483
3140,3,0.0000000,0.0000000,312.1191213,80.2359199
3140,4,0.0000000,0.0000000,289.3643966,50.5056566
3140,5,0.0000000,0.0000000,174.8926417,58.2517242
3150,0,0.0000000,0.0000000,188.5754506,95.0838827
3150,2,0.0000000,0.0000000,271.4219686,87.8113483
3150,3,0.0000000,0.0000000,312.1191213,80.2359199
3150,4,0.0000000,0.0000000,289.3643966,50.5056566
3150,5,0.0000000,0.0000000,174.8926417,58.2517242
3160,0,0.0000000,0.0000000,188.5754506,95.0838827
3160,2,0.0000000,0.0000000,271.4219686,87.8113483
3160,3,0.0000000,0.0000000,312.1191213,80.2359199
3160,4,0.0000000,0.0000000,289.3643966,50.5056566
3160,5,0.0000000,0.0000000,174.8926417,58.2517242
3170,0,0.0000000,0.0000000,188.5754506,95.0838827
3170,2,0.0000000,0.0000000,271.4219686,87.8113483
3170,3,0.0000000,0.0000000,312.1191213,80.2359199
3170,4,0.0000000,0.0000000,289.3643966,50.5056566
3170,5,0.0000000,0.0000000,174.8926417,58.2517242
3180,0,0.0000000,0.0000000,188.5754506,95.0838827
3180,2,0.0000000,0.0000000,271.4219686,87.8113483
3180,3,0.0000000,0.0000000,312.1191213,80.2359199
3180,4,0.0000000,0.0000000,289.3643966,50.5056566
3180,5,0.0000000,0.0000000,174.8926417,58.2517242
3190,0,0.0000000,0.0000000,188.5754506,95.0838827
3190,2,0.0000000,0.0000000,271.4219686,87.8113483
3190,3,0.0000000,0.0000000,312.1191213,80.2359199
3190,4,0.0000000,0.0000000,289.3643966,50.5056566
3190,5,0.0000000,0.0000000,174.8926417,58.2517242
3200,0,0.0000000,0.0000000,188.5754506,95.0838827
3200,2,0.0000000,0.0000000,271.4219686,87.8113483
3200,3,0.0000000,0.0000000,312.1191213,80.2359199
3200,4,0.0000000,0.0000000,289.3643966,50.5056566
3200,5,0.0000000,0.0000000,174.8926417,58.2517242
3210,0,0.0000000,0.0000000,188.5754506,95.0838827
3210,2,0.0000000,0.0000000,271.4219686,87.8113483
3210,3,0.0000000,0.0000000,312.1191213,80.2359199
3210,4,0.0000000,0.0000000,289.3643966,50.5056566
3210,5,0.0000000,0.0000000,174.8926417,58.2517242
3220,0,0.0000000,0.0000000,188.5754506,95.0838827
3220,2,0.0000000,0.0000000,271.4219686,87.8113483
3220,3,0.0000000,0.0000000,312.1191213,80.2359199
3220,4,0.0000000,0.0000000,289.3643966,50.5056566
3220,5,0.0000000,0.0000000,174.8926417,58.2517242
3230,0,0.0000000,0.0000000,188.5754506,95.0838827
3230,2,0.0000000,0.0000000,271.4219686,87.8113483
3230,3,0.0000000,0.0000000,312.1191213,80.2359199
3230,4,0.0000000,0.0000000,289.3643966,50.5056566
3230,5,0.0000000,0.0000000,174.8926417,58.2517242
3240,0,0.0000000,0.0000000,188.5754506,95.0838827
3240,2,0.0000000,0.0000000,271.4219686,87.8113483
3240,3,0.0000000,0.0000000,312.1191213,80.2359199
3240,4,0.0000000,0.0000000,289.3643966,50.5056566
3240,5,0.0000000,0.0000000,174.8926417,58.2517242
3250,0,0.0000000,0.0000000,188.5754506,95.0838827
3250,2,0.0000000,0.0000000,271.4219686,87.8113483
3250,3,0.0000000,0.0000000,312.1191213,80.2359199
3250,4,0.0000000,0.0000000,289.3643966,50.5056566
3250,5,0.0000000,0.0000000,174.8926417,58.2517242
3260,0,0.0000000,0.0000000,188.5754506,95.0838827
3260,2,0.0000000,0.0000000,271.4219686,87.8113483
3260,3,0.0000000,0.0000000,312.1191213,80.2359199
3260,4,0.0000000,0.0000000,289.3643966,50.5056566
3260,5,0.0000000,0.0000000,174.8926417,58.2517242
3270,0,0.0000000,0.0000000,188.5754506,95.0838827
3270,2,0.0000000,0.0000000,271.4219686,87.8113483
3270,3,0.0000000,0.0000000,312.1191213,80.2359199
3270,4,0.0000000,0.0000000,289.3643966,50.5056566
3270,5,0.0000000,0.0000000,174.8926417,58.2517242
3280,0,0.0000000,0.0000000,188.5754506,95.0838827
3280,2,0.0000000,0.0000000,271.4219686,87.8113483
3280,3,0.0000000,0.0000000,312.1191213,80.2359199
3280,4,0.0000000,0.0000000,289.3643966,50.5056566
3280,5,0.0000000,0.0000000,174.8926417,58.2517242
3290,0,0.0000000,0.0000000,188.5754506,95.0838827
3290,2,0.0000000,0.0000000,271.4219686,87.8113483
3290,3,0.0000000,0.0000000,312.1191213,80.2359199
3290,4,0.0000000,0.0000000,289.3643966,50.5056566
3290,5,0.0000000,0.0000000,174.8926417,58.2517242
3300,0,0.0000000,0.0000000,188.5754506,95.0838827
3300,2,0.0000000,0.0000000,271.4219686,87.8113483
3300,3,0.0000000,0.0000000,312.1191213,80.2359199
3300,4,0.0000000,0.0000000,289.3643966,50.5056566
3300,5,0.0000000,0.0000000,174.8926417,58.2517242
3310,0,0.0000000,0.0000000,188.5754506,95.0838827
3310,2,0.0000000,0.0000000,271.4219686,87.8113483
3310,3,0.0000000,0.0000000,312.1191213,80.2359199
3310,4,0.0000000,0.0000000,289.3643966,50.5056566
3310,5,0.0000000,0.0000000,174.8926417,58.2517242
3320,0,0.0000000,0.0000000,188.5754506,95.0838827
3320,2,0.0000000,0.0000000,271.4219686,87.8113483
3320,3,0.0000000,0.0000000,312.1191213,80.2359199
3320,4,0.0000000,0.0000000,289.3643966,50.5056566
3320,5,0.0000000,0.0000000,174.8926417,58.2517242
3330,0,0.0000000,0.0000000,188.5754506,95.0838827
3330,2,0.0000000,0.0000000,271.4219686,87.8113483
3330,3,0.0000000,0.0000000,312.1191213,80.2359199
3330,4,0.0000000,0.0000000,289.3643966,50.5056566
3330,5,0.0000000,0.0000000,174.8926417,58.2517242
3340,0,0.0000000,0.0000000,188.5754506,95.0838827
3340,2,0.0000000,0.0000000,271.4219686,87.8113483
3340,3,0.0000000,0.0000000,312.1191213,80.2359199
3340,4,0.0000000,0.0000000,289.3643966,50.5056566
3340,5,0.0000000,0.0000000,174.8926417,58.2517242
3350,0,0.0000000,0.0000000,188.5754506,95.0838827
3350,2,0.0000000,0.0000000,271.4219686,87.8113483
3350,3,0.0000000,0.0000000,312.1191213,80.2359199
3350,4,0.0000000,0.0000000,289.3643966,50.5056566
3350,5,0.0000000,0.0000000,174.8926417,58.2517242
3360,0,0.0000000,0.0000000,188.5754506,95.0838827
3360,2,0.0000000,0.0000000,271.4219686,87.8113483
3360,3,0.0000000,0.0000000,312.1191213,80.2359199
3360,4,0.0000000,0.0000000,289.3643966,50.5056566
3360,5,0.0000000,0.0000000,174.8926417,58.2517242
3370,0,0.0000000,0.0000000,188.5754506,95.0838827
3370,2,0.0000000,0.0000000,271.4219686,87.8113483
3370,3,0.0000000,0.0000000,312.1191213,80.2359199
3370,4,0.0000000,0.0000000,289.3643966,50.5056566
3370,5,0.0000000,0.0000000,174.8926417,58.2517242
3380,0,0.0000000,0.0000000,188.5754506,95.0838827
3380,2,0.0000000,0.0000000,271.4219686,87.8113483
3380,3,0.0000000,0.0000000,312.1191213,80.2359199
3380,4,0.0000000,0.0000000,289.3643966,50.5056566
3380,5,0.0000000,0.0000000,174.8926417,58.2517242
3390,0,0.0000000,0.0000000,188.5754506,95.0838827
3390,2,0.0000000,0.0000000,271.4219686,87.8113483
3390,3,0.0000000,0.0000000,312.1191213,80.2359199
3390,4,0.0000000,0.0000000,289.3643966,50.5056566
3390,5,0.0000000,0.0000000,174.8926417,58.2517242
3400,0,0.0000000,0.0000000,188.5754506,95.0838827
3400,2,0.0000000,0.0000000,271.4219686,87.8113483
3400,3,0.0000000,0.0000000,312.1191213,80.2359199
3400,4,0.0000000,0.0000000,289.3643966,50.5056566
3400,5,0.0000000,0.0000000,174.8926417,58.2517242
3410,0,0.0000000,0.0000000,188.5754506,95.0838827
3410,2,0.0000000,0.0000000,271.4219686,87.8113483
3410,3,0.0000000,0.0000000,312.1191213,80.2359199
3410,4,0.0000000,0.0000000,289.3643966,50.5056566
3410,5,0.0000000,0.0000000,174.8926417,58.2517242
3420,0,0.0000000,0.0000000,188.5754506,95.0838827
3420,2,0.0000000,0.0000000,271.4219686,87.8113483
3420,3,0.0000000,0.0000000,312.1191213,80.2359199
3420,4,0.0000000,0.0000000,289.3643966,50.5056566
3420,5,0.0000000,0.0000000,174.8926417,58.2517242
3430,0,0.0000000,0.0000000,188.5754506,95.0838827
3430,2,0.0000000,0.0000000,271.4219686,87.8113483
3430,3,0.0000000,0.0000000,312.1191213,80.2359199
3430,4,0.0000000,0.0000000,289.3643966,50.5056566
3430,5,0.0000000,0.0000000,174.8926417,58.2517242
3440,0,0.0000000,0.0000000,188.5754506,95.0838827
3440,2,0.0000000,0.0000000,271.4219686,87.8113483
3440,3,0.0000000,0.0000000,312.1191213,80.2359199
3440,4,0.0000000,0.0000000,289.3643966,50.5056566
3440,5,0.0000000,0.0000000,174.8926417,58.2517242
3450,0,0.0000000,0.0000000,188.5754506,95.0838827
3450,2,0.0000000,0.0000000,271.4219686,87.8113483
3450,3,0.0000000,0.0000000,312.1191213,80.2359199
3450,4,0.0000000,0.0000000,289.3643966,50.5056566
3450,5,0.0000000,0.0000000,174.8926417,58.2517242
3460,0,0.0000000,0.0000000,188.5754506,95.0838827
3460,2,0.0000000,0.0000000,271.4219686,87.8113483
3460,3,0.0000000,0.0000000,312.1191213,80.2359199
3460,4,0.0000000,0.0000000,289.3643966,50.5056566
3460,5,0.0000000,0.0000000,174.8926417,58.2517242
3470,0,0.0000000,0.0000000,188.5754506,95.0838827
3470,2,0.0000000,0.0000000,271.4219686,87.8113483
3470,3,0.0000000,0.0000000,312.1191213,80.2359199
3470,4,0.0000000,0.0000000,289.3643966,50.5056566
3470,5,0.0000000,0.0000000,174.8926417,58.2517242
3480,0,0.0000000,0.0000000,188.5754506,95.0838827
3480,2,0.0000000,0.0000000,271.4219686,87.8113483
3480,3,0.0000000,0.0000000,312.1191213,80.2359199
3480,4,0.0000000,0.0000000,289.3643966,50.5056566
3480,5,0.0000000,0.0000000,174.8926417,58.2517242
3490,0,0.0000000,0.0000000,188.5754506,95.0838827
3490,2,0.0000000,0.0000000,271.4219686,87.8113483
3490,3,0.0000000,0.0000000,312.1191213,80.2359199
3490,4,0.0000000,0.0000000,289.3643966,50.5056566
3490,5,0.0000000,0.0000000,174.8926417,58.2517242
3500,0,0.0000000,0.0000000,188.5754506,95.0838827
3500,2,0.0000000,0.0000000,271.4219686,87.8113483
3500,3,0.0000000,0.0000000,312.1191213,80.2359199
3500,4,0.0000000,0.0000000,289.3643966,50.5056566
3500,5,0.0000000,0.0000000,174.8926417,58.2517242
3510,0,0.0000000,0.0000000,188.5754506,95.0838827
3510,2,0.0000000,0.0000000,271.4219686,87.8113483
3510,3,0.0000000,0.0000000,312.1191213,80.2359199
3510,4,0.0000000,0.0000000,289.3643966,50.5056566
3510,5,0.0000000,0.0000000,174.8926417,58.2517242
3520,0,0.0000000,0.0000000,188.5754506,95.0838827
3520,2,0.0000000,0.0000000,271.4219686,87.8113483
3520,3,0.0000000,0.0000000,312.1191213,80.2359199
3520,4,0.0000000,0.0000000,289.3643966,50.5056566
3520,5,0.0000000,0.0000000,174.8926417,58.2517242
3530,0,0.0000000,0.0000000,188.5754506,95.0838827
3530,2,0.0000000,0.0000000,271.4219686,87.8113483
3530,3,0.0000000,0.0000000,312.1191213,80.2359199
3530,4,0.0000000,0.0000000,289.3643966,50.5056566
3530,5,0.0000000,0.0000000,174.8926417,58.2517242
3540,0,0.0000000,0.0000000,188.5754506,95.0838827
3540,2,0.0000000,0.0000000,271.4219686,87.8113483
3540,3,0.0000000,0.0000000,312.1191213,80.2359199
3540,4,0.0000000,0.0000000,289.3643966,50.5056566
3540,5,0.0000000,0.0000000,174.8926417,58.2517242
3550,0,0.0000000,0.0000000,188.5754506,95.0838827
3550,2,0.0000000,0.0000000,271.4219686,87.8113483
3550,3,0.0000000,0.0000000,312.1191213,80.2359199
3550,4,0.0000000,0.0000000,289.3643966,50.5056566
3550,5,0.0000000,0.0000000,174.8926417,58.2517242
3560,0,0.0000000,0.0000000,188.5754506,95.0838827
3560,2,0.0000000,0.0000000,271.4219686,87.8113483
3560,3,0.0000000,0.0000000,312.1191213,80.2359199
3560,4,0.0000000,0.0000000,289.3643966,50.5056566
3560,5,0.0000000,0.0000000,174.8926417,58.2517242
3570,0,0.0000000,0.0000000,188.5754506,95.0838827
3570,2,0.0000000,0.0000000,271.4219686,87.8113483
3570,3,0.0000000,0.0000000,312.1191213,80.2359199
3570,4,0.0000000,0.0000000,289.3643966,50.5056566
3570,5,0.0000000,0.0000000,174.8926417,58.2517242
3580,0,0.0000000,0.0000000,188.5754506,95.0838827
3580,2,0.0000000,0.0000000,271.4219686,87.8113483
3580,3,0.0000000,0.0000000,312.1191213,80.2359199
3580,4,0.0000000,0.0000000,289.3643966,50.5056566
3580,5,0.0000000,0.0000000,174.8926417,58.2517242
3590,0,0.0000000,0.0000000,188.5754506,95.0838827
3590,2,0.0000000,0.0000000,271.4219686,87.8113483
3590,3,0.0000000,0.0000000,312.1191213,80.2359199
3590,4,0.0000000,0.0000000,289.3643966,50.5056566
3590,5,0.0000000,0.0000000,174.8926417,58.2517242
3600,0,0.0000000,0.0000000,188.5754506,95.0838827
3600,2,0.0000000,0.0000000,271.4219686,87.8113483
3600,3,0.0000000,0.0000000,312.1191213,80.2359199
3600,4,0.0000000,0.0000000,289.3643966,50.5056566
3600,5,0.0000000,0.0000000,174.8926417,58.2517242
3610,0,0.0000000,0.0000000,188.5754506,95.0838827
3610,2,0.0000000,0.0000000,271.4219686,87.8113483
3610,3,0.0000000,0.0000000,312.1191213,80.2359199
3610,4,0.0000000,0.0000000,289.3643966,50.5056566
3610,5,0.0000000,0.0000000,174.8926417,58.2517242
3620,0,0.0000000,0.0000000,188.5754506,95.0838827
3620,2,0.0000000,0.0000000,271.4219686,87.8113483
3620,3,0.0000000,0.0000000,312.1191213,80.2359199
3620,4,0.0000000,0.0000000,289.3643966,50.5056566
3620,5,0.0000000,0.0000000,174.8926417,58.2517242
3630,0,0.0000000,0.0000000,188.5754506,95.0838827
3630,2,0.0000000,0.0000000,271.4219686,87.8113483
3630,3,0.0000000,0.0000000,312.1191213,80.2359199
3630,4,0.0000000,0.0000000,289.3643966,50.5056566
3630,5,0.0000000,0.0000000,174.8926417,58.2517242
3640,0,0.0000000,0.0000000,188.5754506,95.0838827
3640,2,0.0000000,0.0000000,271.4219686,87.8113483
3640,3,0.0000000,0.0000000,312.1191213,80.2359199
3640,4,0.0000000,0.0000000,289.3643966,50.5056566
3640,5,0.0000000,0.0000000,174.8926417,58.2517242
3650,0,0.0000000,0.0000000,188.5754506,95.0838827
3650,2,0.0000000,0.0000000,271.4219686,87.8113483
3650,3,0.0000000,0.0000000,312.1191213,80.2359199
3650,4,0.0000000,0.0000000,289.3643966,50.5056566
3650,5,0.0000000,0.0000000,174.8926417,58.2517242
3660,0,0.0000000,0.0000000,188.5754506,95.0838827
3660,2,0.0000000,0.0000000,271.4219686,87.8113483
3660,3,0.0000000,0.0000000,312.1191213,80.2359199
3660,4,0.0000000,0.0000000,289.3643966,50.5056566
3660,5,0.0000000,0.0000000,174.8926417,58.2517242
3670,0,0.0000000,0.0000000,188.5754506,95.0838827
3670,2,0.0000000,0.0000000,271.4219686,87.8113483
3670,3,0.0000000,0.0000000,312.1191213,80.2359199
3670,4,0.0000000,0.0000000,289.3643966,50.5056566
3670,5,0.0000000,0.0000000,174.8926417,58.2517242
3680,0,0.0000000,0.0000000,188.5754506,95.0838827
3680,2,0.0000000,0.0000000,271.4219686,87.8113483
3680,3,0.0000000,0.0000000,312.1191213,80.2359199
3680,4,0.0000000,0.0000000,289.3643966,50.5056566
3680,5,0.0000000,0.0000000,174.8926417,58.2517242
3690,0,0.0000000,0.0000000,188.5754506,95.0838827
3690,2,0.0000000,0.0000000,271.4219686,87.8113483
3690,3,0.0000000,0.0000000,312.1191213,80.2359199
3690,4,0.0000000,0.0000000,289.3643966,50.5056566
3690,5,0.0000000,0.0000000,174.8926417,58.2517242
3700,0,0.0000000,0.0000000,188.5754506,95.0838827
3700,2,0.0000000,0.0000000,271.4219686,87.8113483
3700,3,0.0000000,0.0000000,312.1191213,80.2359199
3700,4,0.0000000,0.0000000,289.3643966,50.5056566
3700,5,0.0000000,0.0000000,174.8926417,58.2517242
3710,0,0.0000000,0.0000000,188.5754506,95.0838827
3710,2,0.0000000,0.0000000,271.4219686,87.8113483
3710,3,0.0000000,0.0000000,312.1191213,80.2359199
3710,4,0.0000000,0.0000000,289.3643966,50.5056566
3710,5,0.0000000,0.0000000,174.8926417,58.2517242
3720,0,0.0000000,0.0000000,188.5754506,95.0838827
3720,2,0.0000000,0.0000000,271.4219686,87.8113483
3720,3,0.0000000,0.0000000,312.1191213,80.2359199
3720,4,0.0000000,0.0000000,289.3643966,50.5056566
3720,5,0.0000000,0.0000000,174.8926417,58.2517242
3730,0,0.0000000,0.0000000,188.5754506,95.0838827
3730,2,0.0000000,0.0000000,271.4219686,87.8113483
3730,3,0.0000000,0.0000000,312.1191213,80.2359199
3730,4,0.0000000,0.0000000,289.3643966,50.5056566
3730,5,0.0000000,0.0000000,174.8926417,58.2517242
3740,0,0.0000000,0.0000000,188.5754506,95.0838827
3740,2,0.0000000,0.0000000,271.4219686,87.8113483
3740,3,0.0000000,0.0000000,312.1191213,80.2359199
3740,4,0.0000000,0.0000000,289.3643966,50.5056566
3740,5,0.0000000,0.0000000,174.8926417,58.2517242
3750,0,0.0000000,0.0000000,188.5754506,95.0838827
3750,2,0.0000000,0.0000000,271.4219686,87.8113483
3750,3,0.0000000,0.0000000,312.1191213,80.2359199
3750,4,0.0000000,0.0000000,289.3643966,50.5056566
3750,5,0.0000000,0.0000000,174.8926417,58.2517242
3760,0,0.0000000,0.0000000,188.5754506,95.0838827
3760,2,0.0000000,0.0000000,271.4219686,87.8113483
3760,3,0.0000000,0.0000000,312.1191213,80.2359199
3760,4,0.0000000,0.0000000,289.3643966,50.5056566
3760,5,0.0000000,0.0000000,174.8926417,58.2517242
3770,0,0.0000000,0.0000000,188.5754506,95.0838827
3770,2,0.0000000,0.0000000,271.4219686,87.8113483
3770,3,0.0000000,0.0000000,312.1191213,80.2359199
3770,4,0.0000000,0.0000000,289.3643966,50.5056566
3770,5,0.0000000,0.0000000,174.8926417,58.2517242
3780,0,0.0000000,0.0000000,199.2956906,87.0058340
3780,2,0.0000000,0.0000000,271.4219686,87.8113483
3780,3,0.0000000,0.0000000,312.1191213,80.2359199
3780,4,0.0000000,0.0000000,289.3643966,50.5056566
3780,5,0.0000000,0.0000000,167.8274001,63.4733132
3790,0,0.0000000,0.0000000,203.5046943,72.9695567
3790,2,0.0000000,0.0000000,271.4219686,87.8113483
3790,3,0.0000000,0.0000000,312.1191213,80.2359199
3790,4,0.0000000,0.0000000,289.3643966,50.5056566
3790,5,0.0000000,0.0000000,164.2015232,74.1135678
3800,0,0.0000000,0.0000000,203.0129927,69.6723977
3800,2,0.0000000,0.0000000,271.4219686,87.8113483
3800,3,0.0000000,0.0000000,312.1191213,80.2359199
3800,4,0.0000000,0.0000000,289.3643966,50.5056566
3800,5,0.0000000,0.0000000,164.5907435,78.1146459
3810,0,0.0000000,0.0000000,203.1355973,70.2304844
3810,2,0.0000000,0.0000000,271.4219686,87.8113483
3810,3,0.0000000,0.0000000,312.1191213,80.2359199
3810,4,0.0000000,0.0000000,289.3643966,50.5056566
3810,5,0.0000000,0.0000000,164.8573403,79.3676605
3820,0,0.0000000,0.0000000,203.3646569,71.1753194
3820,2,0.0000000,0.0000000,271.4219686,87.8113483
3820,3,0.0000000,0.0000000,312.1191213,80.2359199
3820,4,0.0000000,0.0000000,289.3643966,50.5056566
3820,5,0.0000000,0.0000000,165.0773750,80.3390629
3830,0,0.0000000,0.0000000,203.5979172,72.1341312
3830,2,0.0000000,0.0000000,271.4219686,87.8113483
3830,3,0.0000000,0.0000000,312.1191213,80.2359199
3830,4,0.0000000,0.0000000,289.3643966,50.5056566
3830,5,0.0000000,0.0000000,165.2953035,81.3003409
3840,0,0.0000000,0.0000000,203.8313327,73.0926004
3840,2,0.0000000,0.0000000,271.4219686,87.8113483
3840,3,0.0000000,0.0000000,312.1191213,80.2359199
3840,4,0.0000000,0.0000000,289.3643966,50.5056566
3840,5,0.0000000,0.0000000,165.5129756,82.2618980
3850,0,0.0000000,0.0000000,204.0649261,74.0507973
3850,2,0.0000000,0.0000000,271.4219686,87.8113483
3850,3,0.0000000,0.0000000,312.1191213,80.2359199
3850,4,0.0000000,0.0000000,289.3643966,50.5056566
3850,5,0.0000000,0.0000000,165.7303915,83.2236791
3860,0,0.0000000,0.0000000,204.2987302,75.0088467
3860,2,0.0000000,0.0000000,271.4219686,87.8113483
3860,3,0.0000000,0.0000000,312.1191213,80.2359199
3860,4,0.0000000,0.0000000,289.3643966,50.5056566
3860,5,0.0000000,0.0000000,165.9475397,84.1855930
3870,0,0.0000000,0.0000000,204.5327553,75.9668021
3870,2,0.0000000,0.0000000,271.4219686,87.8113483
3870,3,0.0000000,0.0000000,312.1191213,80.2359199
3870,4,0.0000000,0.0000000,289.3643966,50.5056566
3870,5,0.0000000,0.0000000,166.1644158,85.1476009
3880,0,0.0000000,0.0000000,204.7670027,76.9246870
3880,2,0.0000000,0.0000000,271.4219686,87.8113483
3880,3,0.0000000,0.0000000,312.1191213,80.2359199
3880,4,0.0000000,0.0000000,289.3643966,50.5056566
3880,5,0.0000000,0.0000000,166.3810182,86.1096865
3890,0,0.0000000,0.0000000,205.0014699,77.8825119
3890,2,0.0000000,0.0000000,271.4219686,87.8113483
3890,3,0.0000000,0.0000000,312.1191213,80.2359199
3890,4,0.0000000,0.0000000,289.3643966,50.5056566
3890,5,0.0000000,0.0000000,166.5973467,87.0718427
3900,0,0.0000000,0.0000000,205.2361527,78.8402822
3900,2,0.0000000,0.0000000,271.4219686,87.8113483
3900,3,0.0000000,0.0000000,312.1191213,80.2359199
3900,4,0.0000000,0.0000000,289.3643966,50.5056566
3900,5,0.0000000,0.0000000,166.8134019,88.0340665
3910,0,0.0000000,0.0000000,205.4710467,79.7980007
3910,2,0.0000000,0.0000000,271.4219686,87.8113483
3910,3,0.0000000,0.0000000,312.1191213,80.2359199
3910,4,0.0000000,0.0000000,289.3643966,50.5056566
3910,5,0.0000000,0.0000000,167.0291843,88.9963564
3920,0,0.0000000,0.0000000,205.7061473,80.7556692
3920,2,0.0000000,0.0000000,271.4219686,87.8113483
3920,3,0.0000000,0.0000000,312.1191213,80.2359199
3920,4,0.0000000,0.0000000,289.3643966,50.5056566
3920,5,0.0000000,0.0000000,167.2446948,89.9587118
3930,0,0.0000000,0.0000000,205.9414497,81.7132891
3930,2,0.0000000,0.0000000,271.4219686,87.8113483
3930,3,0.0000000,0.0000000,312.1191213,80.2359199
3930,4,0.0000000,0.0000000,289.3643966,50.5056566
3930,5,0.0000000,0.0000000,167.4599345,90.9211321
3940,0,0.0000000,0.0000000,206.1769496,82.6708618
3940,2,0.0000000,0.0000000,271.4219686,87.8113483
3940,3,0.0000000,0.0000000,312.1191213,80.2359199
3940,4,0.0000000,0.0000000,289.3643966,50.5056566
3940,5,0.0000000,0.0000000,167.6749044,91.8836171
3950,0,0.0000000,0.0000000,206.4125901,83.6284007
3950,2,0.0000000,0.0000000,271.4219686,87.8113483
3950,3,0.0000000,0.0000000,312.1191213,80.2359199
3950,4,0.0000000,0.0000000,289.3643966,50.5056566
3950,5,0.0000000,0.0000000,167.8807055,92.8482960
3960,0,0.0000000,0.0000000,206.6482334,84.5859390
3960,2,0.0000000,0.0000000,271.4219686,87.8113483
3960,3,0.0000000,0.0000000,312.1191213,80.2359199
3960,4,0.0000000,0.0000000,289.3643966,50.5056566
3960,5,0.0000000,0.0000000,168.0671116,93.8176157
3970,0,0.0000000,0.0000000,206.8838983,85.5434721
3970,2,0.0000000,0.0000000,271.4219686,87.8113483
3970,3,0.0000000,0.0000000,312.1191213,80.2359199
3970,4,0.0000000,0.0000000,289.3643966,50.5056566
3970,5,0.0000000,0.0000000,168.2651316,94.7841564
3980,0,0.0000000,0.0000000,207.1195748,86.5010025
3980,2,0.0000000,0.0000000,271.4219686,87.8113483
3980,3,0.0000000,0.0000000,312.1191213,80.2359199
3980,4,0.0000000,0.0000000,289.3643966,50.5056566
3980,5,0.0000000,0.0000000,168.4562252,95.7523545
3990,0,0.0000000,0.0000000,207.3552695,87.4585284
3990,2,0.0000000,0.0000000,271.4219686,87.8113483
3990,3,0.0000000,0.0000000,312.1191213,80.2359199
3990,4,0.0000000,0.0000000,289.3643966,50.5056566
3990,5,0.0000000,0.0000000,168.6514792,96.7195571
4000,0,0.0000000,0.0000000,207.5909796,88.4160507
4000,2,0.0000000,0.0000000,271.4219686,87.8113483
4000,3,0.0000000,0.0000000,312.1191213,80.2359199
4000,4,0.0000000,0.0000000,289.3643966,50.5056566
4000,5,0.0000000,0.0000000,168.8442647,97.6873504
4010,0,0.0000000,0.0000000,207.8267076,89.3735687
4010,2,0.0000000,0.0000000,271.4219686,87.8113483
4010,3,0.0000000,0.0000000,312.1191213,80.2359199
4010,4,0.0000000,0.0000000,289.3643966,50.5056566
4010,5,0.0000000,0.0000000,169.0385465,98.6547856
4020,0,0.0000000,0.0000000,208.0624529,90.3310826
4020,2,0.0000000,0.0000000,271.4219686,87.8113483
4020,3,0.0000000,0.0000000,312.1191213,80.2359199
4020,4,0.0000000,0.0000000,289.3643966,50.5056566
4020,5,0.0000000,0.0000000,169.2319542,99.6224300
4030,0,0.0000000,0.0000000,208.2982167,91.2885920
4030,2,0.0000000,0.0000000,271.4219686,87.8113483
4030,3,0.0000000,0.0000000,312.1191213,80.2359199
4030,4,0.0000000,0.0000000,289.3643966,50.5056566
4030,5,0.0000000,0.0000000,169.4259061,100.5899442
4040,0,0.0000000,0.0000000,208.5340099,92.2460944
4040,2,0.0000000,0.0000000,271.4219686,87.8113483
4040,3,0.0000000,0.0000000,312.1191213,80.2359199
4040,4,0.0000000,0.0000000,289.3643966,50.5056566
4040,5,0.0000000,0.0000000,169.6195394,101.5575346
4050,0,0.0000000,0.0000000,208.7698158,93.2035937
4050,2,0.0000000,0.0000000,271.4219686,87.8113483
4050,3,0.0000000,0.0000000,312.1191213,80.2359199
4050,4,0.0000000,0.0000000,289.3643966,50.5056566
4050,5,0.0000000,0.0000000,169.7214972,102.5470611
4060,0,0.0000000,0.0000000,209.0054664,94.1611303
4060,2,0.0000000,0.0000000,271.4219686,87.8113483
4060,3,0.0000000,0.0000000,312.1191213,80.2359199
4060,4,0.0000000,0.0000000,289.3643966,50.5056566
4060,5,0.0000000,0.0000000,169.7893019,103.5447597
4070,0,0.0000000,0.0000000,209.2409101,95.1187163
4070,2,0.0000000,0.0000000,271.4219686,87.8113483
4070,3,0.0000000,0.0000000,312.1191213,80.2359199
4070,4,0.0000000,0.0000000,289.3643966,50.5056566
4070,5,0.0000000,0.0000000,169.8571067,104.5424583
4080,0,0.0000000,0.0000000,209.4761389,96.0763537
4080,2,0.0000000,0.0000000,271.4219686,87.8113483
4080,3,0.0000000,0.0000000,312.1191213,80.2359199
4080,4,0.0000000,0.0000000,289.3643966,50.5056566
4080,5,0.0000000,0.0000000,169.9249115,105.5401569
4090,0,0.0000000,0.0000000,209.7111443,97.0340446
4090,2,0.0000000,0.0000000,271.4219686,87.8113483
4090,3,0.0000000,0.0000000,312.1191213,80.2359199
4090,4,0.0000000,0.0000000,289.3643966,50.5056566
4090,5,0.0000000,0.0000000,169.9927162,106.5378555
4100,0,0.0000000,0.0000000,209.9459163,97.9917914
4100,2,0.0000000,0.0000000,271.4219686,87.8113483
4100,3,0.0000000,0.0000000,312.1191213,80.2359199
4100,4,0.0000000,0.0000000,289.3643966,50.5056566
4100,5,0.0000000,0.0000000,170.0605210,107.5355541
4110,0,0.0000000,0.0000000,210.1804446,98.9495964
4110,2,0.0000000,0.0000000,271.4219686,87.8113483
4110,3,0.0000000,0.0000000,312.1191213,80.2359199
4110,4,0.0000000,0.0000000,289.3643966,50.5056566
4110,5,0.0000000,0.0000000,170.1283257,108.5332527
4120,0,0.0000000,0.0000000,210.4147173,99.9074627
4120,2,0.0000000,0.0000000,271.4219686,87.8113483
4120,3,0.0000000,0.0000000,312.1191213,80.2359199
4120,4,0.0000000,0.0000000,289.3643966,50.5056566
4120,5,0.0000000,0.0000000,170.1961305,109.5309513
4130,0,0.0000000,0.0000000,210.6487217,100.8653931
4130,2,0.0000000,0.0000000,271.4219686,87.8113483
4130,3,0.0000000,0.0000000,312.1191213,80.2359199
4130,4,0.0000000,0.0000000,289.3643966,50.5056566
4130,5,0.0000000,0.0000000,170.2639353,110.5286499
4140,0,0.0000000,0.0000000,210.8824435,101.8233911
4140,2,0.0000000,0.0000000,271.4219686,87.8113483
4140,3,0.0000000,0.0000000,312.1191213,80.2359199
4140,4,0.0000000,0.0000000,289.3643966,50.5056566
4140,5,0.0000000,0.0000000,170.3317400,111.5263485
4150,0,0.0000000,0.0000000,211.1158673,102.7814605
4150,2,0.0000000,0.0000000,271.4219686,87.8113483
4150,3,0.0000000,0.0000000,312.1191213,80.2359199
4150,4,0.0000000,0.0000000,289.3643966,50.5056566
4150,5,0.0000000,0.0000000,170.3995448,112.5240472
4160,0,0.0000000,0.0000000,211.2819403,103.7556455
4160,2,0.0000000,0.0000000,271.4219686,87.8113483
4160,3,0.0000000,0.0000000,312.1191213,80.2359199
4160,4,0.0000000,0.0000000,289.3643966,50.5056566
4160,5,0.0000000,0.0000000,170.4673495,113.5217458
4170,0,0.0000000,0.0000000,211.4305790,104.7340022
4170,2,0.0000000,0.0000000,271.4219686,87.8113483
4170,3,0.0000000,0.0000000,312.1191213,80.2359199
4170,4,0.0000000,0.0000000,289.3643966,50.5056566
4170,5,0.0000000,0.0000000,170.5351543,114.5194444
4180,0,0.0000000,0.0000000,211.5792178,105.7123589
4180,2,0.0000000,0.0000000,271.4219686,87.8113483
4180,3,0.0000000,0.0000000,312.1191213,80.2359199
4180,4,0.0000000,0.0000000,289.3643966,50.5056566
4180,5,0.0000000,0.0000000,170.6029591,115.5171430
4190,0,0.0000000,0.0000000,211.7278565,106.6907155
4190,2,0.0000000,0.0000000,271.4219686,87.8113483
4190,3,0.0000000,0.0000000,312.1191213,80.2359199
4190,4,0.0000000,0.0000000,289.3643966,50.5056566
4190,5,0.0000000,0.0000000,170.6707638,116.5148416
4200,0,0.0000000,0.0000000,211.8764952,107.6690722
4200,2,0.0000000,0.0000000,271.4219686,87.8113483
4200,3,0.0000000,0.0000000,312.1191213,80.2359199
4200,4,0.0000000,0.0000000,289.3643966,50.5056566
4200,5,0.0000000,0.0000000,170.7385686,117.5125402
4210,0,0.0000000,0.0000000,211.8988762,108.1774633
4210,2,0.0000000,0.0000000,271.4219686,87.8113483
4210,3,0.0000000,0.0000000,312.1191213,80.2359199
4210,4,0.0000000,0.0000000,289.3643966,50.5056566
4210,5,0.0000000,0.0000000,170.8553530,118.7078129
4220,0,0.0000000,0.0000000,211.4566890,107.2403787
4220,2,0.0000000,0.0000000,271.4219686,87.8113483
4220,3,0.0000000,0.0000000,312.1191213,80.2359199
4220,4,0.0000000,0.0000000,289.3643966,50.5056566
4220,5,0.0000000,0.0000000,171.1579390,120.5080632
4230,0,0.0000000,0.0000000,210.9246446,106.3938023
4230,2,0.0000000,0.0000000,271.4219686,87.8113483
4230,3,0.0000000,0.0000000,312.1191213,80.2359199
4230,4,0.0000000,0.0000000,289.3643966,50.5056566
4230,5,0.0000000,0.0000000,171.5033142,122.2652143
4240,0,0.0000000,0.0000000,210.3203079,105.6501337
4240,2,0.0000000,0.0000000,271.4219686,87.8113483
4240,3,0.0000000,0.0000000,312.1191213,80.2359199
4240,4,0.0000000,0.0000000,289.3643966,50.5056566
4240,5,0.0000000,0.0000000,171.8831144,123.9733618
4250,0,0.0000000,0.0000000,209.6616001,105.0167283
4250,2,0.0000000,0.0000000,271.4219686,87.8113483
4250,3,0.0000000,0.0000000,312.1191213,80.2359199
4250,4,0.0000000,0.0000000,289.3643966,50.5056566
4250,5,0.0000000,0.0000000,172.2888055,125.6290029
4260,0,0.0000000,0.0000000,208.9656260,104.4963778
4260,2,0.0000000,0.0000000,271.4219686,87.8113483
4260,3,0.0000000,0.0000000,312.1191213,80.2359199
4260,4,0.0000000,0.0000000,289.3643966,50.5056566
4260,5,0.0000000,0.0000000,172.7122425,127.2308085
4270,0,0.0000000,0.0000000,208.2478393,104.0880824
4270,2,0.0000000,0.0000000,271.4219686,87.8113483
4270,3,0.0000000,0.0000000,312.1191213,80.2359199
4270,4,0.0000000,0.0000000,289.3643966,50.5056566
4270,5,0.0000000,0.0000000,173.1460664,128.7792544
4280,0,0.0000000,0.0000000,207.5215586,103.7879417
4280,2,0.0000000,0.0000000,271.4219686,87.8113483
4280,3,0.0000000,0.0000000,312.1191213,80.2359199
4280,4,0.0000000,0.0000000,289.3643966,50.5056566
4280,5,0.0000000,0.0000000,173.5839351,130.2761980
4290,0,0.0000000,0.0000000,206.7977838,103.5900283
4290,2,0.0000000,0.0000000,271.4219686,87.8113483
4290,3,0.0000000,0.0000000,312.1191213,80.2359199
4290,4,0.0000000,0.0000000,289.3643966,50.5056566
4290,5,0.0000000,0.0000000,174.0206105,131.7244621
4300,0,0.0000000,0.0000000,206.1003788,103.4729718
4300,2,0.0000000,0.0000000,271.4219686,87.8113483
4300,3,0.0000000,0.0000000,312.1191213,80.2359199
4300,4,0.0000000,0.0000000,289.3643966,50.5056566
4300,5,0.0000000,0.0000000,174.4730631,133.1076737
4310,0,0.0000000,0.0000000,205.5475031,103.3119933
4310,2,0.0000000,0.0000000,271.4219686,87.8113483
4310,3,0.0000000,0.0000000,312.1191213,80.2359199
4310,4,0.0000000,0.0000000,289.3643966,50.5056566
4310,5,0.0000000,0.0000000,175.0937436,134.2663508
4320,0,0.0000000,0.0000000,205.0123535,103.2129367
4320,2,0.0000000,0.0000000,271.4219686,87.8113483
4320,3,0.0000000,0.0000000,312.1191213,80.2359199
4320,4,0.0000000,0.0000000,289.3643966,50.5056566
4320,5,0.0000000,0.0000000,175.6966979,135.3631061
4330,0,0.0000000,0.0000000,204.4975049,103.1697094
4330,2,0.0000000,0.0000000,271.4219686,87.8113483
4330,3,0.0000000,0.0000000,312.1191213,80.2359199
4330,4,0.0000000,0.0000000,289.3643966,50.5056566
4330,5,0.0000000,0.0000000,176.2793513,136.4040319
4340,0,0.0000000,0.0000000,204.0045669,103.1765284
4340,2,0.0000000,0.0000000,271.4219686,87.8113483
4340,3,0.0000000,0.0000000,312.1191213,80.2359199
4340,4,0.0000000,0.0000000,289.3643966,50.5056566
4340,5,0.0000000,0.0000000,176.8400940,137.3949115
4350,0,0.0000000,0.0000000,203.5343889,103.2280204
4350,2,0.0000000,0.0000000,271.4219686,87.8113483
4350,3,0.0000000,0.0000000,312.1191213,80.2359199
4350,4,0.0000000,0.0000000,289.3643966,50.5056566
4350,5,0.0000000,0.0000000,177.3780768,138.3411181
4360,0,0.0000000,0.0000000,203.0872370,103.3192714
4360,2,0.0000000,0.0000000,271.4219686,87.8113483
4360,3,0.0000000,0.0000000,312.1191213,80.2359199
4360,4,0.0000000,0.0000000,289.3643966,50.5056566
4360,5,0.0000000,0.0000000,177.8930335,139.2475658
4370,0,0.0000000,0.0000000,202.6629426,103.4458395
4370,2,0.0000000,0.0000000,271.4219686,87.8113483
4370,3,0.0000000,0.0000000,312.1191213,80.2359199
4370,4,0.0000000,0.0000000,289.3643966,50.5056566
4370,5,0.0000000,0.0000000,178.3851326,140.1186962
4380,0,0.0000000,0.0000000,202.2610218,103.6037445
4380,2,0.0000000,0.0000000,271.4219686,87.8113483
4380,3,0.0000000,0.0000000,312.1191213,80.2359199
4380,4,0.0000000,0.0000000,289.3643966,50.5056566
4380,5,0.0000000,0.0000000,178.8548582,140.9584898
4390,0,0.0000000,0.0000000,201.8807709,103.7894424
4390,2,0.0000000,0.0000000,271.4219686,87.8113483
4390,3,0.0000000,0.0000000,312.1191213,80.2359199
4390,4,0.0000000,0.0000000,289.3643966,50.5056566
4390,5,0.0000000,0.0000000,179.3029138,141.7704905
4400,0,0.0000000,0.0000000,201.5259464,103.9916424
4400,2,0.0000000,0.0000000,271.4219686,87.8113483
4400,3,0.0000000,0.0000000,312.1191213,80.2359199
4400,4,0.0000000,0.0000000,289.3643966,50.5056566
4400,5,0.0000000,0.0000000,179.7255432,142.5659892
4410,0,0.0000000,0.0000000,201.0536688,104.4700163
4410,2,0.0000000,0.0000000,271.4219686,87.8113483
4410,3,0.0000000,0.0000000,312.1191213,80.2359199
4410,4,0.0000000,0.0000000,289.3643966,50.5056566
4410,5,0.0000000,0.0000000,180.2656255,143.0853139
4420,0,0.0000000,0.0000000,200.5286118,105.1309929
4420,2,0.0000000,0.0000000,271.4219686,87.8113483
4420,3,0.0000000,0.0000000,312.1191213,80.2359199
4420,4,0.0000000,0.0000000,289.3643966,50.5056566
4420,5,0.0000000,0.0000000,180.8584873,143.4220359
4430,0,0.0000000,0.0000000,200.1601867,105.5636151
4430,2,0.0000000,0.0000000,271.4219686,87.8113483
4430,3,0.0000000,0.0000000,312.1191213,80.2359199
4430,4,0.0000000,0.0000000,289.3643966,50.5056566
4430,5,0.0000000,0.0000000,181.2947171,143.9871123
4440,0,0.0000000,0.0000000,199.9551989,105.7121066
4440,2,0.0000000,0.0000000,271.4219686,87.8113483
4440,3,0.0000000,0.0000000,312.1191213,80.2359199
4440,4,0.0000000,0.0000000,289.3643966,50.5056566
4440,5,0.0000000,0.0000000,181.5675097,144.8363194
4450,0,0.0000000,0.0000000,199.6230673,106.1774110
4450,2,0.0000000,0.0000000,271.4219686,87.8113483
4450,3,0.0000000,0.0000000,312.1191213,80.2359199
4450,4,0.0000000,0.0000000,289.3643966,50.5056566
4450,5,0.0000000,0.0000000,181.9674460,145.3687136
4460,0,0.0000000,0.0000000,199.3116594,106.6535977
4460,2,0.0000000,0.0000000,271.4219686,87.8113483
4460,3,0.0000000,0.0000000,312.1191213,80.2359199
4460,4,0.0000000,0.0000000,289.3643966,50.5056566
4460,5,0.0000000,0.0000000,182.3466587,145.8902256
4470,0,0.0000000,0.0000000,199.0042372,107.1760788
4470,2,0.0000000,0.0000000,271.4219686,87.8113483
4470,3,0.0000000,0.0000000,312.1191213,80.2359199
4470,4,0.0000000,0.0000000,289.3643966,50.5056566
4470,5,0.0000000,0.0000000,182.7218857,146.3654430
4480,0,0.0000000,0.0000000,198.7101351,107.7212943
4480,2,0.0000000,0.0000000,271.4219686,87.8113483
4480,3,0.0000000,0.0000000,312.1191213,80.2359199
4480,4,0.0000000,0.0000000,289.3643966,50.5056566
4480,5,0.0000000,0.0000000,183.0837925,146.8179262
4490,0,0.0000000,0.0000000,198.4109921,108.3340448
4490,2,0.0000000,0.0000000,271.4219686,87.8113483
4490,3,0.0000000,0.0000000,312.1191213,80.2359199
4490,4,0.0000000,0.0000000,289.3643966,50.5056566
4490,5,0.0000000,0.0000000,183.4507402,147.2028742
4500,0,0.0000000,0.0000000,198.1866488,108.8015173
4500,2,0.0000000,0.0000000,271.4219686,87.8113483
4500,3,0.0000000,0.0000000,312.1191213,80.2359199
4500,4,0.0000000,0.0000000,289.3643966,50.5056566
4500,5,0.0000000,0.0000000,183.7428883,147.7331003
4510,0,0.0000000,0.0000000,197.7211363,109.9853320
4510,2,0.0000000,0.0000000,271.4219686,87.8113483
4510,3,0.0000000,0.0000000,312.1191213,80.2359199
4510,4,0.0000000,0.0000000,289.3643966,50.5056566
4510,5,0.0000000,0.0000000,184.2762056,147.5469843
4520,0,0.0000000,0.0000000,197.5703518,110.3498536
4520,2,0.0000000,0.0000000,271.4219686,87.8113483
4520,3,0.0000000,0.0000000,312.1191213,80.2359199
4520,4,0.0000000,0.0000000,289.3643966,50.5056566
4520,5,0.0000000,0.0000000,184.4947949,148.1801613
4530,0,0.0000000,0.0000000,197.3957675,110.8151464
4530,2,0.0000000,0.0000000,271.4219686,87.8113483
4530,3,0.0000000,0.0000000,312.1191213,80.2359199
4530,4,0.0000000,0.0000000,289.3643966,50.5056566
4530,5,0.0000000,0.0000000,184.7371839,148.7125671
4540,0,0.0000000,0.0000000,197.2472790,111.2345299
4540,2,0.0000000,0.0000000,271.4219686,87.8113483
4540,3,0.0000000,0.0000000,312.1191213,80.2359199
4540,4,0.0000000,0.0000000,289.3643966,50.5056566
4540,5,0.0000000,0.0000000,184.9534771,149.2908822
4550,0,0.0000000,0.0000000,197.1032127,111.6698732
4550,2,0.0000000,0.0000000,271.4219686,87.8113483
4550,3,0.0000000,0.0000000,312.1191213,80.2359199
4550,4,0.0000000,0.0000000,289.3643966,50.5056566
4550,5,0.0000000,0.0000000,185.1653482,149.8532375
4560,0,0.0000000,0.0000000,197.0000000,112.0000000
4560,2,0.0000000,0.0000000,271.4219686,87.8113483
4560,3,0.0000000,0.0000000,312.1191213,80.2359199
4560,4,0.0000000,0.0000000,289.3643966,50.5056566
4560,5,0.0000000,0.0000000,185.3363657,150.5208093
4570,0,0.0000000,0.0000000,197.0000000,112.0000000
4570,2,0.0000000,0.0000000,271.4219686,87.8113483
4570,3,0.0000000,0.0000000,312.1191213,80.2359199
4570,4,0.0000000,0.0000000,289.3643966,50.5056566
4570,5,0.0000000,0.0000000,185.4041704,151.5185079
4580,0,0.0000000,0.0000000,197.0000000,112.0000000
4580,2,0.0000000,0.0000000,271.4219686,87.8113483
4580,3,0.0000000,0.0000000,312.1191213,80.2359199
4580,4,0.0000000,0.0000000,289.3643966,50.5056566
4580,5,0.0000000,0.0000000,185.4719752,152.5162065
4590,0,0.0000000,0.0000000,197.0000000,112.0000000
4590,2,0.0000000,0.0000000,271.4219686,87.8113483
4590,3,0.0000000,0.0000000,312.1191213,80.2359199
4590,4,0.0000000,0.0000000,289.3643966,50.5056566
4590,5,0.0000000,0.0000000,185.5397800,153.5139052
4600,0,0.0000000,0.0000000,197.0000000,112.0000000
4600,2,0.0000000,0.0000000,271.4219686,87.8113483
4600,3,0.0000000,0.0000000,312.1191213,80.2359199
4600,4,0.0000000,0.0000000,289.3643966,50.5056566
4600,5,0.0000000,0.0000000,185.6075847,154.5116038
4610,0,0.0000000,0.0000000,197.0000000,112.0000000
4610,2,0.0000000,0.0000000,271.4219686,87.8113483
4610,3,0.0000000,0.0000000,312.1191213,80.2359199
4610,4,0.0000000,0.0000000,289.3643966,50.5056566
4610,5,0.0000000,0.0000000,185.6753895,155.5093024
4620,0,0.0000000,0.0000000,197.0000000,112.0000000
4620,2,0.0000000,0.0000000,270.0597635,85.8099875
4620,3,0.0000000,0.0000000,311.1501720,82.2464944
4620,4,0.0000000,0.0000000,291.1227983,50.3149453
4620,5,0.0000000,0.0000000,185.7431942,156.5070010
4630,0,0.0000000,0.0000000,197.0000000,112.0000000
4630,2,0.0000000,0.0000000,268.4250147,82.6530921
4630,3,0.0000000,0.0000000,309.4280981,85.0034969
4630,4,0.0000000,0.0000000,293.9123013,50.3432009
4630,5,0.0000000,0.0000000,185.8109990,157.5046996
4640,0,0.0000000,0.0000000,197.0000000,112.0000000
4640,2,0.0000000,0.0000000,267.0275872,78.3626367
4640,3,0.0000000,0.0000000,306.7450419,88.1062862
4640,4,0.0000000,0.0000000,297.6292139,50.9784869
4640,5,0.0000000,0.0000000,185.8788038,158.5023982
4650,0,0.0000000,0.0000000,197.0000000,112.0000000
4650,2,0.0000000,0.0000000,266.4292810,72.7816897
4650,3,0.0000000,0.0000000,302.7413498,91.2102168
4650,4,0.0000000,0.0000000,302.2418242,52.7668838
4650,5,0.0000000,0.0000000,185.9466085,159.5000968
4660,0,0.0000000,0.0000000,197.0000000,112.0000000
4660,2,0.0000000,0.0000000,267.4766484,65.9782559
4660,3,0.0000000,0.0000000,297.1339279,93.6495909
4660,4,0.0000000,0.0000000,307.3926997,56.4334843
4660,5,0.0000000,0.0000000,186.0144133,160.4977954
4670,0,0.0000000,0.0000000,197.0000000,112.0000000
4670,2,0.0000000,0.0000000,271.2351849,58.5456754
4670,3,0.0000000,0.0000000,289.9853481,94.3915023
4670,4,0.0000000,0.0000000,312.1278671,62.6767157
4670,5,0.0000000,0.0000000,186.0822180,161.4954940
4680,0,0.0000000,0.0000000,197.0000000,112.0000000
4680,2,0.0000000,0.0000000,278.4910533,51.9993993
4680,3,0.0000000,0.0000000,282.1756868,92.2847632
4680,4,0.0000000,0.0000000,314.7536449,71.4897946
4680,5,0.0000000,0.0000000,186.1500228,162.4931926
4690,0,0.0000000,0.0000000,197.0000000,112.0000000
4690,2,0.0000000,0.0000000,288.2588687,48.5624659
4690,3,0.0000000,0.0000000,275.7678210,87.2062719
4690,4,0.0000000,0.0000000,313.7529677,80.9306384
4690,5,0.0000000,0.0000000,186.2178276,163.4908912
4700,0,0.0000000,0.0000000,197.0000000,112.0000000
4700,2,0.0000000,0.0000000,296.8438999,48.7063897
4700,3,0.0000000,0.0000000,272.5528139,81.6114128
4700,4,0.0000000,0.0000000,310.3239076,87.6572117
4700,5,0.0000000,0.0000000,186.2856323,164.4885899
4710,0,0.0000000,0.0000000,197.0000000,112.0000000
4710,2,0.0000000,0.0000000,301.4217323,49.8936665
4710,3,0.0000000,0.0000000,271.7151432,78.4335812
4710,4,0.0000000,0.0000000,307.6268949,90.7167876
4710,5,0.0000000,0.0000000,186.3534371,165.4862885
4720,0,0.0000000,0.0000000,197.0000000,112.0000000
4720,2,0.0000000,0.0000000,302.9501797,50.4722788
4720,3,0.0000000,0.0000000,271.5983966,77.5635426
4720,4,0.0000000,0.0000000,306.4588533,91.7747253
4720,5,0.0000000,0.0000000,186.4212418,166.4839871
4730,0,0.0000000,0.0000000,197.0000000,112.0000000
4730,2,0.0000000,0.0000000,302.7874325,51.1649593
4730,3,0.0000000,0.0000000,271.3719229,78.1079512
4730,4,0.0000000,0.0000000,305.9717150,92.4298523
4730,5,0.0000000,0.0000000,186.4890466,167.4816857
4740,0,0.0000000,0.0000000,197.0000000,112.0000000
4740,2,0.0000000,0.0000000,302.4297086,52.0377249
4740,3,0.0000000,0.0000000,270.9664833,78.9536381
4740,4,0.0000000,0.0000000,305.5329349,93.3268347
4740,5,0.0000000,0.0000000,186.5568514,168.4793843
4750,0,0.0000000,0.0000000,197.0000000,112.0000000
4750,2,0.0000000,0.0000000,302.0544239,53.0129177
4750,3,0.0000000,0.0000000,270.5418052,79.8266071
4750,4,0.0000000,0.0000000,305.0713577,94.2796986
4750,5,0.0000000,0.0000000,186.6246561,169.4770829
4760,0,0.0000000,0.0000000,197.0000000,112.0000000
4760,2,0.0000000,0.0000000,301.7081497,53.9096896
4760,3,0.0000000,0.0000000,270.1282784,80.6730273
4760,4,0.0000000,0.0000000,304.6234059,95.2024748
4760,5,0.0000000,0.0000000,186.6924609,170.4747815
4770,0,0.0000000,0.0000000,197.0000000,112.0000000
4770,2,0.0000000,0.0000000,301.3314261,54.8697302
4770,3,0.0000000,0.0000000,269.6939278,81.5551344
4770,4,0.0000000,0.0000000,304.1673745,96.1617051
4770,5,0.0000000,0.0000000,186.7602656,171.4724801
4780,0,0.0000000,0.0000000,197.0000000,112.0000000
4780,2,0.0000000,0.0000000,300.9479793,55.7648505
4780,3,0.0000000,0.0000000,269.2860586,82.4199657
4780,4,0.0000000,0.0000000,303.7309260,97.0594065
4780,5,0.0000000,0.0000000,186.8280704,172.4701787
4790,0,0.0000000,0.0000000,197.0000000,112.0000000
4790,2,0.0000000,0.0000000,300.5706815,56.7121100
4790,3,0.0000000,0.0000000,268.8465464,83.3072462
4790,4,0.0000000,0.0000000,303.2795136,98.0208248
4790,5,0.0000000,0.0000000,186.8958752,173.4678773
4800,0,0.0000000,0.0000000,197.0000000,112.0000000
4800,2,0.0000000,0.0000000,300.1857043,57.6181900
4800,3,0.0000000,0.0000000,268.4388899,84.1728623
4800,4,0.0000000,0.0000000,302.8402509,98.9216844
4800,5,0.0000000,0.0000000,186.9636799,174.4655759
4810,0,0.0000000,0.0000000,197.0000000,112.0000000
4810,2,0.0000000,0.0000000,299.8070762,58.5553088
4810,3,0.0000000,0.0000000,268.0077645,85.0540051
4810,4,0.0000000,0.0000000,302.3915263,99.8677871
4810,5,0.0000000,0.0000000,187.0000000,175.0000000
4820,0,0.0000000,0.0000000,197.0000000,112.0000000
4820,2,0.0000000,0.0000000,299.4043732,59.4611107
4820,3,0.0000000,0.0000000,267.5964455,85.9337414
4820,4,0.0000000,0.0000000,301.9581800,100.7652203
4820,5,0.0000000,0.0000000,187.0000000,175.0000000
4830,0,0.0000000,0.0000000,197.0000000,112.0000000
4830,2,0.0000000,0.0000000,299.0241312,60.3917976
4830,3,0.0000000,0.0000000,267.1579340,86.8223167
4830,4,0.0000000,0.0000000,301.5125519,101.7180164
4830,5,0.0000000,0.0000000,187.0000000,175.0000000
4840,0,0.0000000,0.0000000,197.0000000,112.0000000
4840,2,0.0000000,0.0000000,298.6291894,61.3069254
4840,3,0.0000000,0.0000000,266.7493193,87.6949771
4840,4,0.0000000,0.0000000,301.0737717,102.6190497
4840,5,0.0000000,0.0000000,187.0000000,175.0000000
4850,0,0.0000000,0.0000000,197.0000000,112.0000000
4850,2,0.0000000,0.0000000,298.2468648,62.2316132
4850,3,0.0000000,0.0000000,266.3175076,88.5792527
4850,4,0.0000000,0.0000000,300.6299835,103.5598406
4850,5,0.0000000,0.0000000,187.0000000,175.0000000
4860,0,0.0000000,0.0000000,197.0000000,112.0000000
4860,2,0.0000000,0.0000000,297.8343171,63.1427281
4860,3,0.0000000,0.0000000,265.9057049,89.4655131
4860,4,0.0000000,0.0000000,300.1981723,104.4554583
4860,5,0.0000000,0.0000000,187.0000000,175.0000000
4870,0,0.0000000,0.0000000,197.0000000,112.0000000
4870,2,0.0000000,0.0000000,297.4500151,64.0638021
4870,3,0.0000000,0.0000000,265.4675684,90.3564727
4870,4,0.0000000,0.0000000,299.7566472,105.4023965
4870,5,0.0000000,0.0000000,187.0000000,175.0000000
4880,0,0.0000000,0.0000000,197.0000000,112.0000000
4880,2,0.0000000,0.0000000,297.0482875,64.9828895
4880,3,0.0000000,0.0000000,265.0583710,91.2338842
4880,4,0.0000000,0.0000000,299.3188607,106.3026713
4880,5,0.0000000,0.0000000,187.0000000,175.0000000
4890,0,0.0000000,0.0000000,197.0000000,112.0000000
4890,2,0.0000000,0.0000000,296.6617080,65.9001742
4890,3,0.0000000,0.0000000,264.6259662,92.1214601
4890,4,0.0000000,0.0000000,298.8786760,107.2395796
4890,5,0.0000000,0.0000000,187.0000000,175.0000000
4900,0,0.0000000,0.0000000,197.0000000,112.0000000
4900,2,0.0000000,0.0000000,296.2443085,66.8141213
4900,3,0.0000000,0.0000000,264.2139824,93.0109089
4900,4,0.0000000,0.0000000,298.4475767,108.1343591
4900,5,0.0000000,0.0000000,187.0000000,175.0000000
4910,0,0.0000000,0.0000000,197.0000000,112.0000000
4910,2,0.0000000,0.0000000,295.8556857,67.7292804
4910,3,0.0000000,0.0000000,263.7759057,93.9045865
4910,4,0.0000000,0.0000000,298.0091452,109.0770415
4910,5,0.0000000,0.0000000,187.0000000,175.0000000
4920,0,0.0000000,0.0000000,197.0000000,112.0000000
4920,2,0.0000000,0.0000000,295.4490368,68.6498003
4920,3,0.0000000,0.0000000,263.3663307,94.7854270
4920,4,0.0000000,0.0000000,297.5725272,109.9761923
4920,5,0.0000000,0.0000000,187.0000000,175.0000000
4930,0,0.0000000,0.0000000,197.0000000,112.0000000
4930,2,0.0000000,0.0000000,295.0582090,69.5623818
4930,3,0.0000000,0.0000000,262.9333978,95.6761746
4930,4,0.0000000,0.0000000,297.1351269,110.9101078
4930,5,0.0000000,0.0000000,187.0000000,175.0000000
4940,0,0.0000000,0.0000000,197.0000000,112.0000000
4940,2,0.0000000,0.0000000,294.6404164,70.4787408
4940,3,0.0000000,0.0000000,262.5214959,96.5658512
4940,4,0.0000000,0.0000000,296.7034571,111.8056059
4940,5,0.0000000,0.0000000,187.0000000,175.0000000
4950,0,0.0000000,0.0000000,197.0000000,112.0000000
4950,2,0.0000000,0.0000000,294.2475361,71.3899690
4950,3,0.0000000,0.0000000,262.0834573,97.4621504
4950,4,0.0000000,0.0000000,296.2674867,112.7447736
4950,5,0.0000000,0.0000000,187.0000000,175.0000000
4960,0,0.0000000,0.0000000,197.0000000,112.0000000
4960,2,0.0000000,0.0000000,293.8370616,72.3106493
4960,3,0.0000000,0.0000000,261.6736195,98.3456501
4960,4,0.0000000,0.0000000,295.8320815,113.6426674
4960,5,0.0000000,0.0000000,187.0000000,175.0000000
4970,0,0.0000000,0.0000000,197.0000000,112.0000000
4970,2,0.0000000,0.0000000,293.4421521,73.2199974
4970,3,0.0000000,0.0000000,261.2399449,99.2395930
4970,4,0.0000000,0.0000000,295.3969809,114.5744699
4970,5,0.0000000,0.0000000,187.0000000,175.0000000
4980,0,0.0000000,0.0000000,197.0000000,112.0000000
4980,2,0.0000000,0.0000000,293.0248205,74.1379419
4980,3,0.0000000,0.0000000,260.8280852,100.1290130
4980,4,0.0000000,0.0000000,294.9647230,115.4708170
4980,5,0.0000000,0.0000000,187.0000000,175.0000000
4990,0,0.0000000,0.0000000,197.0000000,112.0000000
4990,2,0.0000000,0.0000000,292.6279355,75.0463415
4990,3,0.0000000,0.0000000,260.3906779,101.0272688
4990,4,0.0000000,0.0000000,294.5307766,116.4062248
4990,5,0.0000000,0.0000000,187.0000000,175.0000000
5000,0,0.0000000,0.0000000,197.0000000,112.0000000
5000,2,0.0000000,0.0000000,292.2143770,75.9665312
5000,3,0.0000000,0.0000000,259.9806580,101.9129006
5000,4,0.0000000,0.0000000,294.0965525,117.3028411
5000,5,0.0000000,0.0000000,187.0000000,175.0000000
5010,0,0.0000000,0.0000000,197.0000000,112.0000000
5010,2,0.0000000,0.0000000,291.8156761,76.8735348
5010,3,0.0000000,0.0000000,259.5451453,102.8107127
5010,4,0.0000000,0.0000000,293.6634495,118.2343919
5010,5,0.0000000,0.0000000,187.0000000,175.0000000
5020,0,0.0000000,0.0000000,197.0000000,112.0000000
5020,2,0.0000000,0.0000000,291.3981481,77.7922226
5020,3,0.0000000,0.0000000,259.1345184,103.6993192
5020,4,0.0000000,0.0000000,293.2309993,119.1294287
5020,5,0.0000000,0.0000000,187.0000000,175.0000000
5030,0,0.0000000,0.0000000,197.0000000,112.0000000
5030,2,0.0000000,0.0000000,290.9977384,78.6982808
5030,3,0.0000000,0.0000000,258.6962660,104.6004329
5030,4,0.0000000,0.0000000,292.7988832,120.0633881
5030,5,0.0000000,0.0000000,187.0000000,175.0000000
5040,0,0.0000000,0.0000000,197.0000000,112.0000000
5040,2,0.0000000,0.0000000,290.5814970,79.6180586
5040,3,0.0000000,0.0000000,258.2860493,105.4879459
5040,4,0.0000000,0.0000000,292.3656808,120.9589473
5040,5,0.0000000,0.0000000,187.0000000,175.0000000
5050,0,0.0000000,0.0000000,197.0000000,112.0000000
5050,2,0.0000000,0.0000000,290.1795043,80.5229899
5050,3,0.0000000,0.0000000,257.8512777,106.3872200
5050,4,0.0000000,0.0000000,291.9342010,121.8872549
5050,5,0.0000000,0.0000000,187.0000000,175.0000000
5060,0,0.0000000,0.0000000,197.0000000,112.0000000
5060,2,0.0000000,0.0000000,289.7584926,81.4405424
5060,3,0.0000000,0.0000000,257.4397296,107.2787792
5060,4,0.0000000,0.0000000,291.5032905,122.7815103
5060,5,0.0000000,0.0000000,187.0000000,175.0000000
5070,0,0.0000000,0.0000000,197.0000000,112.0000000
5070,2,0.0000000,0.0000000,289.3550086,82.3449758
5070,3,0.0000000,0.0000000,257.0013618,108.1818984
5070,4,0.0000000,0.0000000,291.0726370,123.7135982
5070,5,0.0000000,0.0000000,187.0000000,175.0000000
5080,0,0.0000000,0.0000000,197.0000000,112.0000000
5080,2,0.0000000,0.0000000,288.9367169,83.2640670
5080,3,0.0000000,0.0000000,256.5910164,109.0708423
5080,4,0.0000000,0.0000000,290.6403405,124.6081864
5080,5,0.0000000,0.0000000,187.0000000,175.0000000
5090,0,0.0000000,0.0000000,197.0000000,112.0000000
5090,2,0.0000000,0.0000000,288.5319042,84.1675682
5090,3,0.0000000,0.0000000,256.1558119,109.9722163
5090,4,0.0000000,0.0000000,290.2102025,125.5352119
5090,5,0.0000000,0.0000000,187.0000000,175.0000000
5100,0,0.0000000,0.0000000,197.0000000,112.0000000
5100,2,0.0000000,0.0000000,288.1095957,85.0847270
5100,3,0.0000000,0.0000000,255.7443890,110.8645270
5100,4,0.0000000,0.0000000,289.7798543,126.4286201
5100,5,0.0000000,0.0000000,187.0000000,175.0000000
5110,0,0.0000000,0.0000000,197.0000000,112.0000000
5110,2,0.0000000,0.0000000,287.7035101,85.9878286
5110,3,0.0000000,0.0000000,255.3056128,111.7695732
5110,4,0.0000000,0.0000000,289.3504314,127.3595175
5110,5,0.0000000,0.0000000,187.0000000,175.0000000
5120,0,0.0000000,0.0000000,197.0000000,112.0000000
5120,2,0.0000000,0.0000000,287.2834897,86.9063229
5120,3,0.0000000,0.0000000,254.8951492,112.6597301
5120,4,0.0000000,0.0000000,288.9189056,128.2532920
5120,5,0.0000000,0.0000000,187.0000000,175.0000000
5130,0,0.0000000,0.0000000,197.0000000,112.0000000
5130,2,0.0000000,0.0000000,286.8762870,87.8086141
5130,3,0.0000000,0.0000000,254.4600679,113.5624878
5130,4,0.0000000,0.0000000,288.4898833,129.1786014
5130,5,0.0000000,0.0000000,187.0000000,175.0000000
5140,0,0.0000000,0.0000000,197.0000000,112.0000000
5140,2,0.0000000,0.0000000,286.4529088,88.7253776
5140,3,0.0000000,0.0000000,254.0482550,114.4558157
5140,4,0.0000000,0.0000000,288.0600471,130.0719168
5140,5,0.0000000,0.0000000,187.0000000,175.0000000
5150,0,0.0000000,0.0000000,197.0000000,112.0000000
5150,2,0.0000000,0.0000000,286.0445764,89.6274431
5150,3,0.0000000,0.0000000,253.6096165,115.3621275
5150,4,0.0000000,0.0000000,287.6316293,131.0011993
5150,5,0.0000000,0.0000000,187.0000000,175.0000000
5160,0,0.0000000,0.0000000,197.0000000,112.0000000
5160,2,0.0000000,0.0000000,285.9564751,89.8228474
5160,3,0.0000000,0.0000000,253.5150711,115.5772160
5160,4,0.0000000,0.0000000,287.5226475,131.2146439
5160,5,0.0000000,0.0000000,187.0000000,175.0000000
5170,0,0.0000000,0.0000000,197.0000000,112.0000000
5170,2,0.0000000,0.0000000,285.9566246,89.8229162
5170,3,0.0000000,0.0000000,253.5150637,115.5771012
5170,4,0.0000000,0.0000000,287.5225556,131.2147131
5170,5,0.0000000,0.0000000,187.0000000,175.0000000
5180,0,0.0000000,0.0000000,197.0000000,112.0000000
5180,2,0.0000000,0.0000000,285.9566317,89.8229194
5180,3,0.0000000,0.0000000,253.5150634,115.5770958
5180,4,0.0000000,0.0000000,287.5225513,131.2147164
5180,5,0.0000000,0.0000000,187.0000000,175.0000000
5190,0,0.0000000,0.0000000,197.0000000,112.0000000
5190,2,0.0000000,0.0000000,285.9566320,89.8229195
5190,3,0.0000000,0.0000000,253.5150634,115.5770955
5190,4,0.0000000,0.0000000,287.5225511,131.2147165
5190,5,0.0000000,0.0000000,187.0000000,175.0000000
5200,0,0.0000000,0.0000000,197.0000000,112.0000000
5200,2,0.0000000,0.0000000,285.9566320,89.8229195
5200,3,0.0000000,0.0000000,253.5150634,115.5770955
5200,4,0.0000000,0.0000000,287.5225511,131.2147165
5200,5,0.0000000,0.0000000,187.0000000,175.0000000
5210,0,0.0000000,0.0000000,197.0000000,112.0000000
5210,2,0.0000000,0.0000000,285.9566320,89.8229195
5210,3,0.0000000,0.0000000,253.5150634,115.5770955
5210,4,0.0000000,0.0000000,287.5225511,131.2147165
5210,5,0.0000000,0.0000000,187.0000000,175.0000000
5220,0,0.0000000,0.0000000,197.0000000,112.0000000
5220,2,0.0000000,0.0000000,285.9566320,89.8229195
5220,3,0.0000000,0.0000000,253.5150634,115.5770955
5220,4,0.0000000,0.0000000,287.5225511,131.2147165
5220,5,0.0000000,0.0000000,187.0000000,175.0000000
5230,0,0.0000000,0.0000000,197.0000000,112.0000000
5230,2,0.0000000,0.0000000,285.9566320,89.8229195
5230,3,0.0000000,0.0000000,253.5150634,115.5770955
5230,4,0.0000000,0.0000000,287.5225511,131.2147165
5230,5,0.0000000,0.0000000,187.0000000,175.0000000
5240,0,0.0000000,0.0000000,197.0000000,112.0000000
5240,2,0.0000000,0.0000000,285.9566320,89.8229195
5240,3,0.0000000,0.0000000,253.5150634,115.5770955
5240,4,0.0000000,0.0000000,287.5225511,131.2147165
5240,5,0.0000000,0.0000000,187.0000000,175.0000000
5250,0,0.0000000,0.0000000,197.0000000,112.0000000
5250,2,0.0000000,0.0000000,285.9566320,89.8229195
5250,3,0.0000000,0.0000000,253.5150634,115.5770955
5250,4,0.0000000,0.0000000,287.5225511,131.2147165
5250,5,0.0000000,0.0000000,187.0000000,175.0000000
5260,0,0.0000000,0.0000000,197.0000000,112.0000000
5260,2,0.0000000,0.0000000,285.9566320,89.8229195
5260,3,0.0000000,0.0000000,253.5150634,115.5770955
5260,4,0.0000000,0.0000000,287.5225511,131.2147165
5260,5,0.0000000,0.0000000,187.0000000,175.0000000
5270,0,0.0000000,0.0000000,197.0000000,112.0000000
5270,2,0.0000000,0.0000000,285.9566320,89.8229195
5270,3,0.0000000,0.0000000,253.5150634,115.5770955
5270,4,0.0000000,0.0000000,287.5225511,131.2147165
5270,5,0.0000000,0.0000000,187.0000000,175.0000000
5280,0,0.0000000,0.0000000,197.0000000,112.0000000
5280,2,0.0000000,0.0000000,285.9566320,89.8229195
5280,3,0.0000000,0.0000000,253.5150634,115.5770955
5280,4,0.0000000,0.0000000,287.5225511,131.2147165
5280,5,0.0000000,0.0000000,187.0000000,175.0000000
5290,0,0.0000000,0.0000000,197.0000000,112.0000000
5290,2,0.0000000,0.0000000,285.9566320,89.8229195
5290,3,0.0000000,0.0000000,253.5150634,115.5770955
5290,4,0.0000000,0.0000000,287.5225511,131.2147165
5290,5,0.0000000,0.0000000,187.0000000,175.0000000
5300,0,0.0000000,0.0000000,197.0000000,112.0000000
5300,2,0.0000000,0.0000000,285.9566320,89.8229195
5300,3,0.0000000,0.0000000,253.5150634,115.5770955
5300,4,0.0000000,0.0000000,287.5225511,131.2147165
5300,5,0.0000000,0.0000000,187.0000000,175.0000000
5310,0,0.0000000,0.0000000,197.0000000,112.0000000
5310,2,0.0000000,0.0000000,285.9566320,89.8229195
5310,3,0.0000000,0.0000000,253.5150634,115.5770955
5310,4,0.0000000,0.0000000,287.5225511,131.2147165
5310,5,0.0000000,0.0000000,187.0000000,175.0000000
5320,0,0.0000000,0.0000000,197.0000000,112.0000000
5320,2,0.0000000,0.0000000,285.9566320,89.8229195
5320,3,0.0000000,0.0000000,253.5150634,115.5770955
5320,4,0.0000000,0.0000000,287.5225511,131.2147165
5320,5,0.0000000,0.0000000,187.0000000,175.0000000
5330,0,0.0000000,0.0000000,197.0000000,112.0000000
5330,2,0.0000000,0.0000000,285.9566320,89.8229195
5330,3,0.0000000,0.0000000,253.5150634,115.5770955
5330,4,0.0000000,0.0000000,287.5225511,131.2147165
5330,5,0.0000000,0.0000000,187.0000000,175.0000000
5340,0,0.0000000,0.0000000,197.0000000,112.0000000
5340,2,0.0000000,0.0000000,285.9566320,89.8229195
5340,3,0.0000000,0.0000000,253.5150634,115.5770955
5340,4,0.0000000,0.0000000,287.5225511,131.2147165
5340,5,0.0000000,0.0000000,187.0000000,175.0000000
5350,0,0.0000000,0.0000000,197.0000000,112.0000000
5350,2,0.0000000,0.0000000,285.9566320,89.8229195
5350,3,0.0000000,0.0000000,253.5150634,115.5770955
5350,4,0.0000000,0.0000000,287.5225511,131.2147165
5350,5,0.0000000,0.0000000,187.0000000,175.0000000
5360,0,0.0000000,0.0000000,197.0000000,112.0000000
5360,2,0.0000000,0.0000000,285.9566320,89.8229195
5360,3,0.0000000,0.0000000,253.5150634,115.5770955
5360,4,0.0000000,0.0000000,287.5225511,131.2147165
5360,5,0.0000000,0.0000000,187.0000000,175.0000000
5370,0,0.0000000,0.0000000,197.0000000,112.0000000
5370,2,0.0000000,0.0000000,285.9566320,89.8229195
5370,3,0.0000000,0.0000000,253.5150634,115.5770955
5370,4,0.0000000,0.0000000,287.5225511,131.2147165
5370,5,0.0000000,0.0000000,187.0000000,175.0000000
5380,0,0.0000000,0.0000000,197.0000000,112.0000000
5380,2,0.0000000,0.0000000,285.9566320,89.8229195
5380,3,0.0000000,0.0000000,253.5150634,115.5770955
5380,4,0.0000000,0.0000000,287.5225511,131.2147165
5380,5,0.0000000,0.0000000,187.0000000,175.0000000
5390,0,0.0000000,0.0000000,197.0000000,112.0000000
5390,2,0.0000000,0.0000000,285.9566320,89.8229195
5390,3,0.0000000,0.0000000,253.5150634,115.5770955
5390,4,0.0000000,0.0000000,287.5225511,131.2147165
5390,5,0.0000000,0.0000000,187.0000000,175.0000000
5400,0,0.0000000,0.0000000,197.0000000,112.0000000
5400,2,0.0000000,0.0000000,285.9566320,89.8229195
5400,3,0.0000000,0.0000000,253.5150634,115.5770955
5400,4,0.0000000,0.0000000,287.5225511,131.2147165
5400,5,0.0000000,0.0000000,187.0000000,175.0000000
5410,0,0.0000000,0.0000000,197.0000000,112.0000000
5410,2,0.0000000,0.0000000,285.9566320,89.8229195
5410,3,0.0000000,0.0000000,253.5150634,115.5770955
5410,4,0.0000000,0.0000000,287.5225511,131.2147165
5410,5,0.0000000,0.0000000,187.0000000,175.0000000
5420,0,0.0000000,0.0000000,197.0000000,112.0000000
5420,2,0.0000000,0.0000000,285.9566320,89.8229195
5420,3,0.0000000,0.0000000,253.5150634,115.5770955
5420,4,0.0000000,0.0000000,287.5225511,131.2147165
5420,5,0.0000000,0.0000000,187.0000000,175.0000000
5430,0,0.0000000,0.0000000,197.0000000,112.0000000
5430,2,0.0000000,0.0000000,285.9566320,89.8229195
5430,3,0.0000000,0.0000000,253.5150634,115.5770955
5430,4,0.0000000,0.0000000,287.5225511,131.2147165
5430,5,0.0000000,0.0000000,187.0000000,175.0000000
5440,0,0.0000000,0.0000000,197.0000000,112.0000000
5440,2,0.0000000,0.0000000,285.9566320,89.8229195
5440,3,0.0000000,0.0000000,253.5150634,115.5770955
5440,4,0.0000000,0.0000000,287.5225511,131.2147165
5440,5,0.0000000,0.0000000,187.0000000,175.0000000
5450,0,0.0000000,0.0000000,197.0000000,112.0000000
5450,2,0.0000000,0.0000000,285.9566320,89.8229195
5450,3,0.0000000,0.0000000,253.5150634,115.5770955
5450,4,0.0000000,0.0000000,287.5225511,131.2147165
5450,5,0.0000000,0.0000000,187.0000000,175.0000000
5460,0,0.0000000,0.0000000,197.0000000,112.0000000
5460,2,0.0000000,0.0000000,285.9566320,89.8229195
5460,3,0.0000000,0.0000000,253.5150634,115.5770955
5460,4,0.0000000,0.0000000,287.5225511,131.2147165
5460,5,0.0000000,0.0000000,187.0000000,175.0000000
5470,0,0.0000000,0.0000000,197.0000000,112.0000000
5470,2,0.0000000,0.0000000,285.9566320,89.8229195
5470,3,0.0000000,0.0000000,253.5150634,115.5770955
5470,4,0.0000000,0.0000000,287.5225511,131.2147165
5470,5,0.0000000,0.0000000,187.0000000,175.0000000
5480,0,0.0000000,0.0000000,197.0000000,112.0000000
5480,2,0.0000000,0.0000000,285.9566320,89.8229195
5480,3,0.0000000,0.0000000,253.5150634,115.5770955
5480,4,0.0000000,0.0000000,287.5225511,131.2147165
5480,5,0.0000000,0.0000000,187.0000000,175.0000000
5490,0,0.0000000,0.0000000,197.0000000,112.0000000
5490,2,0.0000000,0.0000000,285.9566320,89.8229195
5490,3,0.0000000,0.0000000,253.5150634,115.5770955
5490,4,0.0000000,0.0000000,287.5225511,131.2147165
5490,5,0.0000000,0.0000000,187.0000000,175.0000000
5500,0,0.0000000,0.0000000,197.0000000,112.0000000
5500,2,0.0000000,0.0000000,285.9566320,89.8229195
5500,3,0.0000000,0.0000000,253.5150634,115.5770955
5500,4,0.0000000,0.0000000,287.5225511,131.2147165
5500,5,0.0000000,0.0000000,187.0000000,175.0000000
5510,0,0.0000000,0.0000000,197.0000000,112.0000000
5510,2,0.0000000,0.0000000,285.9566320,89.8229195
5510,3,0.0000000,0.0000000,253.5150634,115.5770955
5510,4,0.0000000,0.0000000,287.5225511,131.2147165
5510,5,0.0000000,0.0000000,187.0000000,175.0000000
5520,0,0.0000000,0.0000000,197.0000000,112.0000000
5520,2,0.0000000,0.0000000,285.9566320,89.8229195
5520,3,0.0000000,0.0000000,253.5150634,115.5770955
5520,4,0.0000000,0.0000000,287.5225511,131.2147165
5520,5,0.0000000,0.0000000,187.0000000,175.0000000
5530,0,0.0000000,0.0000000,197.0000000,112.0000000
5530,2,0.0000000,0.0000000,285.9566320,89.8229195
5530,3,0.0000000,0.0000000,253.5150634,115.5770955
5530,4,0.0000000,0.0000000,287.5225511,131.2147165
5530,5,0.0000000,0.0000000,187.0000000,175.0000000
5540,0,0.0000000,0.0000000,197.0000000,112.0000000
5540,2,0.0000000,0.0000000,285.9566320,89.8229195
5540,3,0.0000000,0.0000000,253.5150634,115.5770955
5540,4,0.0000000,0.0000000,287.5225511,131.2147165
5540,5,0.0000000,0.0000000,187.0000000,175.0000000
5550,0,0.0000000,0.0000000,197.0000000,112.0000000
5550,2,0.0000000,0.0000000,285.9566320,89.8229195
5550,3,0.0000000,0.0000000,253.5150634,115.5770955
5550,4,0.0000000,0.0000000,287.5225511,131.2147165
5550,5,0.0000000,0.0000000,187.0000000,175.0000000
5560,0,0.0000000,0.0000000,197.0000000,112.0000000
5560,2,0.0000000,0.0000000,285.9566320,89.8229195
5560,3,0.0000000,0.0000000,253.5150634,115.5770955
5560,4,0.0000000,0.0000000,287.5225511,131.2147165
5560,5,0.0000000,0.0000000,187.0000000,175.0000000
5570,0,0.0000000,0.0000000,197.0000000,112.0000000
5570,2,0.0000000,0.0000000,285.9566320,89.8229195
5570,3,0.0000000,0.0000000,253.5150634,115.5770955
5570,4,0.0000000,0.0000000,287.5225511,131.2147165
5570,5,0.0000000,0.0000000,187.0000000,175.0000000
5580,0,0.0000000,0.0000000,197.0000000,112.0000000
5580,2,0.0000000,0.0000000,285.9566320,89.8229195
5580,3,0.0000000,0.0000000,253.5150634,115.5770955
5580,4,0.0000000,0.0000000,287.5225511,131.2147165
5580,5,0.0000000,0.0000000,187.0000000,175.0000000
5590,0,0.0000000,0.0000000,197.0000000,112.0000000
5590,2,0.0000000,0.0000000,285.9566320,89.8229195
5590,3,0.0000000,0.0000000,253.5150634,115.5770955
5590,4,0.0000000,0.0000000,287.5225511,131.2147165
5590,5,0.0000000,0.0000000,187.0000000,175.0000000
5600,0,0.0000000,0.0000000,197.0000000,112.0000000
5600,2,0.0000000,0.0000000,285.9566320,89.8229195
5600,3,0.0000000,0.0000000,253.5150634,115.5770955
5600,4,0.0000000,0.0000000,287.5225511,131.2147165
5600,5,0.0000000,0.0000000,187.0000000,175.0000000
5610,0,0.0000000,0.0000000,197.0000000,112.0000000
5610,2,0.0000000,0.0000000,285.9566320,89.8229195
5610,3,0.0000000,0.0000000,253.5150634,115.5770955
5610,4,0.0000000,0.0000000,287.5225511,131.2147165
5610,5,0.0000000,0.0000000,187.0000000,175.0000000
5620,0,0.0000000,0.0000000,197.0000000,112.0000000
5620,2,0.0000000,0.0000000,285.9566320,89.8229195
5620,3,0.0000000,0.0000000,253.5150634,115.5770955
5620,4,0.0000000,0.0000000,287.5225511,131.2147165
5620,5,0.0000000,0.0000000,187.0000000,175.0000000
5630,0,0.0000000,0.0000000,197.0000000,112.0000000
5630,2,0.0000000,0.0000000,285.9566320,89.8229195
5630,3,0.0000000,0.0000000,253.5150634,115.5770955
5630,4,0.0000000,0.0000000,287.5225511,131.2147165
5630,5,0.0000000,0.0000000,187.0000000,175.0000000
5640,0,0.0000000,0.0000000,197.0000000,112.0000000
5640,2,0.0000000,0.0000000,285.9566320,89.8229195
5640,3,0.0000000,0.0000000,253.5150634,115.5770955
5640,4,0.0000000,0.0000000,287.5225511,131.2147165
5640,5,0.0000000,0.0000000,187.0000000,175.0000000
5650,0,0.0000000,0.0000000,197.0000000,112.0000000
5650,2,0.0000000,0.0000000,285.9566320,89.8229195
5650,3,0.0000000,0.0000000,253.5150634,115.5770955
5650,4,0.0000000,0.0000000,287.5225511,131.2147165
5650,5,0.0000000,0.0000000,187.0000000,175.0000000
5660,0,0.0000000,0.0000000,197.0000000,112.0000000
5660,2,0.0000000,0.0000000,285.9566320,89.8229195
5660,3,0.0000000,0.0000000,253.5150634,115.5770955
5660,4,0.0000000,0.0000000,287.5225511,131.2147165
5660,5,0.0000000,0.0000000,187.0000000,175.0000000
5670,0,0.0000000,0.0000000,197.0000000,112.0000000
5670,2,0.0000000,0.0000000,285.9566320,89.8229195
5670,3,0.0000000,0.0000000,253.5150634,115.5770955
5670,4,0.0000000,0.0000000,287.5225511,131.2147165
5670,5,0.0000000,0.0000000,187.0000000,175.0000000
5680,0,0.0000000,0.0000000,197.0000000,112.0000000
5680,2,0.0000000,0.0000000,285.9566320,89.8229195
5680,3,0.0000000,0.0000000,253.5150634,115.5770955
5680,4,0.0000000,0.0000000,287.5225511,131.2147165
5680,5,0.0000000,0.0000000,187.0000000,175.0000000
5690,0,0.0000000,0.0000000,197.0000000,112.0000000
5690,2,0.0000000,0.0000000,285.9566320,89.8229195
5690,3,0.0000000,0.0000000,253.5150634,115.5770955
5690,4,0.0000000,0.0000000,287.5225511,131.2147165
5690,5,0.0000000,0.0000000,187.0000000,175.0000000
5700,0,0.0000000,0.0000000,197.0000000,112.0000000
5700,2,0.0000000,0.0000000,285.9566320,89.8229195
5700,3,0.0000000,0.0000000,253.5150634,115.5770955
5700,4,0.0000000,0.0000000,287.5225511,131.2147165
5700,5,0.0000000,0.0000000,187.0000000,175.0000000
5710,0,0.0000000,0.0000000,197.0000000,112.0000000
5710,2,0.0000000,0.0000000,285.9566320,89.8229195
5710,3,0.0000000,0.0000000,253.5150634,115.5770955
5710,4,0.0000000,0.0000000,287.5225511,131.2147165
5710,5,0.0000000,0.0000000,187.0000000,175.0000000
5720,0,0.0000000,0.0000000,197.0000000,112.0000000
5720,2,0.0000000,0.0000000,285.9566320,89.8229195
5720,3,0.0000000,0.0000000,253.5150634,115.5770955
5720,4,0.0000000,0.0000000,287.5225511,131.2147165
5720,5,0.0000000,0.0000000,187.0000000,175.0000000
5730,0,0.0000000,0.0000000,197.0000000,112.0000000
5730,2,0.0000000,0.0000000,285.9566320,89.8229195
5730,3,0.0000000,0.0000000,253.5150634,115.5770955
5730,4,0.0000000,0.0000000,287.5225511,131.2147165
5730,5,0.0000000,0.0000000,187.0000000,175.0000000
5740,0,0.0000000,0.0000000,197.0000000,112.0000000
5740,2,0.0000000,0.0000000,285.9566320,89.8229195
5740,3,0.0000000,0.0000000,253.5150634,115.5770955
5740,4,0.0000000,0.0000000,287.5225511,131.2147165
5740,5,0.0000000,0.0000000,187.0000000,175.0000000
5750,0,0.0000000,0.0000000,197.0000000,112.0000000
5750,2,0.0000000,0.0000000,285.9566320,89.8229195
5750,3,0.0000000,0.0000000,253.5150634,115.5770955
5750,4,0.0000000,0.0000000,287.5225511,131.2147165
5750,5,0.0000000,0.0000000,187.0000000,175.0000000
5760,0,0.0000000,0.0000000,197.0000000,112.0000000
5760,2,0.0000000,0.0000000,285.9566320,89.8229195
5760,3,0.0000000,0.0000000,253.5150634,115.5770955
5760,4,0.0000000,0.0000000,287.5225511,131.2147165
5760,5,0.0000000,0.0000000,187.0000000,175.0000000
5770,0,0.0000000,0.0000000,197.0000000,112.0000000
5770,2,0.0000000,0.0000000,285.9566320,89.8229195
5770,3,0.0000000,0.0000000,253.5150634,115.5770955
5770,4,0.0000000,0.0000000,287.5225511,131.2147165
5770,5,0.0000000,0.0000000,187.0000000,175.0000000
5780,0,0.0000000,0.0000000,197.0000000,112.0000000
5780,2,0.0000000,0.0000000,285.9566320,89.8229195
5780,3,0.0000000,0.0000000,253.5150634,115.5770955
5780,4,0.0000000,0.0000000,287.5225511,131.2147165
5780,5,0.0000000,0.0000000,187.0000000,175.0000000
5790,0,0.0000000,0.0000000,197.0000000,112.0000000
5790,2,0.0000000,0.0000000,285.9566320,89.8229195
5790,3,0.0000000,0.0000000,253.5150634,115.5770955
5790,4,0.0000000,0.0000000,287.5225511,131.2147165
5790,5,0.0000000,0.0000000,187.0000000,175.0000000
5800,0,0.0000000,0.0000000,197.0000000,112.0000000
5800,2,0.0000000,0.0000000,285.9566320,89.8229195
5800,3,0.0000000,0.0000000,253.5150634,115.5770955
5800,4,0.0000000,0.0000000,287.5225511,131.2147165
5800,5,0.0000000,0.0000000,187.0000000,175.0000000
5810,0,0.0000000,0.0000000,197.0000000,112.0000000
5810,2,0.0000000,0.0000000,285.9566320,89.8229195
5810,3,0.0000000,0.0000000,253.5150634,115.5770955
5810,4,0.0000000,0.0000000,287.5225511,131.2147165
5810,5,0.0000000,0.0000000,187.0000000,175.0000000
5820,0,0.0000000,0.0000000,197.0000000,112.0000000
5820,2,0.0000000,0.0000000,285.9566320,89.8229195
5820,3,0.0000000,0.0000000,253.5150634,115.5770955
5820,4,0.0000000,0.0000000,287.5225511,131.2147165
5820,5,0.0000000,0.0000000,187.0000000,175.0000000
5830,0,0.0000000,0.0000000,197.0000000,112.0000000
5830,2,0.0000000,0.0000000,285.9566320,89.8229195
5830,3,0.0000000,0.0000000,253.5150634,115.5770955
5830,4,0.0000000,0.0000000,287.5225511,131.2147165
5830,5,0.0000000,0.0000000,187.0000000,175.0000000
5840,0,0.0000000,0.0000000,197.0000000,112.0000000
5840,2,0.0000000,0.0000000,285.9566320,89.8229195
5840,3,0.0000000,0.0000000,253.5150634,115.5770955
5840,4,0.0000000,0.0000000,287.5225511,131.2147165
5840,5,0.0000000,0.0000000,187.0000000,175.0000000
5850,0,0.0000000,0.0000000,197.0000000,112.0000000
5850,2,0.0000000,0.0000000,285.9566320,89.8229195
5850,3,0.0000000,0.0000000,253.5150634,115.5770955
5850,4,0.0000000,0.0000000,287.5225511,131.2147165
5850,5,0.0000000,0.0000000,187.0000000,175.0000000
5860,0,0.0000000,0.0000000,197.0000000,112.0000000
5860,2,0.0000000,0.0000000,285.9566320,89.8229195
5860,3,0.0000000,0.0000000,253.5150634,115.5770955
5860,4,0.0000000,0.0000000,287.5225511,131.2147165
5860,5,0.0000000,0.0000000,187.0000000,175.0000000
5870,0,0.0000000,0.0000000,197.0000000,112.0000000
5870,2,0.0000000,0.0000000,285.9566320,89.8229195
5870,3,0.0000000,0.0000000,253.5150634,115.5770955
5870,4,0.0000000,0.0000000,287.5225511,131.2147165
5870,5,0.0000000,0.0000000,187.0000000,175.0000000
5880,0,0.0000000,0.0000000,197.0000000,112.0000000
5880,2,0.0000000,0.0000000,285.9566320,89.8229195
5880,3,0.0000000,0.0000000,253.5150634,115.5770955
5880,4,0.0000000,0.0000000,287.5225511,131.2147165
5880,5,0.0000000,0.0000000,187.0000000,175.0000000
5890,0,0.0000000,0.0000000,197.0000000,112.0000000
5890,2,0.0000000,0.0000000,285.9566320,89.8229195
5890,3,0.0000000,0.0000000,253.5150634,115.5770955
5890,4,0.0000000,0.0000000,287.5225511,131.2147165
5890,5,0.0000000,0.0000000,187.0000000,175.0000000
5900,0,0.0000000,0.0000000,197.0000000,112.0000000
5900,2,0.0000000,0.0000000,285.9566320,89.8229195
5900,3,0.0000000,0.0000000,253.5150634,115.5770955
5900,4,0.0000000,0.0000000,287.5225511,131.2147165
5900,5,0.0000000,0.0000000,187.0000000,175.0000000
5910,0,0.0000000,0.0000000,197.0000000,112.0000000
5910,2,0.0000000,0.0000000,285.9566320,89.8229195
5910,3,0.0000000,0.0000000,253.5150634,115.5770955
5910,4,0.0000000,0.0000000,287.5225511,131.2147165
5910,5,0.0000000,0.0000000,187.0000000,175.0000000
5920,0,0.0000000,0.0000000,197.0000000,112.0000000
5920,2,0.0000000,0.0000000,285.9566320,89.8229195
5920,3,0.0000000,0.0000000,253.5150634,115.5770955
5920,4,0.0000000,0.0000000,287.5225511,131.2147165
5920,5,0.0000000,0.0000000,187.0000000,175.0000000
5930,0,0.0000000,0.0000000,197.0000000,112.0000000
5930,2,0.0000000,0.0000000,285.9566320,89.8229195
5930,3,0.0000000,0.0000000,253.5150634,115.5770955
5930,4,0.0000000,0.0000000,287.5225511,131.2147165
5930,5,0.0000000,0.0000000,187.0000000,175.0000000
5940,0,0.0000000,0.0000000,197.0000000,112.0000000
5940,2,0.0000000,0.0000000,285.9566320,89.8229195
5940,3,0.0000000,0.0000000,253.5150634,115.5770955
5940,4,0.0000000,0.0000000,287.5225511,131.2147165
5940,5,0.0000000,0.0000000,187.0000000,175.0000000
5950,0,0.0000000,0.0000000,197.0000000,112.0000000
5950,2,0.0000000,0.0000000,285.9566320,89.8229195
5950,3,0.0000000,0.0000000,253.5150634,115.5770955
5950,4,0.0000000,0.0000000,287.5225511,131.2147165
5950,5,0.0000000,0.0000000,187.0000000,175.0000000
5960,0,0.0000000,0.0000000,197.0000000,112.0000000
5960,2,0.0000000,0.0000000,285.9566320,89.8229195
5960,3,0.0000000,0.0000000,253.5150634,115.5770955
5960,4,0.0000000,0.0000000,287.5225511,131.2147165
5960,5,0.0000000,0.0000000,187.0000000,175.0000000
5970,0,0.0000000,0.0000000,197.0000000,112.0000000
5970,2,0.0000000,0.0000000,285.9566320,89.8229195
5970,3,0.0000000,0.0000000,253.5150634,115.5770955
5970,4,0.0000000,0.0000000,287.5225511,131.2147165
5970,5,0.0000000,0.0000000,187.0000000,175.0000000
5980,0,0.0000000,0.0000000,197.0000000,112.0000000
5980,2,0.0000000,0.0000000,285.9566320,89.8229195
5980,3,0.0000000,0.0000000,253.5150634,115.5770955
5980,4,0.0000000,0.0000000,287.5225511,131.2147165
5980,5,0.0000000,0.0000000,187.0000000,175.0000000
5990,0,0.0000000,0.0000000,197.0000000,112.0000000
5990,2,0.0000000,0.0000000,285.9566320,89.8229195
5990,3,0.0000000,0.0000000,253.5150634,115.5770955
5990,4,0.0000000,0.0000000,287.5225511,131.2147165
5990,5,0.0000000,0.0000000,187.0000000,175.0000000
6000,0,0.0000000,0.0000000,197.0000000,112.0000000
6000,2,0.0000000,0.0000000,285.9566320,89.8229195
6000,3,0.0000000,0.0000000,253.5150634,115.5770955
6000,4,0.0000000,0.0000000,287.5225511,131.2147165
6000,5,0.0000000,0.0000000,187.0000000,175.0000000
6010,0,0.0000000,0.0000000,197.0000000,112.0000000
6010,2,0.0000000,0.0000000,285.9566320,89.8229195
6010,3,0.0000000,0.0000000,253.5150634,115.5770955
6010,4,0.0000000,0.0000000,287.5225511,131.2147165
6010,5,0.0000000,0.0000000,187.0000000,175.0000000
6020,0,0.0000000,0.0000000,197.0000000,112.0000000
6020,2,0.0000000,0.0000000,285.9566320,89.8229195
6020,3,0.0000000,0.0000000,253.5150634,115.5770955
6020,4,0.0000000,0.0000000,287.5225511,131.2147165
6020,5,0.0000000,0.0000000,187.0000000,175.0000000
6030,0,0.0000000,0.0000000,197.0000000,112.0000000
6030,2,0.0000000,0.0000000,285.9566320,89.8229195
6030,3,0.0000000,0.0000000,253.5150634,115.5770955
6030,4,0.0000000,0.0000000,287.5225511,131.2147165
6030,5,0.0000000,0.0000000,187.0000000,175.0000000
6040,0,0.0000000,0.0000000,197.0000000,112.0000000
6040,2,0.0000000,0.0000000,285.9566320,89.8229195
6040,3,0.0000000,0.0000000,253.5150634,115.5770955
6040,4,0.0000000,0.0000000,287.5225511,131.2147165
6040,5,0.0000000,0.0000000,187.0000000,175.0000000
6050,0,0.0000000,0.0000000,197.0000000,112.0000000
6050,2,0.0000000,0.0000000,285.9566320,89.8229195
6050,3,0.0000000,0.0000000,253.5150634,115.5770955
6050,4,0.0000000,0.0000000,287.5225511,131.2147165
6050,5,0.0000000,0.0000000,187.0000000,175.0000000
6060,0,0.0000000,0.0000000,197.0000000,112.0000000
6060,2,0.0000000,0.0000000,285.9566320,89.8229195
6060,3,0.0000000,0.0000000,253.5150634,115.5770955
6060,4,0.0000000,0.0000000,287.5225511,131.2147165
6060,5,0.0000000,0.0000000,187.0000000,175.0000000
6070,0,0.0000000,0.0000000,197.0000000,112.0000000
6070,2,0.0000000,0.0000000,285.9566320,89.8229195
6070,3,0.0000000,0.0000000,253.5150634,115.5770955
6070,4,0.0000000,0.0000000,287.5225511,131.2147165
6070,5,0.0000000,0.0000000,187.0000000,175.0000000
6080,0,0.0000000,0.0000000,197.0000000,112.0000000
6080,2,0.0000000,0.0000000,285.9566320,89.8229195
6080,3,0.0000000,0.0000000,253.5150634,115.5770955
6080,4,0.0000000,0.0000000,287.5225511,131.2147165
6080,5,0.0000000,0.0000000,187.0000000,175.0000000
6090,0,0.0000000,0.0000000,197.0000000,112.0000000
6090,2,0.0000000,0.0000000,285.9566320,89.8229195
6090,3,0.0000000,0.0000000,253.5150634,115.5770955
6090,4,0.0000000,0.0000000,287.5225511,131.2147165
6090,5,0.0000000,0.0000000,187.0000000,175.0000000
6100,0,0.0000000,0.0000000,197.0000000,112.0000000
6100,2,0.0000000,0.0000000,285.9566320,89.8229195
6100,3,0.0000000,0.0000000,253.5150634,115.5770955
6100,4,0.0000000,0.0000000,287.5225511,131.2147165
6100,5,0.0000000,0.0000000,187.0000000,175.0000000
6110,0,0.0000000,0.0000000,197.0000000,112.0000000
6110,2,0.0000000,0.0000000,285.9566320,89.8229195
6110,3,0.0000000,0.0000000,253.5150634,115.5770955
6110,4,0.0000000,0.0000000,287.5225511,131.2147165
6110,5,0.0000000,0.0000000,187.0000000,175.0000000
6120,0,0.0000000,0.0000000,197.0000000,112.0000000
6120,2,0.0000000,0.0000000,285.9566320,89.8229195
6120,3,0.0000000,0.0000000,253.5150634,115.5770955
6120,4,0.0000000,0.0000000,287.5225511,131.2147165
6120,5,0.0000000,0.0000000,187.0000000,175.0000000
6130,0,0.0000000,0.0000000,197.0000000,112.0000000
6130,2,0.0000000,0.0000000,285.9566320,89.8229195
6130,3,0.0000000,0.0000000,253.5150634,115.5770955
6130,4,0.0000000,0.0000000,287.5225511,131.2147165
6130,5,0.0000000,0.0000000,187.0000000,175.0000000
6140,0,0.0000000,0.0000000,197.0000000,112.0000000
6140,2,0.0000000,0.0000000,285.9566320,89.8229195
6140,3,0.0000000,0.0000000,253.5150634,115.5770955
6140,4,0.0000000,0.0000000,287.5225511,131.2147165
6140,5,0.0000000,0.0000000,187.0000000,175.0000000
6150,0,0.0000000,0.0000000,197.0000000,112.0000000
6150,2,0.0000000,0.0000000,285.9566320,89.8229195
6150,3,0.0000000,0.0000000,253.5150634,115.5770955
6150,4,0.0000000,0.0000000,287.5225511,131.2147165
6150,5,0.0000000,0.0000000,187.0000000,175.0000000
6160,0,0.0000000,0.0000000,197.0000000,112.0000000
6160,2,0.0000000,0.0000000,285.9566320,89.8229195
6160,3,0.0000000,0.0000000,253.5150634,115.5770955
6160,4,0.0000000,0.0000000,287.5225511,131.2147165
6160,5,0.0000000,0.0000000,187.0000000,175.0000000
6170,0,0.0000000,0.0000000,197.0000000,112.0000000
6170,2,0.0000000,0.0000000,285.9566320,89.8229195
6170,3,0.0000000,0.0000000,253.5150634,115.5770955
6170,4,0.0000000,0.0000000,287.5225511,131.2147165
6170,5,0.0000000,0.0000000,187.0000000,175.0000000
6180,0,0.0000000,0.0000000,197.0000000,112.0000000
6180,2,0.0000000,0.0000000,285.9566320,89.8229195
6180,3,0.0000000,0.0000000,253.5150634,115.5770955
6180,4,0.0000000,0.0000000,287.5225511,131.2147165
6180,5,0.0000000,0.0000000,187.0000000,175.0000000
6190,0,0.0000000,0.0000000,197.0000000,112.0000000
6190,2,0.0000000,0.0000000,285.9566320,89.8229195
6190,3,0.0000000,0.0000000,253.5150634,115.5770955
6190,4,0.0000000,0.0000000,287.5225511,131.2147165
6190,5,0.0000000,0.0000000,187.0000000,175.0000000
6200,0,0.0000000,0.0000000,197.0000000,112.0000000
6200,2,0.0000000,0.0000000,285.9566320,89.8229195
6200,3,0.0000000,0.0000000,253.5150634,115.5770955
6200,4,0.0000000,0.0000000,287.5225511,131.2147165
6200,5,0.0000000,0.0000000,187.0000000,175.0000000
6210,0,0.0000000,0.0000000,197.0000000,112.0000000
6210,2,0.0000000,0.0000000,285.9566320,89.8229195
6210,3,0.0000000,0.0000000,253.5150634,115.5770955
6210,4,0.0000000,0.0000000,287.5225511,131.2147165
6210,5,0.0000000,0.0000000,187.0000000,175.0000000
6220,0,0.0000000,0.0000000,197.0000000,112.0000000
6220,2,0.0000000,0.0000000,285.9566320,89.8229195
6220,3,0.0000000,0.0000000,253.5150634,115.5770955
6220,4,0.0000000,0.0000000,287.5225511,131.2147165
6220,5,0.0000000,0.0000000,187.0000000,175.0000000
6230,0,0.0000000,0.0000000,197.0000000,112.0000000
6230,2,0.0000000,0.0000000,285.9566320,89.8229195
6230,3,0.0000000,0.0000000,253.5150634,115.5770955
6230,4,0.0000000,0.0000000,287.5225511,131.2147165
6230,5,0.0000000,0.0000000,187.0000000,175.0000000
6240,0,0.0000000,0.0000000,197.0000000,112.0000000
6240,2,0.0000000,0.0000000,285.9566320,89.8229195
6240,3,0.0000000,0.0000000,253.5150634,115.5770955
6240,4,0.0000000,0.0000000,287.5225511,131.2147165
6240,5,0.0000000,0.0000000,187.0000000,175.0000000
6250,0,0.0000000,0.0000000,197.0000000,112.0000000
6250,2,0.0000000,0.0000000,285.9566320,89.8229195
6250,3,0.0000000,0.0000000,253.5150634,115.5770955
6250,4,0.0000000,0.0000000,287.5225511,131.2147165
6250,5,0.0000000,0.0000000,187.0000000,175.0000000
6260,0,0.0000000,0.0000000,197.0000000,112.0000000
6260,2,0.0000000,0.0000000,285.9566320,89.8229195
6260,3,0.0000000,0.0000000,253.5150634,115.5770955
6260,4,0.0000000,0.0000000,287.5225511,131.2147165
6260,5,0.0000000,0.0000000,187.0000000,175.0000000
6270,0,0.0000000,0.0000000,197.0000000,112.0000000
6270,2,0.0000000,0.0000000,285.9566320,89.8229195
6270,3,0.0000000,0.0000000,253.5150634,115.5770955
6270,4,0.0000000,0.0000000,287.5225511,131.2147165
6270,5,0.0000000,0.0000000,187.0000000,175.0000000
6280,0,0.0000000,0.0000000,197.0000000,112.0000000
6280,2,0.0000000,0.0000000,285.9566320,89.8229195
6280,3,0.0000000,0.0000000,253.5150634,115.5770955
6280,4,0.0000000,0.0000000,287.5225511,131.2147165
6280,5,0.0000000,0.0000000,187.0000000,175.0000000
6290,0,0.0000000,0.0000000,197.0000000,112.0000000
6290,2,0.0000000,0.0000000,285.9566320,89.8229195
6290,3,0.0000000,0.0000000,253.5150634,115.5770955
6290,4,0.0000000,0.0000000,287.5225511,131.2147165
6290,5,0.0000000,0.0000000,187.0000000,175.0000000
6300,0,0.0000000,0.0000000,197.0000000,112.0000000
6300,2,0.0000000,0.0000000,285.9566320,89.8229195
6300,3,0.0000000,0.0000000,253.5150634,115.5770955
6300,4,0.0000000,0.0000000,287.5225511,131.2147165
6300,5,0.0000000,0.0000000,187.0000000,175.0000000
6310,0,0.0000000,0.0000000,197.0000000,112.0000000
6310,2,0.0000000,0.0000000,285.9566320,89.8229195
6310,3,0.0000000,0.0000000,253.5150634,115.5770955
6310,4,0.0000000,0.0000000,287.5225511,131.2147165
6310,5,0.0000000,0.0000000,187.0000000,175.0000000
6320,0,0.0000000,0.0000000,197.0000000,112.0000000
6320,2,0.0000000,0.0000000,285.9566320,89.8229195
6320,3,0.0000000,0.0000000,253.5150634,115.5770955
6320,4,0.0000000,0.0000000,287.5225511,131.2147165
6320,5,0.0000000,0.0000000,187.0000000,175.0000000
6330,0,0.0000000,0.0000000,197.0000000,112.0000000
6330,2,0.0000000,0.0000000,285.9566320,89.8229195
6330,3,0.0000000,0.0000000,253.5150634,115.5770955
6330,4,0.0000000,0.0000000,287.5225511,131.2147165
6330,5,0.0000000,0.0000000,187.0000000,175.0000000
6340,0,0.0000000,0.0000000,197.0000000,112.0000000
6340,2,0.0000000,0.0000000,285.9566320,89.8229195
6340,3,0.0000000,0.0000000,253.5150634,115.5770955
6340,4,0.0000000,0.0000000,287.5225511,131.2147165
6340,5,0.0000000,0.0000000,187.0000000,175.0000000
6350,0,0.0000000,0.0000000,197.0000000,112.0000000
6350,2,0.0000000,0.0000000,285.9566320,89.8229195
6350,3,0.0000000,0.0000000,253.5150634,115.5770955
6350,4,0.0000000,0.0000000,287.5225511,131.2147165
6350,5,0.0000000,0.0000000,187.0000000,175.0000000
6360,0,0.0000000,0.0000000,197.0000000,112.0000000
6360,2,0.0000000,0.0000000,285.9566320,89.8229195
6360,3,0.0000000,0.0000000,253.5150634,115.5770955
6360,4,0.0000000,0.0000000,287.5225511,131.2147165
6360,5,0.0000000,0.0000000,187.0000000,175.0000000
6370,0,0.0000000,0.0000000,197.0000000,112.0000000
6370,2,0.0000000,0.0000000,285.9566320,89.8229195
6370,3,0.0000000,0.0000000,253.5150634,115.5770955
6370,4,0.0000000,0.0000000,287.5225511,131.2147165
6370,5,0.0000000,0.0000000,187.0000000,175.0000000
6380,0,0.0000000,0.0000000,197.0000000,112.0000000
6380,2,0.0000000,0.0000000,285.9566320,89.8229195
6380,3,0.0000000,0.0000000,253.5150634,115.5770955
6380,4,0.0000000,0.0000000,287.5225511,131.2147165
6380,5,0.0000000,0.0000000,187.0000000,175.0000000
6390,0,0.0000000,0.0000000,197.0000000,112.0000000
6390,2,0.0000000,0.0000000,285.9566320,89.8229195
6390,3,0.0000000,0.0000000,253.5150634,115.5770955
6390,4,0.0000000,0.0000000,287.5225511,131.2147165
6390,5,0.0000000,0.0000000,187.0000000,175.0000000
6400,0,0.0000000,0.0000000,197.0000000,112.0000000
6400,2,0.0000000,0.0000000,285.9566320,89.8229195
6400,3,0.0000000,0.0000000,253.5150634,115.5770955
6400,4,0.0000000,0.0000000,287.5225511,131.2147165
6400,5,0.0000000,0.0000000,187.0000000,175.0000000
6410,0,0.0000000,0.0000000,197.0000000,112.0000000
6410,2,0.0000000,0.0000000,285.9566320,89.8229195
6410,3,0.0000000,0.0000000,253.5150634,115.5770955
6410,4,0.0000000,0.0000000,287.5225511,131.2147165
6410,5,0.0000000,0.0000000,187.0000000,175.0000000
6420,0,0.0000000,0.0000000,197.0000000,112.0000000
6420,2,0.0000000,0.0000000,285.9566320,89.8229195
6420,3,0.0000000,0.0000000,253.5150634,115.5770955
6420,4,0.0000000,0.0000000,287.5225511,131.2147165
6420,5,0.0000000,0.0000000,187.0000000,175.0000000
6430,0,0.0000000,0.0000000,197.0000000,112.0000000
6430,2,0.0000000,0.0000000,285.9566320,89.8229195
6430,3,0.0000000,0.0000000,253.5150634,115.5770955
6430,4,0.0000000,0.0000000,287.5225511,131.2147165
6430,5,0.0000000,0.0000000,187.0000000,175.0000000
6440,0,0.0000000,0.0000000,197.0000000,112.0000000
6440,2,0.0000000,0.0000000,285.9566320,89.8229195
6440,3,0.0000000,0.0000000,253.5150634,115.5770955
6440,4,0.0000000,0.0000000,287.5225511,131.2147165
6440,5,0.0000000,0.0000000,187.0000000,175.0000000
6450,0,0.0000000,0.0000000,197.0000000,112.0000000
6450,2,0.0000000,0.0000000,285.9566320,89.8229195
6450,3,0.0000000,0.0000000,253.5150634,115.5770955
6450,4,0.0000000,0.0000000,287.5225511,131.2147165
6450,5,0.0000000,0.0000000,187.0000000,175.0000000
6460,0,0.0000000,0.0000000,197.0000000,112.0000000
6460,2,0.0000000,0.0000000,285.9566320,89.8229195
6460,3,0.0000000,0.0000000,253.5150634,115.5770955
6460,4,0.0000000,0.0000000,287.5225511,131.2147165
6460,5,0.0000000,0.0000000,187.0000000,175.0000000
6470,0,0.0000000,0.0000000,197.0000000,112.0000000
6470,2,0.0000000,0.0000000,285.9566320,89.8229195
6470,3,0.0000000,0.0000000,253.5150634,115.5770955
6470,4,0.0000000,0.0000000,287.5225511,131.2147165
6470,5,0.0000000,0.0000000,187.0000000,175.0000000
6480,0,0.0000000,0.0000000,197.0000000,112.0000000
6480,2,0.0000000,0.0000000,285.9566320,89.8229195
6480,3,0.0000000,0.0000000,253.5150634,115.5770955
6480,4,0.0000000,0.0000000,287.5225511,131.2147165
6480,5,0.0000000,0.0000000,187.0000000,175.0000000
6490,0,0.0000000,0.0000000,197.0000000,112.0000000
6490,2,0.0000000,0.0000000,285.9566320,89.8229195
6490,3,0.0000000,0.0000000,253.5150634,115.5770955
6490,4,0.0000000,0.0000000,287.5225511,131.2147165
6490,5,0.0000000,0.0000000,187.0000000,175.0000000
6500,0,0.0000000,0.0000000,197.0000000,112.0000000
6500,2,0.0000000,0.0000000,285.9566320,89.8229195
6500,3,0.0000000,0.0000000,253.5150634,115.5770955
6500,4,0.0000000,0.0000000,287.5225511,131.2147165
6500,5,0.0000000,0.0000000,187.0000000,175.0000000
6510,0,0.0000000,0.0000000,197.0000000,112.0000000
6510,2,0.0000000,0.0000000,285.9566320,89.8229195
6510,3,0.0000000,0.0000000,253.5150634,115.5770955
6510,4,0.0000000,0.0000000,287.5225511,131.2147165
6510,5,0.0000000,0.0000000,187.0000000,175.0000000
6520,0,0.0000000,0.0000000,197.0000000,112.0000000
6520,2,0.0000000,0.0000000,285.9566320,89.8229195
6520,3,0.0000000,0.0000000,253.5150634,115.5770955
6520,4,0.0000000,0.0000000,287.5225511,131.2147165
6520,5,0.0000000,0.0000000,187.0000000,175.0000000
6530,0,0.0000000,0.0000000,197.0000000,112.0000000
6530,2,0.0000000,0.0000000,285.9566320,89.8229195
6530,3,0.0000000,0.0000000,253.5150634,115.5770955
6530,4,0.0000000,0.0000000,287.5225511,131.2147165
6530,5,0.0000000,0.0000000,187.0000000,175.0000000
6540,0,0.0000000,0.0000000,197.0000000,112.0000000
6540,2,0.0000000,0.0000000,285.9566320,89.8229195
6540,3,0.0000000,0.0000000,253.5150634,115.5770955
6540,4,0.0000000,0.0000000,287.5225511,131.2147165
6540,5,0.0000000,0.0000000,187.0000000,175.0000000
6550,0,0.0000000,0.0000000,197.0000000,112.0000000
6550,2,0.0000000,0.0000000,285.9566320,89.8229195
6550,3,0.0000000,0.0000000,253.5150634,115.5770955
6550,4,0.0000000,0.0000000,287.5225511,131.2147165
6550,5,0.0000000,0.0000000,187.0000000,175.0000000
6560,0,0.0000000,0.0000000,197.0000000,112.0000000
6560,2,0.0000000,0.0000000,285.9566320,89.8229195
6560,3,0.0000000,0.0000000,253.5150634,115.5770955
6560,4,0.0000000,0.0000000,287.5225511,131.2147165
6560,5,0.0000000,0.0000000,187.0000000,175.0000000
6570,0,0.0000000,0.0000000,197.0000000,112.0000000
6570,2,0.0000000,0.0000000,285.9566320,89.8229195
6570,3,0.0000000,0.0000000,253.5150634,115.5770955
6570,4,0.0000000,0.0000000,287.5225511,131.2147165
6570,5,0.0000000,0.0000000,187.0000000,175.0000000
6580,0,0.0000000,0.0000000,197.0000000,112.0000000
6580,2,0.0000000,0.0000000,285.9566320,89.8229195
6580,3,0.0000000,0.0000000,253.5150634,115.5770955
6580,4,0.0000000,0.0000000,287.5225511,131.2147165
6580,5,0.0000000,0.0000000,187.0000000,175.0000000
6590,0,0.0000000,0.0000000,197.0000000,112.0000000
6590,2,0.0000000,0.0000000,285.9566320,89.8229195
6590,3,0.0000000,0.0000000,253.5150634,115.5770955
6590,4,0.0000000,0.0000000,287.5225511,131.2147165
6590,5,0.0000000,0.0000000,187.0000000,175.0000000
6600,0,0.0000000,0.0000000,197.0000000,112.0000000
6600,2,0.0000000,0.0000000,285.9566320,89.8229195
6600,3,0.0000000,0.0000000,253.5150634,115.5770955
6600,4,0.0000000,0.0000000,287.5225511,131.2147165
6600,5,0.0000000,0.0000000,187.0000000,175.0000000
6610,0,0.0000000,0.0000000,197.0000000,112.0000000
6610,2,0.0000000,0.0000000,285.9566320,89.8229195
6610,3,0.0000000,0.0000000,253.5150634,115.5770955
6610,4,0.0000000,0.0000000,287.5225511,131.2147165
6610,5,0.0000000,0.0000000,187.0000000,175.0000000
6620,0,0.0000000,0.0000000,197.0000000,112.0000000
6620,2,0.0000000,0.0000000,285.9566320,89.8229195
6620,3,0.0000000,0.0000000,253.5150634,115.5770955
6620,4,0.0000000,0.0000000,287.5225511,131.2147165
6620,5,0.0000000,0.0000000,187.0000000,175.0000000
6630,0,0.0000000,0.0000000,197.0000000,112.0000000
6630,2,0.0000000,0.0000000,285.9566320,89.8229195
6630,3,0.0000000,0.0000000,253.5150634,115.5770955
6630,4,0.0000000,0.0000000,287.5225511,131.2147165
6630,5,0.0000000,0.0000000,187.0000000,175.0000000
6640,0,0.0000000,0.0000000,197.0000000,112.0000000
6640,2,0.0000000,0.0000000,285.9566320,89.8229195
6640,3,0.0000000,0.0000000,253.5150634,115.5770955
6640,4,0.0000000,0.0000000,287.5225511,131.2147165
6640,5,0.0000000,0.0000000,187.0000000,175.0000000
6650,0,0.0000000,0.0000000,197.0000000,112.0000000
6650,2,0.0000000,0.0000000,285.9566320,89.8229195
6650,3,0.0000000,0.0000000,253.5150634,115.5770955
6650,4,0.0000000,0.0000000,287.5225511,131.2147165
6650,5,0.0000000,0.0000000,187.0000000,175.0000000
6660,0,0.0000000,0.0000000,197.0000000,112.0000000
6660,2,0.0000000,0.0000000,285.9566320,89.8229195
6660,3,0.0000000,0.0000000,253.5150634,115.5770955
6660,4,0.0000000,0.0000000,287.5225511,131.2147165
6660,5,0.0000000,0.0000000,187.0000000,175.0000000
6670,0,0.0000000,0.0000000,197.0000000,112.0000000
6670,2,0.0000000,0.0000000,285.9566320,89.8229195
6670,3,0.0000000,0.0000000,253.5150634,115.5770955
6670,4,0.0000000,0.0000000,287.5225511,131.2147165
6670,5,0.0000000,0.0000000,187.0000000,175.0000000
6680,0,0.0000000,0.0000000,197.0000000,112.0000000
6680,2,0.0000000,0.0000000,285.9566320,89.8229195
6680,3,0.0000000,0.0000000,253.5150634,115.5770955
6680,4,0.0000000,0.0000000,287.5225511,131.2147165
6680,5,0.0000000,0.0000000,187.0000000,175.0000000
6690,0,0.0000000,0.0000000,197.0000000,112.0000000
6690,2,0.0000000,0.0000000,285.9566320,89.8229195
6690,3,0.0000000,0.0000000,253.5150634,115.5770955
6690,4,0.0000000,0.0000000,287.5225511,131.2147165
6690,5,0.0000000,0.0000000,187.0000000,175.0000000
6700,0,0.0000000,0.0000000,197.0000000,112.0000000
6700,2,0.0000000,0.0000000,285.9566320,89.8229195
6700,3,0.0000000,0.0000000,253.5150634,115.5770955
6700,4,0.0000000,0.0000000,287.5225511,131.2147165
6700,5,0.0000000,0.0000000,187.0000000,175.0000000
6710,0,0.0000000,0.0000000,197.0000000,112.0000000
6710,2,0.0000000,0.0000000,285.9566320,89.8229195
6710,3,0.0000000,0.0000000,253.5150634,115.5770955
6710,4,0.0000000,0.0000000,287.5225511,131.2147165
6710,5,0.0000000,0.0000000,187.0000000,175.0000000
6720,0,0.0000000,0.0000000,197.0000000,112.0000000
6720,2,0.0000000,0.0000000,285.9566320,89.8229195
6720,3,0.0000000,0.0000000,253.5150634,115.5770955
6720,4,0.0000000,0.0000000,287.5225511,131.2147165
6720,5,0.0000000,0.0000000,187.0000000,175.0000000
6730,0,0.0000000,0.0000000,197.0000000,112.0000000
6730,2,0.0000000,0.0000000,285.9566320,89.8229195
6730,3,0.0000000,0.0000000,253.5150634,115.5770955
6730,4,0.0000000,0.0000000,287.5225511,131.2147165
6730,5,0.0000000,0.0000000,187.0000000,175.0000000
6740,0,0.0000000,0.0000000,197.0000000,112.0000000
6740,2,0.0000000,0.0000000,285.9566320,89.8229195
6740,3,0.0000000,0.0000000,253.5150634,115.5770955
6740,4,0.0000000,0.0000000,287.5225511,131.2147165
6740,5,0.0000000,0.0000000,187.0000000,175.0000000
6750,0,0.0000000,0.0000000,197.0000000,112.0000000
6750,2,0.0000000,0.0000000,285.9566320,89.8229195
6750,3,0.0000000,0.0000000,253.5150634,115.5770955
6750,4,0.0000000,0.0000000,287.5225511,131.2147165
6750,5,0.0000000,0.0000000,187.0000000,175.0000000
6760,0,0.0000000,0.0000000,197.0000000,112.0000000
6760,2,0.0000000,0.0000000,285.9566320,89.8229195
6760,3,0.0000000,0.0000000,253.5150634,115.5770955
6760,4,0.0000000,0.0000000,287.5225511,131.2147165
6760,5,0.0000000,0.0000000,187.0000000,175.0000000
6770,0,0.0000000,0.0000000,197.0000000,112.0000000
6770,2,0.0000000,0.0000000,285.9566320,89.8229195
6770,3,0.0000000,0.0000000,253.5150634,115.5770955
6770,4,0.0000000,0.0000000,287.5225511,131.2147165
6770,5,0.0000000,0.0000000,187.0000000,175.0000000
6780,0,0.0000000,0.0000000,197.0000000,112.0000000
6780,2,0.0000000,0.0000000,285.9566320,89.8229195
6780,3,0.0000000,0.0000000,253.5150634,115.5770955
6780,4,0.0000000,0.0000000,287.5225511,131.2147165
6780,5,0.0000000,0.0000000,187.0000000,175.0000000
6790,0,0.0000000,0.0000000,197.0000000,112.0000000
6790,2,0.0000000,0.0000000,285.9566320,89.8229195
6790,3,0.0000000,0.0000000,253.5150634,115.5770955
6790,4,0.0000000,0.0000000,287.5225511,131.2147165
6790,5,0.0000000,0.0000000,187.0000000,175.0000000
6800,0,0.0000000,0.0000000,197.0000000,112.0000000
6800,2,0.0000000,0.0000000,285.9566320,89.8229195
6800,3,0.0000000,0.0000000,253.5150634,115.5770955
6800,4,0.0000000,0.0000000,287.5225511,131.2147165
6800,5,0.0000000,0.0000000,187.0000000,175.0000000
6810,0,0.0000000,0.0000000,197.0000000,112.0000000
6810,2,0.0000000,0.0000000,285.9566320,89.8229195
6810,3,0.0000000,0.0000000,253.5150634,115.5770955
6810,4,0.0000000,0.0000000,287.5225511,131.2147165
6810,5,0.0000000,0.0000000,187.0000000,175.0000000
6820,0,0.0000000,0.0000000,197.0000000,112.0000000
6820,2,0.0000000,0.0000000,285.9566320,89.8229195
6820,3,0.0000000,0.0000000,253.5150634,115.5770955
6820,4,0.0000000,0.0000000,287.5225511,131.2147165
6820,5,0.0000000,0.0000000,187.0000000,175.0000000
6830,0,0.0000000,0.0000000,197.0000000,112.0000000
6830,2,0.0000000,0.0000000,285.9566320,89.8229195
6830,3,0.0000000,0.0000000,253.5150634,115.5770955
6830,4,0.0000000,0.0000000,287.5225511,131.2147165
6830,5,0.0000000,0.0000000,187.0000000,175.0000000
6840,0,0.0000000,0.0000000,197.0000000,112.0000000
6840,2,0.0000000,0.0000000,285.9566320,89.8229195
6840,3,0.0000000,0.0000000,253.5150634,115.5770955
6840,4,0.0000000,0.0000000,287.5225511,131.2147165
6840,5,0.0000000,0.0000000,187.0000000,175.0000000
6850,0,0.0000000,0.0000000,197.0000000,112.0000000
6850,2,0.0000000,0.0000000,285.9566320,89.8229195
6850,3,0.0000000,0.0000000,253.5150634,115.5770955
6850,4,0.0000000,0.0000000,287.5225511,131.2147165
6850,5,0.0000000,0.0000000,187.0000000,175.0000000
6860,0,0.0000000,0.0000000,197.0000000,112.0000000
6860,2,0.0000000,0.0000000,285.9566320,89.8229195
6860,3,0.0000000,0.0000000,253.5150634,115.5770955
6860,4,0.0000000,0.0000000,287.5225511,131.2147165
6860,5,0.0000000,0.0000000,187.0000000,175.0000000
6870,0,0.0000000,0.0000000,197.0000000,112.0000000
6870,2,0.0000000,0.0000000,285.9566320,89.8229195
6870,3,0.0000000,0.0000000,253.5150634,115.5770955
6870,4,0.0000000,0.0000000,287.5225511,131.2147165
6870,5,0.0000000,0.0000000,187.0000000,175.0000000
6880,0,0.0000000,0.0000000,197.0000000,112.0000000
6880,2,0.0000000,0.0000000,285.9566320,89.8229195
6880,3,0.0000000,0.0000000,253.5150634,115.5770955
6880,4,0.0000000,0.0000000,287.5225511,131.2147165
6880,5,0.0000000,0.0000000,187.0000000,175.0000000
6890,0,0.0000000,0.0000000,197.0000000,112.0000000
6890,2,0.0000000,0.0000000,285.9566320,89.8229195
6890,3,0.0000000,0.0000000,253.5150634,115.5770955
6890,4,0.0000000,0.0000000,287.5225511,131.2147165
6890,5,0.0000000,0.0000000,187.0000000,175.0000000
6900,0,0.0000000,0.0000000,197.0000000,112.0000000
6900,2,0.0000000,0.0000000,285.9566320,89.8229195
6900,3,0.0000000,0.0000000,253.5150634,115.5770955
6900,4,0.0000000,0.0000000,287.5225511,131.2147165
6900,5,0.0000000,0.0000000,187.0000000,175.0000000
6910,0,0.0000000,0.0000000,197.0000000,112.0000000
6910,2,0.0000000,0.0000000,285.9566320,89.8229195
6910,3,0.0000000,0.0000000,253.5150634,115.5770955
6910,4,0.0000000,0.0000000,287.5225511,131.2147165
6910,5,0.0000000,0.0000000,187.0000000,175.0000000
6920,0,0.0000000,0.0000000,197.0000000,112.0000000
6920,2,0.0000000,0.0000000,285.9566320,89.8229195
6920,3,0.0000000,0.0000000,253.5150634,115.5770955
6920,4,0.0000000,0.0000000,287.5225511,131.2147165
6920,5,0.0000000,0.0000000,187.0000000,175.0000000
6930,0,0.0000000,0.0000000,197.0000000,112.0000000
6930,2,0.0000000,0.0000000,285.9566320,89.8229195
6930,3,0.0000000,0.0000000,253.5150634,115.5770955
6930,4,0.0000000,0.0000000,287.5225511,131.2147165
6930,5,0.0000000,0.0000000,187.0000000,175.0000000
6940,0,0.0000000,0.0000000,197.0000000,112.0000000
6940,2,0.0000000,0.0000000,285.9566320,89.8229195
6940,3,0.0000000,0.0000000,253.5150634,115.5770955
6940,4,0.0000000,0.0000000,287.5225511,131.2147165
6940,5,0.0000000,0.0000000,187.0000000,175.0000000
6950,0,0.0000000,0.0000000,197.0000000,112.0000000
6950,2,0.0000000,0.0000000,285.9566320,89.8229195
6950,3,0.0000000,0.0000000,253.5150634,115.5770955
6950,4,0.0000000,0.0000000,287.5225511,131.2147165
6950,5,0.0000000,0.0000000,187.0000000,175.0000000
6960,0,0.0000000,0.0000000,197.0000000,112.0000000
6960,2,0.0000000,0.0000000,285.9566320,89.8229195
6960,3,0.0000000,0.0000000,253.5150634,115.5770955
6960,4,0.0000000,0.0000000,287.5225511,131.2147165
6960,5,0.0000000,0.0000000,187.0000000,175.0000000
6970,0,0.0000000,0.0000000,197.0000000,112.0000000
6970,2,0.0000000,0.0000000,285.9566320,89.8229195
6970,3,0.0000000,0.0000000,253.5150634,115.5770955
6970,4,0.0000000,0.0000000,287.5225511,131.2147165
6970,5,0.0000000,0.0000000,187.0000000,175.0000000
6980,0,0.0000000,0.0000000,197.0000000,112.0000000
6980,2,0.0000000,0.0000000,285.9566320,89.8229195
6980,3,0.0000000,0.0000000,253.5150634,115.5770955
6980,4,0.0000000,0.0000000,287.5225511,131.2147165
6980,5,0.0000000,0.0000000,187.0000000,175.0000000
6990,0,0.0000000,0.0000000,197.0000000,112.0000000
6990,2,0.0000000,0.0000000,285.9566320,89.8229195
6990,3,0.0000000,0.0000000,253.5150634,115.5770955
6990,4,0.0000000,0.0000000,287.5225511,131.2147165
6990,5,0.0000000,0.0000000,187.0000000,175.0000000
7000,0,0.0000000,0.0000000,197.0000000,112.0000000
7000,2,0.0000000,0.0000000,285.9566320,89.8229195
7000,3,0.0000000,0.0000000,253.5150634,115.5770955
7000,4,0.0000000,0.0000000,287.5225511,131.2147165
7000,5,0.0000000,0.0000000,187.0000000,175.0000000
7010,0,0.0000000,0.0000000,197.0000000,112.0000000
7010,2,0.0000000,0.0000000,285.9566320,89.8229195
7010,3,0.0000000,0.0000000,253.5150634,115.5770955
7010,4,0.0000000,0.0000000,287.5225511,131.2147165
7010,5,0.0000000,0.0000000,187.0000000,175.0000000
7020,0,0.0000000,0.0000000,197.0000000,112.0000000
7020,2,0.0000000,0.0000000,285.9566320,89.8229195
7020,3,0.0000000,0.0000000,253.5150634,115.5770955
7020,4,0.0000000,0.0000000,287.5225511,131.2147165
7020,5,0.0000000,0.0000000,187.0000000,175.0000000
7030,0,0.0000000,0.0000000,197.0000000,112.0000000
7030,2,0.0000000,0.0000000,285.9566320,89.8229195
7030,3,0.0000000,0.0000000,253.5150634,115.5770955
7030,4,0.0000000,0.0000000,287.5225511,131.2147165
7030,5,0.0000000,0.0000000,187.0000000,175.0000000
7040,0,0.0000000,0.0000000,197.0000000,112.0000000
7040,2,0.0000000,0.0000000,285.9566320,89.8229195
7040,3,0.0000000,0.0000000,253.5150634,115.5770955
7040,4,0.0000000,0.0000000,287.5225511,131.2147165
7040,5,0.0000000,0.0000000,187.0000000,175.0000000
7050,0,0.0000000,0.0000000,197.0000000,112.0000000
7050,2,0.0000000,0.0000000,285.9566320,89.8229195
7050,3,0.0000000,0.0000000,253.5150634,115.5770955
7050,4,0.0000000,0.0000000,287.5225511,131.2147165
7050,5,0.0000000,0.0000000,187.0000000,175.0000000
7060,0,0.0000000,0.0000000,197.0000000,112.0000000
7060,2,0.0000000,0.0000000,285.9566320,89.8229195
7060,3,0.0000000,0.0000000,253.5150634,115.5770955
7060,4,0.0000000,0.0000000,287.5225511,131.2147165
7060,5,0.0000000,0.0000000,187.0000000,175.0000000
7070,0,0.0000000,0.0000000,197.0000000,112.0000000
7070,2,0.0000000,0.0000000,285.9566320,89.8229195
7070,3,0.0000000,0.0000000,253.5150634,115.5770955
7070,4,0.0000000,0.0000000,287.5225511,131.2147165
7070,5,0.0000000,0.0000000,187.0000000,175.0000000
7080,0,0.0000000,0.0000000,197.0000000,112.0000000
7080,2,0.0000000,0.0000000,285.9566320,89.8229195
7080,3,0.0000000,0.0000000,253.5150634,115.5770955
7080,4,0.0000000,0.0000000,287.5225511,131.2147165
7080,5,0.0000000,0.0000000,187.0000000,175.0000000
7090,0,0.0000000,0.0000000,197.0000000,112.0000000
7090,2,0.0000000,0.0000000,285.9566320,89.8229195
7090,3,0.0000000,0.0000000,253.5150634,115.5770955
7090,4,0.0000000,0.0000000,287.5225511,131.2147165
7090,5,0.0000000,0.0000000,187.0000000,175.0000000
7100,0,0.0000000,0.0000000,197.0000000,112.0000000
7100,2,0.0000000,0.0000000,285.9566320,89.8229195
7100,3,0.0000000,0.0000000,253.5150634,115.5770955
7100,4,0.0000000,0.0000000,287.5225511,131.2147165
7100,5,0.0000000,0.0000000,187.0000000,175.0000000
7110,0,0.0000000,0.0000000,197.0000000,112.0000000
7110,2,0.0000000,0.0000000,285.9566320,89.8229195
7110,3,0.0000000,0.0000000,253.5150634,115.5770955
7110,4,0.0000000,0.0000000,287.5225511,131.2147165
7110,5,0.0000000,0.0000000,187.0000000,175.0000000
7120,0,0.0000000,0.0000000,197.0000000,112.0000000
7120,2,0.0000000,0.0000000,285.9566320,89.8229195
7120,3,0.0000000,0.0000000,253.5150634,115.5770955
7120,4,0.0000000,0.0000000,287.5225511,131.2147165
7120,5,0.0000000,0.0000000,187.0000000,175.0000000
7130,0,0.0000000,0.0000000,197.0000000,112.0000000
7130,2,0.0000000,0.0000000,285.9566320,89.8229195
7130,3,0.0000000,0.0000000,253.5150634,115.5770955
7130,4,0.0000000,0.0000000,287.5225511,131.2147165
7130,5,0.0000000,0.0000000,187.0000000,175.0000000
7140,0,0.0000000,0.0000000,197.0000000,112.0000000
7140,2,0.0000000,0.0000000,285.9566320,89.8229195
7140,3,0.0000000,0.0000000,253.5150634,115.5770955
7140,4,0.0000000,0.0000000,287.5225511,131.2147165
7140,5,0.0000000,0.0000000,187.0000000,175.0000000
7150,0,0.0000000,0.0000000,197.0000000,112.0000000
7150,2,0.0000000,0.0000000,285.9566320,89.8229195
7150,3,0.0000000,0.0000000,253.5150634,115.5770955
7150,4,0.0000000,0.0000000,287.5225511,131.2147165
7150,5,0.0000000,0.0000000,187.0000000,175.0000000
7160,0,0.0000000,0.0000000,197.0000000,112.0000000
7160,2,0.0000000,0.0000000,285.9566320,89.8229195
7160,3,0.0000000,0.0000000,253.5150634,115.5770955
7160,4,0.0000000,0.0000000,287.5225511,131.2147165
7160,5,0.0000000,0.0000000,187.0000000,175.0000000
7170,0,0.0000000,0.0000000,197.0000000,112.0000000
7170,2,0.0000000,0.0000000,285.9566320,89.8229195
7170,3,0.0000000,0.0000000,253.5150634,115.5770955
7170,4,0.0000000,0.0000000,287.5225511,131.2147165
7170,5,0.0000000,0.0000000,187.0000000,175.0000000
7180,0,0.0000000,0.0000000,197.0000000,112.0000000
7180,2,0.0000000,0.0000000,285.9566320,89.8229195
7180,3,0.0000000,0.0000000,253.5150634,115.5770955
7180,4,0.0000000,0.0000000,287.5225511,131.2147165
7180,5,0.0000000,0.0000000,187.0000000,175.0000000
7190,0,0.0000000,0.0000000,197.0000000,112.0000000
7190,2,0.0000000,0.0000000,285.9566320,89.8229195
7190,3,0.0000000,0.0000000,253.5150634,115.5770955
7190,4,0.0000000,0.0000000,287.5225511,131.2147165
7190,5,0.0000000,0.0000000,187.0000000,175.0000000
7200,0,0.0000000,0.0000000,197.0000000,112.0000000
7200,2,0.0000000,0.0000000,285.9566320,89.8229195
7200,3,0.0000000,0.0000000,253.5150634,115.5770955
7200,4,0.0000000,0.0000000,287.5225511,131.2147165
7200,5,0.0000000,0.0000000,187.0000000,175.0000000
7210,0,0.0000000,0.0000000,197.0000000,112.0000000
7210,2,0.0000000,0.0000000,285.9566320,89.8229195
7210,3,0.0000000,0.0000000,253.5150634,115.5770955
7210,4,0.0000000,0.0000000,287.5225511,131.2147165
7210,5,0.0000000,0.0000000,187.0000000,175.0000000
7220,0,0.0000000,0.0000000,197.0000000,112.0000000
7220,2,0.0000000,0.0000000,285.9566320,89.8229195
7220,3,0.0000000,0.0000000,253.5150634,115.5770955
7220,4,0.0000000,0.0000000,287.5225511,131.2147165
7220,5,0.0000000,0.0000000,187.0000000,175.0000000
7230,0,0.0000000,0.0000000,197.0000000,112.0000000
7230,2,0.0000000,0.0000000,285.9566320,89.8229195
7230,3,0.0000000,0.0000000,253.5150634,115.5770955
7230,4,0.0000000,0.0000000,287.5225511,131.2147165
7230,5,0.0000000,0.0000000,187.0000000,175.0000000
7240,0,0.0000000,0.0000000,197.0000000,112.0000000
7240,2,0.0000000,0.0000000,285.9566320,89.8229195
7240,3,0.0000000,0.0000000,253.5150634,115.5770955
7240,4,0.0000000,0.0000000,287.5225511,131.2147165
7240,5,0.0000000,0.0000000,187.0000000,175.0000000
7250,0,0.0000000,0.0000000,197.0000000,112.0000000
7250,2,0.0000000,0.0000000,285.9566320,89.8229195
7250,3,0.0000000,0.0000000,253.5150634,115.5770955
7250,4,0.0000000,0.0000000,287.5225511,131.2147165
7250,5,0.0000000,0.0000000,187.0000000,175.0000000
7260,0,0.0000000,0.0000000,197.0000000,112.0000000
7260,2,0.0000000,0.0000000,285.9566320,89.8229195
7260,3,0.0000000,0.0000000,253.5150634,115.5770955
7260,4,0.0000000,0.0000000,287.5225511,131.2147165
7260,5,0.0000000,0.0000000,187.0000000,175.0000000
7270,0,0.0000000,0.0000000,197.0000000,112.0000000
7270,2,0.0000000,0.0000000,285.9566320,89.8229195
7270,3,0.0000000,0.0000000,253.5150634,115.5770955
7270,4,0.0000000,0.0000000,287.5225511,131.2147165
7270,5,0.0000000,0.0000000,187.0000000,175.0000000
7280,0,0.0000000,0.0000000,197.0000000,112.0000000
7280,2,0.0000000,0.0000000,285.9566320,89.8229195
7280,3,0.0000000,0.0000000,253.5150634,115.5770955
7280,4,0.0000000,0.0000000,287.5225511,131.2147165
7280,5,0.0000000,0.0000000,187.0000000,175.0000000
7290,0,0.0000000,0.0000000,197.0000000,112.0000000
7290,2,0.0000000,0.0000000,285.9566320,89.8229195
7290,3,0.0000000,0.0000000,253.5150634,115.5770955
7290,4,0.0000000,0.0000000,287.5225511,131.2147165
7290,5,0.0000000,0.0000000,187.0000000,175.0000000
7300,0,0.0000000,0.0000000,197.0000000,112.0000000
7300,2,0.0000000,0.0000000,285.9566320,89.8229195
7300,3,0.0000000,0.0000000,253.5150634,115.5770955
7300,4,0.0000000,0.0000000,287.5225511,131.2147165
7300,5,0.0000000,0.0000000,187.0000000,175.0000000
7310,0,0.0000000,0.0000000,197.0000000,112.0000000
7310,2,0.0000000,0.0000000,285.9566320,89.8229195
7310,3,0.0000000,0.0000000,253.5150634,115.5770955
7310,4,0.0000000,0.0000000,287.5225511,131.2147165
7310,5,0.0000000,0.0000000,187.0000000,175.0000000
7320,0,0.0000000,0.0000000,197.0000000,112.0000000
7320,2,0.0000000,0.0000000,285.9566320,89.8229195
7320,3,0.0000000,0.0000000,253.5150634,115.5770955
7320,4,0.0000000,0.0000000,287.5225511,131.2147165
7320,5,0.0000000,0.0000000,187.0000000,175.0000000
7330,0,0.0000000,0.0000000,197.0000000,112.0000000
7330,2,0.0000000,0.0000000,285.9566320,89.8229195
7330,3,0.0000000,0.0000000,253.5150634,115.5770955
7330,4,0.0000000,0.0000000,287.5225511,131.2147165
7330,5,0.0000000,0.0000000,187.0000000,175.0000000
7340,0,0.0000000,0.0000000,197.0000000,112.0000000
7340,2,0.0000000,0.0000000,285.9566320,89.8229195
7340,3,0.0000000,0.0000000,253.5150634,115.5770955
7340,4,0.0000000,0.0000000,287.5225511,131.2147165
7340,5,0.0000000,0.0000000,187.0000000,175.0000000
7350,0,0.0000000,0.0000000,197.0000000,112.0000000
7350,2,0.0000000,0.0000000,285.9566320,89.8229195
7350,3,0.0000000,0.0000000,253.5150634,115.5770955
7350,4,0.0000000,0.0000000,287.5225511,131.2147165
7350,5,0.0000000,0.0000000,187.0000000,175.0000000
7360,0,0.0000000,0.0000000,197.0000000,112.0000000
7360,2,0.0000000,0.0000000,285.9566320,89.8229195
7360,3,0.0000000,0.0000000,253.5150634,115.5770955
7360,4,0.0000000,0.0000000,287.5225511,131.2147165
7360,5,0.0000000,0.0000000,187.0000000,175.0000000
7370,0,0.0000000,0.0000000,197.0000000,112.0000000
7370,2,0.0000000,0.0000000,285.9566320,89.8229195
7370,3,0.0000000,0.0000000,253.5150634,115.5770955
7370,4,0.0000000,0.0000000,287.5225511,131.2147165
7370,5,0.0000000,0.0000000,187.0000000,175.0000000
7380,0,0.0000000,0.0000000,197.0000000,112.0000000
7380,2,0.0000000,0.0000000,285.9566320,89.8229195
7380,3,0.0000000,0.0000000,253.5150634,115.5770955
7380,4,0.0000000,0.0000000,287.5225511,131.2147165
7380,5,0.0000000,0.0000000,187.0000000,175.0000000
7390,0,0.0000000,0.0000000,197.0000000,112.0000000
7390,2,0.0000000,0.0000000,285.9566320,89.8229195
7390,3,0.0000000,0.0000000,253.5150634,115.5770955
7390,4,0.0000000,0.0000000,287.5225511,131.2147165
7390,5,0.0000000,0.0000000,187.0000000,175.0000000
7400,0,0.0000000,0.0000000,197.0000000,112.0000000
7400,2,0.0000000,0.0000000,285.9566320,89.8229195
7400,3,0.0000000,0.0000000,253.5150634,115.5770955
7400,4,0.0000000,0.0000000,287.5225511,131.2147165
7400,5,0.0000000,0.0000000,187.0000000,175.0000000
7410,0,0.0000000,0.0000000,197.0000000,112.0000000
7410,2,0.0000000,0.0000000,285.9566320,89.8229195
7410,3,0.0000000,0.0000000,253.5150634,115.5770955
7410,4,0.0000000,0.0000000,287.5225511,131.2147165
7410,5,0.0000000,0.0000000,187.0000000,175.0000000
7420,0,0.0000000,0.0000000,197.0000000,112.0000000
7420,2,0.0000000,0.0000000,285.9566320,89.8229195
7420,3,0.0000000,0.0000000,253.5150634,115.5770955
7420,4,0.0000000,0.0000000,287.5225511,131.2147165
7420,5,0.0000000,0.0000000,187.0000000,175.0000000
7430,0,0.0000000,0.0000000,197.0000000,112.0000000
7430,2,0.0000000,0.0000000,285.9566320,89.8229195
7430,3,0.0000000,0.0000000,253.5150634,115.5770955
7430,4,0.0000000,0.0000000,287.5225511,131.2147165
7430,5,0.0000000,0.0000000,187.0000000,175.0000000
7440,0,0.0000000,0.0000000,197.0000000,112.0000000
7440,2,0.0000000,0.0000000,285.9566320,89.8229195
7440,3,0.0000000,0.0000000,253.5150634,115.5770955
7440,4,0.0000000,0.0000000,287.5225511,131.2147165
7440,5,0.0000000,0.0000000,187.0000000,175.0000000
7450,0,0.0000000,0.0000000,197.0000000,112.0000000
7450,2,0.0000000,0.0000000,285.9566320,89.8229195
7450,3,0.0000000,0.0000000,253.5150634,115.5770955
7450,4,0.0000000,0.0000000,287.5225511,131.2147165
7450,5,0.0000000,0.0000000,187.0000000,175.0000000
7460,0,0.0000000,0.0000000,197.0000000,112.0000000
7460,2,0.0000000,0.0000000,285.9566320,89.8229195
7460,3,0.0000000,0.0000000,253.5150634,115.5770955
7460,4,0.0000000,0.0000000,287.5225511,131.2147165
7460,5,0.0000000,0.0000000,187.0000000,175.0000000
7470,0,0.0000000,0.0000000,197.0000000,112.0000000
7470,2,0.0000000,0.0000000,285.9566320,89.8229195
7470,3,0.0000000,0.0000000,253.5150634,115.5770955
7470,4,0.0000000,0.0000000,287.5225511,131.2147165
7470,5,0.0000000,0.0000000,187.0000000,175.0000000
7480,0,0.0000000,0.0000000,197.0000000,112.0000000
7480,2,0.0000000,0.0000000,285.9566320,89.8229195
7480,3,0.0000000,0.0000000,253.5150634,115.5770955
7480,4,0.0000000,0.0000000,287.5225511,131.2147165
7480,5,0.0000000,0.0000000,187.0000000,175.0000000
7490,0,0.0000000,0.0000000,197.0000000,112.0000000
7490,2,0.0000000,0.0000000,285.9566320,89.8229195
7490,3,0.0000000,0.0000000,253.5150634,115.5770955
7490,4,0.0000000,0.0000000,287.5225511,131.2147165
7490,5,0.0000000,0.0000000,187.0000000,175.0000000
7500,0,0.0000000,0.0000000,197.0000000,112.0000000
7500,2,0.0000000,0.0000000,285.9566320,89.8229195
7500,3,0.0000000,0.0000000,253.5150634,115.5770955
7500,4,0.0000000,0.0000000,287.5225511,131.2147165
7500,5,0.0000000,0.0000000,187.0000000,175.0000000
7510,0,0.0000000,0.0000000,197.0000000,112.0000000
7510,2,0.0000000,0.0000000,285.9566320,89.8229195
7510,3,0.0000000,0.0000000,253.5150634,115.5770955
7510,4,0.0000000,0.0000000,287.5225511,131.2147165
7510,5,0.0000000,0.0000000,187.0000000,175.0000000
7520,0,0.0000000,0.0000000,197.0000000,112.0000000
7520,2,0.0000000,0.0000000,285.9566320,89.8229195
7520,3,0.0000000,0.0000000,253.5150634,115.5770955
7520,4,0.0000000,0.0000000,287.5225511,131.2147165
7520,5,0.0000000,0.0000000,187.0000000,175.0000000
7530,0,0.0000000,0.0000000,197.0000000,112.0000000
7530,2,0.0000000,0.0000000,285.9566320,89.8229195
7530,3,0.0000000,0.0000000,253.5150634,115.5770955
7530,4,0.0000000,0.0000000,287.5225511,131.2147165
7530,5,0.0000000,0.0000000,187.0000000,175.0000000
7540,0,0.0000000,0.0000000,197.0000000,112.0000000
7540,2,0.0000000,0.0000000,285.9566320,89.8229195
7540,3,0.0000000,0.0000000,253.5150634,115.5770955
7540,4,0.0000000,0.0000000,287.5225511,131.2147165
7540,5,0.0000000,0.0000000,187.0000000,175.0000000
7550,0,0.0000000,0.0000000,197.0000000,112.0000000
7550,2,0.0000000,0.0000000,285.9566320,89.8229195
7550,3,0.0000000,0.0000000,253.5150634,115.5770955
7550,4,0.0000000,0.0000000,287.5225511,131.2147165
7550,5,0.0000000,0.0000000,187.0000000,175.0000000
7560,0,0.0000000,0.0000000,197.0000000,112.0000000
7560,2,0.0000000,0.0000000,285.9566320,89.8229195
7560,3,0.0000000,0.0000000,253.5150634,115.5770955
7560,4,0.0000000,0.0000000,287.5225511,131.2147165
7560,5,0.0000000,0.0000000,187.0000000,175.0000000
7570,0,0.0000000,0.0000000,197.0000000,112.0000000
7570,2,0.0000000,0.0000000,285.9566320,89.8229195
7570,3,0.0000000,0.0000000,253.5150634,115.5770955
7570,4,0.0000000,0.0000000,287.5225511,131.2147165
7570,5,0.0000000,0.0000000,187.0000000,175.0000000
7580,0,0.0000000,0.0000000,197.0000000,112.0000000
7580,2,0.0000000,0.0000000,285.9566320,89.8229195
7580,3,0.0000000,0.0000000,253.5150634,115.5770955
7580,4,0.0000000,0.0000000,287.5225511,131.2147165
7580,5,0.0000000,0.0000000,187.0000000,175.0000000
7590,0,0.0000000,0.0000000,197.0000000,112.0000000
7590,2,0.0000000,0.0000000,285.9566320,89.8229195
7590,3,0.0000000,0.0000000,253.5150634,115.5770955
7590,4,0.0000000,0.0000000,287.5225511,131.2147165
7590,5,0.0000000,0.0000000,187.0000000,175.0000000
7600,0,0.0000000,0.0000000,197.0000000,112.0000000
7600,2,0.0000000,0.0000000,285.9566320,89.8229195
7600,3,0.0000000,0.0000000,253.5150634,115.5770955
7600,4,0.0000000,0.0000000,287.5225511,131.2147165
7600,5,0.0000000,0.0000000,187.0000000,175.0000000
7610,0,0.0000000,0.0000000,197.0000000,112.0000000
7610,2,0.0000000,0.0000000,285.9566320,89.8229195
7610,3,0.0000000,0.0000000,253.5150634,115.5770955
7610,4,0.0000000,0.0000000,287.5225511,131.2147165
7610,5,0.0000000,0.0000000,187.0000000,175.0000000
7620,0,0.0000000,0.0000000,197.0000000,112.0000000
7620,2,0.0000000,0.0000000,285.9566320,89.8229195
7620,3,0.0000000,0.0000000,253.5150634,115.5770955
7620,4,0.0000000,0.0000000,287.5225511,131.2147165
7620,5,0.0000000,0.0000000,187.0000000,175.0000000
7630,0,0.0000000,0.0000000,197.0000000,112.0000000
7630,2,0.0000000,0.0000000,285.9566320,89.8229195
7630,3,0.0000000,0.0000000,253.5150634,115.5770955
7630,4,0.0000000,0.0000000,287.5225511,131.2147165
7630,5,0.0000000,0.0000000,187.0000000,175.0000000
7640,0,0.0000000,0.0000000,197.0000000,112.0000000
7640,2,0.0000000,0.0000000,285.9566320,89.8229195
7640,3,0.0000000,0.0000000,253.5150634,115.5770955
7640,4,0.0000000,0.0000000,287.5225511,131.2147165
7640,5,0.0000000,0.0000000,187.0000000,175.0000000
7650,0,0.0000000,0.0000000,197.0000000,112.0000000
7650,2,0.0000000,0.0000000,285.9566320,89.8229195
7650,3,0.0000000,0.0000000,253.5150634,115.5770955
7650,4,0.0000000,0.0000000,287.5225511,131.2147165
7650,5,0.0000000,0.0000000,187.0000000,175.0000000
7660,0,0.0000000,0.0000000,197.0000000,112.0000000
7660,2,0.0000000,0.0000000,283.0978655,89.3127526
7660,3,0.0000000,0.0000000,253.0190478,117.6138074
7660,4,0.0000000,0.0000000,288.1720083,130.6923512
7660,5,0.0000000,0.0000000,187.0000000,175.0000000
7670,0,0.0000000,0.0000000,197.0000000,112.0000000
7670,2,0.0000000,0.0000000,279.4643379,89.0033124
7670,3,0.0000000,0.0000000,252.5267950,120.1351211
7670,4,0.0000000,0.0000000,288.8322588,129.9648460
7670,5,0.0000000,0.0000000,187.0000000,175.0000000
7680,0,0.0000000,0.0000000,197.0000000,112.0000000
7680,2,0.0000000,0.0000000,276.6714080,89.1127661
7680,3,0.0000000,0.0000000,252.1543999,122.0549694
7680,4,0.0000000,0.0000000,289.1189641,129.5692719
7680,5,0.0000000,0.0000000,187.0000000,175.0000000
7690,0,0.0000000,0.0000000,197.0000000,112.0000000
7690,2,0.0000000,0.0000000,274.4074316,89.4216571
7690,3,0.0000000,0.0000000,251.8300639,123.6144307
7690,4,0.0000000,0.0000000,289.2210400,129.3902846
7690,5,0.0000000,0.0000000,187.0000000,175.0000000
7700,0,0.0000000,0.0000000,197.0000000,112.0000000
7700,2,0.0000000,0.0000000,272.3792617,89.8217960
7700,3,0.0000000,0.0000000,251.5555517,125.0161308
7700,4,0.0000000,0.0000000,289.2734769,129.2729482
7700,5,0.0000000,0.0000000,187.0000000,175.0000000
7710,0,0.0000000,0.0000000,197.0000000,112.0000000
7710,2,0.0000000,0.0000000,270.4394056,90.2737866
7710,3,0.0000000,0.0000000,251.3437642,126.3536270
7710,4,0.0000000,0.0000000,289.3343771,129.1222407
7710,5,0.0000000,0.0000000,187.0000000,175.0000000
7720,0,0.0000000,0.0000000,197.0000000,112.0000000
7720,2,0.0000000,0.0000000,268.5232233,90.7633320
7720,3,0.0000000,0.0000000,251.2050558,127.6614470
7720,4,0.0000000,0.0000000,289.4226664,128.8839262
7720,5,0.0000000,0.0000000,187.0000000,175.0000000
7730,0,0.0000000,0.0000000,197.0000000,112.0000000
7730,2,0.0000000,0.0000000,266.6064175,91.2854238
7730,3,0.0000000,0.0000000,251.1451560,128.9456455
7730,4,0.0000000,0.0000000,289.5379953,128.5262756
7730,5,0.0000000,0.0000000,187.0000000,175.0000000
7740,0,0.0000000,0.0000000,197.0000000,112.0000000
7740,2,0.0000000,0.0000000,264.6848674,91.8374622
7740,3,0.0000000,0.0000000,251.1652395,130.1983376
7740,4,0.0000000,0.0000000,289.6695085,128.0316472
7740,5,0.0000000,0.0000000,187.0000000,175.0000000
7750,0,0.0000000,0.0000000,197.0000000,112.0000000
7750,2,0.0000000,0.0000000,262.7646658,92.4167515
7750,3,0.0000000,0.0000000,251.2618882,131.4050890
7750,4,0.0000000,0.0000000,289.8004862,127.3927249
7750,5,0.0000000,0.0000000,187.0000000,175.0000000
7760,0,0.0000000,0.0000000,197.0000000,112.0000000
7760,2,0.0000000,0.0000000,260.8565873,93.0194340
7760,3,0.0000000,0.0000000,251.4273886,132.5493637
7760,4,0.0000000,0.0000000,289.9114916,126.6105800
7760,5,0.0000000,0.0000000,187.0000000,175.0000000
7770,0,0.0000000,0.0000000,197.0000000,112.0000000
7770,2,0.0000000,0.0000000,258.9727470,93.6401933
7770,3,0.0000000,0.0000000,251.6503814,133.6154242
7770,4,0.0000000,0.0000000,289.9827984,125.6933124
7770,5,0.0000000,0.0000000,187.0000000,175.0000000
7780,0,0.0000000,0.0000000,197.0000000,112.0000000
7780,2,0.0000000,0.0000000,257.4020519,94.2071550
7780,3,0.0000000,0.0000000,251.4717208,134.4559700
7780,4,0.0000000,0.0000000,289.6263276,125.1901518
7780,5,0.0000000,0.0000000,187.0000000,175.0000000
7790,0,0.0000000,0.0000000,197.0000000,112.0000000
7790,2,0.0000000,0.0000000,256.1378813,94.7902068
7790,3,0.0000000,0.0000000,250.6696775,135.2106449
7790,4,0.0000000,0.0000000,288.7099771,125.3798432
7790,5,0.0000000,0.0000000,187.0000000,175.0000000
7800,0,0.0000000,0.0000000,197.0000000,112.0000000
7800,2,0.0000000,0.0000000,255.0594747,95.2279960
7800,3,0.0000000,0.0000000,249.8879783,135.7750146
7800,4,0.0000000,0.0000000,287.8437903,125.6361730
7800,5,0.0000000,0.0000000,187.0000000,175.0000000
7810,0,0.0000000,0.0000000,197.0000000,112.0000000
7810,2,0.0000000,0.0000000,253.9540526,95.6637158
7810,3,0.0000000,0.0000000,249.0759494,136.3730042
7810,4,0.0000000,0.0000000,286.9450701,125.8807304
7810,5,0.0000000,0.0000000,187.0000000,175.0000000
7820,0,0.0000000,0.0000000,197.0000000,112.0000000
7820,2,0.0000000,0.0000000,252.8693730,96.0783336
7820,3,0.0000000,0.0000000,248.2729476,136.9530421
7820,4,0.0000000,0.0000000,286.0596277,126.1205295
7820,5,0.0000000,0.0000000,187.0000000,175.0000000
7830,0,0.0000000,0.0000000,197.0000000,112.0000000
7830,2,0.0000000,0.0000000,251.8332725,96.5000650
7830,3,0.0000000,0.0000000,247.4423572,137.5137661
7830,4,0.0000000,0.0000000,285.1601152,126.4280939
7830,5,0.0000000,0.0000000,187.0000000,175.0000000
7840,0,0.0000000,0.0000000,197.0000000,112.0000000
7840,2,0.0000000,0.0000000,250.8057161,96.9124237
7840,3,0.0000000,0.0000000,246.6127772,138.0699030
7840,4,0.0000000,0.0000000,284.2645951,126.7335766
7840,5,0.0000000,0.0000000,187.0000000,175.0000000
7850,0,0.0000000,0.0000000,197.0000000,112.0000000
7850,2,0.0000000,0.0000000,249.8013345,97.3247514
7850,3,0.0000000,0.0000000,245.7723577,138.6160267
7850,4,0.0000000,0.0000000,283.3652287,127.0668539
7850,5,0.0000000,0.0000000,187.0000000,175.0000000
7860,0,0.0000000,0.0000000,197.0000000,112.0000000
7860,2,0.0000000,0.0000000,248.8087348,97.7332345
7860,3,0.0000000,0.0000000,244.9280547,139.1568021
7860,4,0.0000000,0.0000000,282.4660306,127.4093829
7860,5,0.0000000,0.0000000,187.0000000,175.0000000
7870,0,0.0000000,0.0000000,197.0000000,112.0000000
7870,2,0.0000000,0.0000000,247.8293007,98.1399079
7870,3,0.0000000,0.0000000,244.0782250,139.6915873
7870,4,0.0000000,0.0000000,281.5656969,127.7655610
7870,5,0.0000000,0.0000000,187.0000000,175.0000000
7880,0,0.0000000,0.0000000,197.0000000,112.0000000
7880,2,0.0000000,0.0000000,246.8599433,98.5443568
7880,3,0.0000000,0.0000000,243.2243558,140.2216858
7880,4,0.0000000,0.0000000,280.6649043,128.1311887
7880,5,0.0000000,0.0000000,187.0000000,175.0000000
7890,0,0.0000000,0.0000000,197.0000000,112.0000000
7890,2,0.0000000,0.0000000,245.8996826,98.9470110
7890,3,0.0000000,0.0000000,242.3666738,140.7474446
7890,4,0.0000000,0.0000000,279.7635780,128.5056778
7890,5,0.0000000,0.0000000,187.0000000,175.0000000
7900,0,0.0000000,0.0000000,197.0000000,112.0000000
7900,2,0.0000000,0.0000000,244.9472142,99.3479947
7900,3,0.0000000,0.0000000,241.5056641,141.2693932
7900,4,0.0000000,0.0000000,278.8618291,128.8876413
7900,5,0.0000000,0.0000000,187.0000000,175.0000000
7910,0,0.0000000,0.0000000,197.0000000,112.0000000
7910,2,0.0000000,0.0000000,244.0015874,99.7474791
7910,3,0.0000000,0.0000000,240.6416592,141.7878948
7910,4,0.0000000,0.0000000,277.9596984,129.2761671
7910,5,0.0000000,0.0000000,187.0000000,175.0000000
7920,0,0.0000000,0.0000000,197.0000000,112.0000000
7920,2,0.0000000,0.0000000,243.0619756,100.1456050
7920,3,0.0000000,0.0000000,239.7749469,142.3032717
7920,4,0.0000000,0.0000000,277.0572178,129.6704485
7920,5,0.0000000,0.0000000,187.0000000,175.0000000
7930,0,0.0000000,0.0000000,197.0000000,112.0000000
7930,2,0.0000000,0.0000000,242.1276813,100.5424951
7930,3,0.0000000,0.0000000,238.9057712,142.8157926
7930,4,0.0000000,0.0000000,276.1544094,130.0698070
7930,5,0.0000000,0.0000000,187.0000000,175.0000000
7940,0,0.0000000,0.0000000,197.0000000,112.0000000
7940,2,0.0000000,0.0000000,241.1981112,100.9382603
7940,3,0.0000000,0.0000000,238.0343354,143.3256859
7940,4,0.0000000,0.0000000,275.2512848,130.4736727
7940,5,0.0000000,0.0000000,187.0000000,175.0000000
7950,0,0.0000000,0.0000000,197.0000000,112.0000000
7950,2,0.0000000,0.0000000,240.2727554,101.3329988
7950,3,0.0000000,0.0000000,237.1608119,143.8331475
7950,4,0.0000000,0.0000000,274.3478491,130.8815597
7950,5,0.0000000,0.0000000,187.0000000,175.0000000
7960,0,0.0000000,0.0000000,197.0000000,112.0000000
7960,2,0.0000000,0.0000000,239.3511741,101.7267993
7960,3,0.0000000,0.0000000,236.2853456,144.3383469
7960,4,0.0000000,0.0000000,273.4441009,131.2930548
7960,5,0.0000000,0.0000000,187.0000000,175.0000000
7970,0,0.0000000,0.0000000,197.0000000,112.0000000
7970,2,0.0000000,0.0000000,238.4329859,102.1197422
7970,3,0.0000000,0.0000000,235.4080577,144.8414315
7970,4,0.0000000,0.0000000,272.5400340,131.7078053
7970,5,0.0000000,0.0000000,187.0000000,175.0000000
7980,0,0.0000000,0.0000000,197.0000000,112.0000000
7980,2,0.0000000,0.0000000,237.5178578,102.5119011
7980,3,0.0000000,0.0000000,234.5290489,145.3425306
7980,4,0.0000000,0.0000000,271.6356372,132.1255108
7980,5,0.0000000,0.0000000,187.0000000,175.0000000
7990,0,0.0000000,0.0000000,197.0000000,112.0000000
7990,2,0.0000000,0.0000000,236.6054986,102.9033441
7990,3,0.0000000,0.0000000,233.6484012,145.8417589
7990,4,0.0000000,0.0000000,270.7308951,132.5459155
7990,5,0.0000000,0.0000000,187.0000000,175.0000000
8000,0,0.0000000,0.0000000,196.9070999,112.0209836
8000,2,0.0000000,0.0000000,235.8415980,103.2267541
8000,3,0.0000000,0.0000000,232.6851471,146.2491810
8000,4,0.0000000,0.0000000,269.8369324,133.0401643
8000,5,0.0000000,0.0000000,187.0000000,175.0000000
8010,0,0.0000000,0.0000000,196.6517756,112.0763529
8010,2,0.0000000,0.0000000,235.4140748,103.5771760
8010,3,0.0000000,0.0000000,231.5558820,146.4702104
8010,4,0.0000000,0.0000000,268.9230747,133.8881151
8010,5,0.0000000,0.0000000,187.0000000,175.0000000
8020,0,0.0000000,0.0000000,196.4003618,112.1283486
8020,2,0.0000000,0.0000000,234.9813882,103.8703259
8020,3,0.0000000,0.0000000,230.4397347,146.6067331
8020,4,0.0000000,0.0000000,267.9665852,134.7369259
8020,5,0.0000000,0.0000000,187.0000000,175.0000000
8030,0,0.0000000,0.0000000,196.1350217,112.1794479
8030,2,0.0000000,0.0000000,234.5319777,104.2135945
8030,3,0.0000000,0.0000000,229.2719565,146.7820619
8030,4,0.0000000,0.0000000,266.9657399,135.6129915
8030,5,0.0000000,0.0000000,187.0000000,175.0000000
8040,0,0.0000000,0.0000000,196.0199232,112.1929681
8040,2,0.0000000,0.0000000,233.8031945,104.0591851
8040,3,0.0000000,0.0000000,227.4717408,147.0094317
8040,4,0.0000000,0.0000000,265.2383011,137.1585252
8040,5,0.0000000,0.0000000,187.0000000,175.0000000
8050,0,0.0000000,0.0000000,195.7163342,112.2369008
8050,2,0.0000000,0.0000000,233.3605179,104.2832865
8050,3,0.0000000,0.0000000,225.8759832,147.1234168
8050,4,0.0000000,0.0000000,263.7302620,138.3570961
8050,5,0.0000000,0.0000000,187.0000000,175.0000000
8060,0,0.0000000,0.0000000,195.4437265,112.2797641
8060,2,0.0000000,0.0000000,232.8552387,104.5516415
8060,3,0.0000000,0.0000000,224.1176953,147.1752767
8060,4,0.0000000,0.0000000,262.0176244,139.6415655
8060,5,0.0000000,0.0000000,187.0000000,175.0000000
8070,0,0.0000000,0.0000000,194.9001311,112.3602964
8070,2,0.0000000,0.0000000,232.5105618,104.6806330
8070,3,0.0000000,0.0000000,221.5404621,146.9039858
8070,4,0.0000000,0.0000000,259.3211710,141.2443484
8070,5,0.0000000,0.0000000,187.0000000,175.0000000
8080,0,0.0000000,0.0000000,194.3811590,112.4507379
8080,2,0.0000000,0.0000000,231.9644761,104.7358515
8080,3,0.0000000,0.0000000,218.9037598,146.4781091
8080,4,0.0000000,0.0000000,256.4295909,142.4773973
8080,5,0.0000000,0.0000000,187.0000000,175.0000000
8090,0,0.0000000,0.0000000,194.1592934,112.4488689
8090,2,0.0000000,0.0000000,231.4049526,105.0928155
8090,3,0.0000000,0.0000000,217.9763571,146.6632782
8090,4,0.0000000,0.0000000,255.5700759,143.1579373
8090,5,0.0000000,0.0000000,187.0000000,175.0000000
8100,0,0.0000000,0.0000000,193.7896987,112.4641823
8100,2,0.0000000,0.0000000,231.0743928,105.5207460
8100,3,0.0000000,0.0000000,217.0657862,146.8359053
8100,4,0.0000000,0.0000000,254.7002856,143.9146241
8100,5,0.0000000,0.0000000,187.0000000,175.0000000
8110,0,0.0000000,0.0000000,193.5026726,112.4553212
8110,2,0.0000000,0.0000000,230.6347207,105.9203850
8110,3,0.0000000,0.0000000,216.1547901,147.0219170
8110,4,0.0000000,0.0000000,253.7864657,144.6322266
8110,5,0.0000000,0.0000000,187.0000000,175.0000000
8120,0,0.0000000,0.0000000,193.0313807,112.4635479
8120,2,0.0000000,0.0000000,230.2911307,106.3305589
8120,3,0.0000000,0.0000000,215.3858725,147.0931793
8120,4,0.0000000,0.0000000,253.1244380,145.2973715
8120,5,0.0000000,0.0000000,186.9717319,175.0276740
8130,0,0.0000000,0.0000000,192.9166267,112.1954443
8130,2,0.0000000,0.0000000,229.2753075,107.6733969
8130,3,0.0000000,0.0000000,213.5092876,146.7982006
8130,4,0.0000000,0.0000000,251.7115388,146.0574379
8130,5,0.0000000,0.0000000,186.6390348,175.3883776
8140,0,0.0000000,0.0000000,192.9107479,112.4647980
8140,2,0.0000000,0.0000000,228.9692772,108.3438180
8140,3,0.0000000,0.0000000,213.4212891,146.6752235
8140,4,0.0000000,0.0000000,251.6586849,146.3434299
8140,5,0.0000000,0.0000000,186.5141100,175.5190968
8150,0,0.0000000,0.0000000,192.1662708,111.4791846
8150,2,0.0000000,0.0000000,228.2233837,108.5123580
8150,3,0.0000000,0.0000000,210.0087454,146.9530394
8150,4,0.0000000,0.0000000,249.5911038,148.2765742
8150,5,0.0000000,0.0000000,185.8586987,176.4140970
8160,0,0.0000000,0.0000000,191.2539963,110.1965085
8160,2,0.0000000,0.0000000,227.4120026,108.8919632
8160,3,0.0000000,0.0000000,207.2867760,146.4386635
8160,4,0.0000000,0.0000000,246.8679399,149.5114512
8160,5,0.0000000,0.0000000,185.8261671,176.6907662
8170,0,0.0000000,0.0000000,191.4426113,110.5008183
8170,2,0.0000000,0.0000000,226.7947096,110.0845551
8170,3,0.0000000,0.0000000,205.7256238,145.4003431
8170,4,0.0000000,0.0000000,245.1826094,149.9263192
8170,5,0.0000000,0.0000000,185.3958334,177.5023815
8180,0,0.0000000,0.0000000,190.9550702,110.0386604
8180,2,0.0000000,0.0000000,226.0373395,110.8700435
8180,3,0.0000000,0.0000000,204.7787427,145.1370528
8180,4,0.0000000,0.0000000,244.0197486,150.4370744
8180,5,0.0000000,0.0000000,185.4742551,177.5353352
8190,0,0.0000000,0.0000000,190.5126718,109.4545567
8190,2,0.0000000,0.0000000,225.4185193,110.6768768
8190,3,0.0000000,0.0000000,203.7349665,145.4331000
8190,4,0.0000000,0.0000000,242.8232552,151.2174357
8190,5,0.0000000,0.0000000,185.6162129,177.4546582
8200,0,0.0000000,0.0000000,190.3491558,109.4122865
8200,2,0.0000000,0.0000000,225.0532301,110.4812223
8200,3,0.0000000,0.0000000,202.9519555,145.5807563
8200,4,0.0000000,0.0000000,241.8884253,151.9851515
8200,5,0.0000000,0.0000000,185.5111482,177.7772419
8210,0,0.0000000,0.0000000,190.0673659,109.6894042
8210,2,0.0000000,0.0000000,224.5324146,111.5322147
8210,3,0.0000000,0.0000000,202.3048340,145.1291407
8210,4,0.0000000,0.0000000,241.2321906,152.3668292
8210,5,0.0000000,0.0000000,185.2459445,178.3735456
8220,0,0.0000000,0.0000000,189.9690869,109.4046186
8220,2,0.0000000,0.0000000,223.9800459,111.4074004
8220,3,0.0000000,0.0000000,201.8150399,145.8291223
8220,4,0.0000000,0.0000000,240.7553263,153.0624686
8220,5,0.0000000,0.0000000,185.3759267,178.2296326
8230,0,0.0000000,0.0000000,189.8611915,109.7013982
8230,2,0.0000000,0.0000000,223.5837931,112.0361274
8230,3,0.0000000,0.0000000,201.7826368,145.9715808
8230,4,0.0000000,0.0000000,240.6627292,153.4452509
8230,5,0.0000000,0.0000000,185.2134014,178.5101193
8240,0,0.0000000,0.0000000,189.9414135,109.4649739
8240,2,0.0000000,0.0000000,222.9797241,112.7248907
8240,3,0.0000000,0.0000000,201.8318201,145.4443247
8240,4,0.0000000,0.0000000,240.4583139,154.3415771
8240,5,0.0000000,0.0000000,185.3540890,178.2798409
8250,0,0.0000000,0.0000000,189.9890246,109.3366049
8250,2,0.0000000,0.0000000,222.8685733,112.8264759
8250,3,0.0000000,0.0000000,201.6864500,145.2765141
8250,4,0.0000000,0.0000000,240.1570248,155.5356992
8250,5,0.0000000,0.0000000,185.4251390,178.1896464
8260,0,0.0000000,0.0000000,190.0012094,109.3066978
8260,2,0.0000000,0.0000000,222.4827344,112.7644462
8260,3,0.0000000,0.0000000,201.3177919,145.2783635
8260,4,0.0000000,0.0000000,239.7883874,156.7694104
8260,5,0.0000000,0.0000000,185.4186140,178.2694001
8270,0,0.0000000,0.0000000,189.9986927,109.3108776
8270,2,0.0000000,0.0000000,222.4557980,112.6976969
8270,3,0.0000000,0.0000000,201.3109026,145.1465447
8270,4,0.0000000,0.0000000,239.3222836,158.2206340
8270,5,0.0000000,0.0000000,185.4321520,178.2708487
8280,0,0.0000000,0.0000000,189.9932997,109.3249018
8280,2,0.0000000,0.0000000,221.8694742,110.9390612
8280,3,0.0000000,0.0000000,203.2021357,143.4988252
8280,4,0.0000000,0.0000000,239.0505302,158.9714786
8280,5,0.0000000,0.0000000,183.5551988,179.9827621
8290,0,0.0000000,0.0000000,189.9799096,109.3602404
8290,2,0.0000000,0.0000000,221.8267001,110.7154303
8290,3,0.0000000,0.0000000,203.2604034,143.4623414
8290,4,0.0000000,0.0000000,238.4577946,160.6439941
8290,5,0.0000000,0.0000000,183.5515071,179.9896174
8300,0,0.0000000,0.0000000,189.9652516,109.3995549
8300,2,0.0000000,0.0000000,221.7790285,110.4650898
8300,3,0.0000000,0.0000000,203.3603134,143.4040130
8300,4,0.0000000,0.0000000,237.7028953,162.4504264
8300,5,0.0000000,0.0000000,183.5580599,179.9777571
8310,0,0.0000000,0.0000000,189.9481889,109.4461870
8310,2,0.0000000,0.0000000,221.7232825,110.1749052
8310,3,0.0000000,0.0000000,203.5148214,143.3195297
8310,4,0.0000000,0.0000000,236.7451032,164.3981517
8310,5,0.0000000,0.0000000,183.5795683,179.9381732
8320,0,0.0000000,0.0000000,189.9236935,109.5148670
8320,2,0.0000000,0.0000000,221.6033921,109.8235801
8320,3,0.0000000,0.0000000,203.7389058,143.2061369
8320,4,0.0000000,0.0000000,235.5372919,166.4825703
8320,5,0.0000000,0.0000000,183.6186456,179.8652522
8330,0,0.0000000,0.0000000,189.8842878,109.6300549
8330,2,0.0000000,0.0000000,221.3274320,109.3789045
8330,3,0.0000000,0.0000000,204.0564820,143.0597605
8330,4,0.0000000,0.0000000,234.0179897,168.6967791
8330,5,0.0000000,0.0000000,183.6808043,179.7480211
8340,0,0.0000000,0.0000000,189.8322808,109.7923312
8340,2,0.0000000,0.0000000,221.0086084,108.7692778
8340,3,0.0000000,0.0000000,204.5908271,142.8367165
8340,4,0.0000000,0.0000000,231.9795408,171.1517072
8340,5,0.0000000,0.0000000,183.8138774,179.4991579
8350,0,0.0000000,0.0000000,189.7309118,110.1532851
8350,2,0.0000000,0.0000000,220.5128870,107.5541687
8350,3,0.0000000,0.0000000,205.9934368,142.3280596
8350,4,0.0000000,0.0000000,228.4378758,174.4307820
8350,5,0.0000000,0.0000000,184.2437827,178.7333179
8360,0,0.0000000,0.0000000,189.7238817,110.1811815
8360,2,0.0000000,0.0000000,220.3026347,107.8498142
8360,3,0.0000000,0.0000000,205.3603672,142.7998776
8360,4,0.0000000,0.0000000,227.3284645,174.6856536
8360,5,0.0000000,0.0000000,183.8647451,179.1231194
8370,0,0.0000000,0.0000000,189.7416622,110.1114744
8370,2,0.0000000,0.0000000,220.0040339,108.7879247
8370,3,0.0000000,0.0000000,203.9777322,143.6134408
8370,4,0.0000000,0.0000000,226.8365630,174.1251360
8370,5,0.0000000,0.0000000,183.1789872,180.2163887
8380,0,0.0000000,0.0000000,189.2892206,110.0732469
8380,2,0.0000000,0.0000000,219.3501141,109.7151168
8380,3,0.0000000,0.0000000,202.4252901,144.4240474
8380,4,0.0000000,0.0000000,226.2897437,173.4761345
8380,5,0.0000000,0.0000000,182.5348040,181.3889344
8390,0,0.0000000,0.0000000,188.5904865,110.2070278
8390,2,0.0000000,0.0000000,218.3980269,109.9792496
8390,3,0.0000000,0.0000000,201.5740494,144.9730198
8390,4,0.0000000,0.0000000,225.5982371,173.7230538
8390,5,0.0000000,0.0000000,182.0944469,181.8195359
8400,0,0.0000000,0.0000000,188.1655396,110.3019425
8400,2,0.0000000,0.0000000,217.8179554,110.0736667
8400,3,0.0000000,0.0000000,201.1379335,145.2543734
8400,4,0.0000000,0.0000000,224.9006884,174.1953081
8400,5,0.0000000,0.0000000,181.2823180,182.1708651
8410,0,0.0000000,0.0000000,187.9078002,110.3339846
8410,2,0.0000000,0.0000000,217.4629566,110.1651691
8410,3,0.0000000,0.0000000,200.8424466,145.3747639
8410,4,0.0000000,0.0000000,224.2659077,174.6094263
8410,5,0.0000000,0.0000000,180.1079517,182.6390954
8420,0,0.0000000,0.0000000,187.7388105,110.3362231
8420,2,0.0000000,0.0000000,217.2319081,110.2514859
8420,3,0.0000000,0.0000000,200.5761401,145.4629405
8420,4,0.0000000,0.0000000,223.6472006,175.2078381
8420,5,0.0000000,0.0000000,179.2966747,182.8267538
8430,0,0.0000000,0.0000000,187.7538812,110.2619155
8430,2,0.0000000,0.0000000,217.2430468,110.4911250
8430,3,0.0000000,0.0000000,200.2545357,145.5513554
8430,4,0.0000000,0.0000000,223.1108570,175.8001796
8430,5,0.0000000,0.0000000,178.6639831,182.9844138
8440,0,0.0000000,0.0000000,187.7712345,110.1887805
8440,2,0.0000000,0.0000000,217.2557069,110.7150724
8440,3,0.0000000,0.0000000,199.9459066,145.6275433
8440,4,0.0000000,0.0000000,222.6078969,176.3869594
8440,5,0.0000000,0.0000000,178.0825198,183.1125862
8450,0,0.0000000,0.0000000,187.7839551,110.1198073
8450,2,0.0000000,0.0000000,217.2577792,110.9269161
8450,3,0.0000000,0.0000000,199.6429825,145.6974226
8450,4,0.0000000,0.0000000,222.1377058,176.9430989
8450,5,0.0000000,0.0000000,177.5667927,183.2014999
8460,0,0.0000000,0.0000000,187.7854421,110.0875530
8460,2,0.0000000,0.0000000,217.2524415,111.0249784
8460,3,0.0000000,0.0000000,199.4969940,145.7294716
8460,4,0.0000000,0.0000000,221.7485590,177.4099915
8460,5,0.0000000,0.0000000,177.3559177,182.9524635
8470,0,0.0000000,0.0000000,187.7937235,110.0482829
8470,2,0.0000000,0.0000000,217.2542250,111.1384662
8470,3,0.0000000,0.0000000,199.3299979,145.7623605
8470,4,0.0000000,0.0000000,221.3896642,177.8511893
8470,5,0.0000000,0.0000000,177.1902658,182.7472004
8480,0,0.0000000,0.0000000,187.8041007,110.0042728
8480,2,0.0000000,0.0000000,217.2570348,111.2616945
8480,3,0.0000000,0.0000000,199.1466973,145.7948175
8480,4,0.0000000,0.0000000,221.0544615,178.2727113
8480,5,0.0000000,0.0000000,177.0568210,182.5751694
8490,0,0.0000000,0.0000000,187.8153711,109.9567483
8490,2,0.0000000,0.0000000,217.2593197,111.3915581
8490,3,0.0000000,0.0000000,198.9509343,145.8260176
8490,4,0.0000000,0.0000000,220.7378081,178.6792673
8490,5,0.0000000,0.0000000,176.9466749,182.4283682
8500,0,0.0000000,0.0000000,187.8271881,109.9065587
8500,2,0.0000000,0.0000000,217.2606657,111.5260008
8500,3,0.0000000,0.0000000,198.7457980,145.8554558
8500,4,0.0000000,0.0000000,220.4356020,179.0746267
8500,5,0.0000000,0.0000000,176.8536088,182.3007359
8510,0,0.0000000,0.0000000,187.8394322,109.8543891
8510,2,0.0000000,0.0000000,217.2609258,111.6635209
8510,3,0.0000000,0.0000000,198.5337590,145.8828486
8510,4,0.0000000,0.0000000,220.1445092,179.4618716
8510,5,0.0000000,0.0000000,176.7731886,182.1876511
8520,0,0.0000000,0.0000000,187.8560115,109.7872699
8520,2,0.0000000,0.0000000,217.2606487,111.8379282
8520,3,0.0000000,0.0000000,198.2628355,145.9138622
8520,4,0.0000000,0.0000000,219.8751931,179.8269455
8520,5,0.0000000,0.0000000,176.7169653,182.1069824
8530,0,0.0000000,0.0000000,187.8739842,109.7154032
8530,2,0.0000000,0.0000000,217.2588888,112.0199062
8530,3,0.0000000,0.0000000,197.9760287,145.9407194
8530,4,0.0000000,0.0000000,219.6188557,180.1870831
8530,5,0.0000000,0.0000000,176.6708430,182.0397809
8540,0,0.0000000,0.0000000,187.8921357,109.6444765
8540,2,0.0000000,0.0000000,217.2559936,112.1946953
8540,3,0.0000000,0.0000000,197.6965166,145.9608586
8540,4,0.0000000,0.0000000,219.3706542,180.5505326
8540,5,0.0000000,0.0000000,176.6276649,181.9760063
8550,0,0.0000000,0.0000000,187.9104241,109.5752588
8550,2,0.0000000,0.0000000,217.2523742,112.3608919
8550,3,0.0000000,0.0000000,197.4272051,145.9746520
8550,4,0.0000000,0.0000000,219.1297530,180.9179576
8550,5,0.0000000,0.0000000,176.5861132,181.9138240
8560,0,0.0000000,0.0000000,187.9285903,109.5086727
8560,2,0.0000000,0.0000000,217.2482948,112.5168044
8560,3,0.0000000,0.0000000,197.1714066,145.9826240
8560,4,0.0000000,0.0000000,218.8951075,181.2904256
8560,5,0.0000000,0.0000000,176.5449342,181.8513939
8570,0,0.0000000,0.0000000,187.9462147,109.4458362
8570,2,0.0000000,0.0000000,217.2439936,112.6603735
8570,3,0.0000000,0.0000000,196.9330811,145.9854813
8570,4,0.0000000,0.0000000,218.6653305,181.6696712
8570,5,0.0000000,0.0000000,176.5028272,181.7867048
8580,0,0.0000000,0.0000000,187.9623354,109.3882985
8580,2,0.0000000,0.0000000,217.2392060,112.7886694
8580,3,0.0000000,0.0000000,196.7172968,145.9841766
8580,4,0.0000000,0.0000000,218.4384539,182.0585717
8580,5,0.0000000,0.0000000,176.4582853,181.7173098
8590,0,0.0000000,0.0000000,187.9835257,109.3151749
8590,2,0.0000000,0.0000000,217.2325427,112.9466656
8590,3,0.0000000,0.0000000,196.4469442,145.9761703
8590,4,0.0000000,0.0000000,218.1898969,182.3799025
8590,5,0.0000000,0.0000000,176.4216677,181.6594959
8600,0,0.0000000,0.0000000,188.0269303,109.1707317
8600,2,0.0000000,0.0000000,217.2170938,113.2524412
8600,3,0.0000000,0.0000000,195.9187133,145.9489126
8600,4,0.0000000,0.0000000,217.8751396,182.4506463
8600,5,0.0000000,0.0000000,176.4228385,181.6613554
8610,0,0.0000000,0.0000000,188.0705892,109.0338342
8610,2,0.0000000,0.0000000,217.1978820,113.5456183
8610,3,0.0000000,0.0000000,195.4143406,145.9169041
8610,4,0.0000000,0.0000000,217.5697781,182.5537699
8610,5,0.0000000,0.0000000,176.4203857,181.6574590
8620,0,0.0000000,0.0000000,188.1235677,108.8778125
8620,2,0.0000000,0.0000000,217.1705198,113.8841613
8620,3,0.0000000,0.0000000,194.8345931,145.8730231
8620,4,0.0000000,0.0000000,217.2608838,182.5970086
8620,5,0.0000000,0.0000000,176.4308411,181.6740452
8630,0,0.0000000,0.0000000,188.1830891,108.7141482
8630,2,0.0000000,0.0000000,217.1348724,114.2472102
8630,3,0.0000000,0.0000000,194.2177841,145.8200430
8630,4,0.0000000,0.0000000,216.9652450,182.6151499
8630,5,0.0000000,0.0000000,176.4498437,181.7040436
8640,0,0.0000000,0.0000000,188.6416300,107.7492887
8640,2,0.0000000,0.0000000,216.6401495,116.9592339
8640,3,0.0000000,0.0000000,189.9240482,145.5557109
8640,4,0.0000000,0.0000000,217.3605514,179.2039551
8640,5,0.0000000,0.0000000,177.2675535,183.3624555
8650,0,0.0000000,0.0000000,188.8986404,107.1201947
8650,2,0.0000000,0.0000000,215.3898667,119.8621258
8650,3,0.0000000,0.0000000,185.5537142,145.6750589
8650,4,0.0000000,0.0000000,217.2938607,175.6010784
8650,5,0.0000000,0.0000000,178.3141814,184.8019021
8660,0,0.0000000,0.0000000,188.7687675,107.0741506
8660,2,0.0000000,0.0000000,214.9868868,120.2841564
8660,3,0.0000000,0.0000000,184.8070449,145.8705192
8660,4,0.0000000,0.0000000,216.6086641,175.9091587
8660,5,0.0000000,0.0000000,177.8234236,185.0046857
8670,0,0.0000000,0.0000000,188.6262011,107.1432792
8670,2,0.0000000,0.0000000,214.5703967,120.8384567
8670,3,0.0000000,0.0000000,184.0619909,146.3353690
8670,4,0.0000000,0.0000000,216.0383238,176.3233313
8670,5,0.0000000,0.0000000,177.3853560,185.4287925
8680,0,0.0000000,0.0000000,188.5613490,107.2431991
8680,2,0.0000000,0.0000000,214.2341122,121.3169912
8680,3,0.0000000,0.0000000,183.4555702,146.7523711
8680,4,0.0000000,0.0000000,215.4791369,176.8424989
8680,5,0.0000000,0.0000000,176.9278280,185.7684950
8690,0,0.0000000,0.0000000,188.5531609,107.2579326
8690,2,0.0000000,0.0000000,214.0824928,121.5901355
8690,3,0.0000000,0.0000000,183.0152757,146.8948958
8690,4,0.0000000,0.0000000,215.3380866,176.8037502
8690,5,0.0000000,0.0000000,176.8671756,185.9554510
8700,0,0.0000000,0.0000000,188.5531609,107.2579326
8700,2,0.0000000,0.0000000,214.0824928,121.5901355
8700,3,0.0000000,0.0000000,182.8448131,146.9222057
8700,4,0.0000000,0.0000000,215.3510562,176.6315704
8700,5,0.0000000,0.0000000,176.9360917,186.0188435
8710,0,0.0000000,0.0000000,188.5531609,107.2579326
8710,2,0.0000000,0.0000000,214.0824928,121.5901355
8710,3,0.0000000,0.0000000,182.5805119,146.9666803
8710,4,0.0000000,0.0000000,215.3690948,176.3640857
8710,5,0.0000000,0.0000000,177.0438525,186.1164293
8720,0,0.0000000,0.0000000,188.5531609,107.2579326
8720,2,0.0000000,0.0000000,214.0824928,121.5901355
8720,3,0.0000000,0.0000000,182.1710813,147.0407190
8720,4,0.0000000,0.0000000,215.3920406,175.9484663
8720,5,0.0000000,0.0000000,177.2129755,186.2659025
8730,0,0.0000000,0.0000000,188.5531609,107.2579326
8730,2,0.0000000,0.0000000,214.0824928,121.5901355
8730,3,0.0000000,0.0000000,181.5378413,147.1676509
8730,4,0.0000000,0.0000000,215.4154574,175.3026172
8730,5,0.0000000,0.0000000,177.4798417,186.4929866
8740,0,0.0000000,0.0000000,188.5531609,107.2579326
8740,2,0.0000000,0.0000000,214.0824928,121.5901355
8740,3,0.0000000,0.0000000,180.5613581,147.3934193
8740,4,0.0000000,0.0000000,215.4223720,174.2993447
8740,5,0.0000000,0.0000000,177.9041822,186.8332670
8750,0,0.0000000,0.0000000,188.5531609,107.2579326
8750,2,0.0000000,0.0000000,214.0824928,121.5901355
8750,3,0.0000000,0.0000000,179.0682578,147.8110921
8750,4,0.0000000,0.0000000,215.3601964,172.7494677
8750,5,0.0000000,0.0000000,178.5825435,187.3287106
8760,0,0.0000000,0.0000000,188.5531609,107.2579326
8760,2,0.0000000,0.0000000,214.0824928,121.5901355
8760,3,0.0000000,0.0000000,176.9239930,148.5723934
8760,4,0.0000000,0.0000000,215.1083700,170.4906094
8760,5,0.0000000,0.0000000,179.6215703,187.9847485
8770,0,0.0000000,0.0000000,188.5531609,107.2579326
8770,2,0.0000000,0.0000000,214.0824928,121.5901355
8770,3,0.0000000,0.0000000,173.9382615,149.9818875
8770,4,0.0000000,0.0000000,214.4225886,167.2594893
8770,5,0.0000000,0.0000000,181.2205069,188.7860775
8780,0,0.0000000,0.0000000,188.5531609,107.2579326
8780,2,0.0000000,0.0000000,214.0824928,121.5901355
8780,3,0.0000000,0.0000000,169.9028533,152.6691266
8780,4,0.0000000,0.0000000,212.7426775,162.6969113
8780,5,0.0000000,0.0000000,183.7259750,189.6166792
8790,0,0.0000000,0.0000000,187.8306818,108.8557953
8790,2,0.0000000,0.0000000,215.5437577,118.2715930
8790,3,0.0000000,0.0000000,165.8588631,156.6414900
8790,4,0.0000000,0.0000000,209.8119630,157.8080171
8790,5,0.0000000,0.0000000,186.8021891,190.0287309
8800,0,0.0000000,0.0000000,187.3425844,111.0234924
8800,2,0.0000000,0.0000000,216.4646449,113.9073161
8800,3,0.0000000,0.0000000,161.5191251,163.9232092
8800,4,0.0000000,0.0000000,203.7236867,151.7850372
8800,5,0.0000000,0.0000000,191.4639780,189.4668571
8810,0,0.0000000,0.0000000,187.3665863,110.6810600
8810,2,0.0000000,0.0000000,216.5048395,113.4195568
8810,3,0.0000000,0.0000000,159.8281555,170.1289982
8810,4,0.0000000,0.0000000,198.0426338,148.6104816
8810,5,0.0000000,0.0000000,194.8025050,188.1051092
8820,0,0.0000000,0.0000000,187.3750994,110.6016332
8820,2,0.0000000,0.0000000,216.5010968,113.4723702
8820,3,0.0000000,0.0000000,159.7974715,170.3316453
8820,4,0.0000000,0.0000000,197.8514126,148.5367034
8820,5,0.0000000,0.0000000,194.9003277,188.0507791
8830,0,0.0000000,0.0000000,187.3755542,110.5975234
8830,2,0.0000000,0.0000000,216.5008941,113.4751825
8830,3,0.0000000,0.0000000,159.7959121,170.3422134
8830,4,0.0000000,0.0000000,197.8414337,148.5329036
8830,5,0.0000000,0.0000000,194.9054086,188.0479315
8840,0,0.0000000,0.0000000,187.3755796,110.5972944
8840,2,0.0000000,0.0000000,216.5008828,113.4753394
8840,3,0.0000000,0.0000000,159.7958253,170.3428025
8840,4,0.0000000,0.0000000,197.8408774,148.5326919
8840,5,0.0000000,0.0000000,194.9056918,188.0477727
8850,0,0.0000000,0.0000000,187.3755810,110.5972816
8850,2,0.0000000,0.0000000,216.5008822,113.4753482
8850,3,0.0000000,0.0000000,159.7958204,170.3428355
8850,4,0.0000000,0.0000000,197.8408463,148.5326801
8850,5,0.0000000,0.0000000,194.9057076,188.0477638
8860,0,0.0000000,0.0000000,187.3755811,110.5972809
8860,2,0.0000000,0.0000000,216.5008821,113.4753487
8860,3,0.0000000,0.0000000,159.7958202,170.3428373
8860,4,0.0000000,0.0000000,197.8408446,148.5326794
8860,5,0.0000000,0.0000000,194.9057085,188.0477633
8870,0,0.0000000,0.0000000,187.3755811,110.5972809
8870,2,0.0000000,0.0000000,216.5008821,113.4753487
8870,3,0.0000000,0.0000000,159.7958201,170.3428374
8870,4,0.0000000,0.0000000,197.8408445,148.5326794
8870,5,0.0000000,0.0000000,194.9057085,188.0477633
8880,0,0.0000000,0.0000000,187.3755811,110.5972809
8880,2,0.0000000,0.0000000,216.5008821,113.4753487
8880,3,0.0000000,0.0000000,159.7958201,170.3428374
8880,4,0.0000000,0.0000000,197.8408445,148.5326794
8880,5,0.0000000,0.0000000,194.9057085,188.0477633
8890,0,0.0000000,0.0000000,187.3755811,110.5972809
8890,2,0.0000000,0.0000000,216.5008821,113.4753487
8890,3,0.0000000,0.0000000,159.7958201,170.3428374
8890,4,0.0000000,0.0000000,197.8408445,148.5326794
8890,5,0.0000000,0.0000000,194.9057085,188.0477633
8900,0,0.0000000,0.0000000,187.3755811,110.5972809
8900,2,0.0000000,0.0000000,216.5008821,113.4753487
8900,3,0.0000000,0.0000000,159.7958201,170.3428374
8900,4,0.0000000,0.0000000,197.8408445,148.5326794
8900,5,0.0000000,0.0000000,194.9057085,188.0477633
8910,0,0.0000000,0.0000000,187.3755811,110.5972809
8910,2,0.0000000,0.0000000,216.5008821,113.4753487
8910,3,0.0000000,0.0000000,159.7958201,170.3428374
8910,4,0.0000000,0.0000000,197.8408445,148.5326794
8910,5,0.0000000,0.0000000,194.9057085,188.0477633
8920,0,0.0000000,0.0000000,187.3755811,110.5972809
8920,2,0.0000000,0.0000000,216.5008821,113.4753487
8920,3,0.0000000,0.0000000,159.7958201,170.3428374
8920,4,0.0000000,0.0000000,197.8408445,148.5326794
8920,5,0.0000000,0.0000000,194.9057085,188.0477633
8930,0,0.0000000,0.0000000,187.3755811,110.5972809
8930,2,0.0000000,0.0000000,216.5008821,113.4753487
8930,3,0.0000000,0.0000000,159.7958201,170.3428374
8930,4,0.0000000,0.0000000,197.8408445,148.5326794
8930,5,0.0000000,0.0000000,194.9057085,188.0477633
8940,0,0.0000000,0.0000000,187.3755811,110.5972809
8940,2,0.0000000,0.0000000,216.5008821,113.4753487
8940,3,0.0000000,0.0000000,159.7958201,170.3428374
8940,4,0.0000000,0.0000000,197.8408445,148.5326794
8940,5,0.0000000,0.0000000,194.9057085,188.0477633
8950,0,0.0000000,0.0000000,187.3755811,110.5972809
8950,2,0.0000000,0.0000000,216.5008821,113.4753487
8950,3,0.0000000,0.0000000,159.7958201,170.3428374
8950,4,0.0000000,0.0000000,197.8408445,148.5326794
8950,5,0.0000000,0.0000000,194.9057085,188.0477633
8960,0,0.0000000,0.0000000,187.3755811,110.5972809
8960,2,0.0000000,0.0000000,216.5008821,113.4753487
8960,3,0.0000000,0.0000000,159.7958201,170.3428374
8960,4,0.0000000,0.0000000,197.8408445,148.5326794
8960,5,0.0000000,0.0000000,194.9057085,188.0477633
8970,0,0.0000000,0.0000000,187.3755811,110.5972809
8970,2,0.0000000,0.0000000,216.5008821,113.4753487
8970,3,0.0000000,0.0000000,159.7958201,170.3428374
8970,4,0.0000000,0.0000000,197.8408445,148.5326794
8970,5,0.0000000,0.0000000,194.9057085,188.0477633
8980,0,0.0000000,0.0000000,187.3755811,110.5972809
8980,2,0.0000000,0.0000000,216.5008821,113.4753487
8980,3,0.0000000,0.0000000,159.7958201,170.3428374
8980,4,0.0000000,0.0000000,197.8408445,148.5326794
8980,5,0.0000000,0.0000000,194.9057085,188.0477633
8990,0,0.0000000,0.0000000,187.3755811,110.5972809
8990,2,0.0000000,0.0000000,216.5008821,113.4753487
8990,3,0.0000000,0.0000000,159.7958201,170.3428374
8990,4,0.0000000,0.0000000,197.8408445,148.5326794
8990,5,0.0000000,0.0000000,194.9057085,188.0477633
9000,0,0.0000000,0.0000000,187.3755811,110.5972809
9000,2,0.0000000,0.0000000,216.5008821,113.4753487
9000,3,0.0000000,0.0000000,159.7958201,170.3428374
9000,4,0.0000000,0.0000000,197.8408445,148.5326794
9000,5,0.0000000,0.0000000,194.9057085,188.0477633
9010,0,0.0000000,0.0000000,187.3755811,110.5972809
9010,2,0.0000000,0.0000000,216.5008821,113.4753487
9010,3,0.0000000,0.0000000,159.7958201,170.3428374
9010,4,0.0000000,0.0000000,197.8408445,148.5326794
9010,5,0.0000000,0.0000000,194.9057085,188.0477633
9020,0,0.0000000,0.0000000,187.3755811,110.5972809
9020,2,0.0000000,0.0000000,216.5008821,113.4753487
9020,3,0.0000000,0.0000000,159.7958201,170.3428374
9020,4,0.0000000,0.0000000,197.8408445,148.5326794
9020,5,0.0000000,0.0000000,194.9057085,188.0477633
9030,0,0.0000000,0.0000000,187.3755811,110.5972809
9030,2,0.0000000,0.0000000,216.5008821,113.4753487
9030,3,0.0000000,0.0000000,159.7958201,170.3428374
9030,4,0.0000000,0.0000000,197.8408445,148.5326794
9030,5,0.0000000,0.0000000,194.9057085,188.0477633
9040,0,0.0000000,0.0000000,187.3755811,110.5972809
9040,2,0.0000000,0.0000000,216.5008821,113.4753487
9040,3,0.0000000,0.0000000,159.7958201,170.3428374
9040,4,0.0000000,0.0000000,197.8408445,148.5326794
9040,5,0.0000000,0.0000000,194.9057085,188.0477633
9050,0,0.0000000,0.0000000,187.3755811,110.5972809
9050,2,0.0000000,0.0000000,216.5008821,113.4753487
9050,3,0.0000000,0.0000000,159.7958201,170.3428374
9050,4,0.0000000,0.0000000,197.8408445,148.5326794
9050,5,0.0000000,0.0000000,194.9057085,188.0477633
9060,0,0.0000000,0.0000000,187.3755811,110.5972809
9060,2,0.0000000,0.0000000,216.5008821,113.4753487
9060,3,0.0000000,0.0000000,159.7958201,170.3428374
9060,4,0.0000000,0.0000000,197.8408445,148.5326794
9060,5,0.0000000,0.0000000,194.9057085,188.0477633
9070,0,0.0000000,0.0000000,187.3755811,110.5972809
9070,2,0.0000000,0.0000000,216.5008821,113.4753487
9070,3,0.0000000,0.0000000,159.7958201,170.3428374
9070,4,0.0000000,0.0000000,197.8408445,148.5326794
9070,5,0.0000000,0.0000000,194.9057085,188.0477633
9080,0,0.0000000,0.0000000,187.3755811,110.5972809
9080,2,0.0000000,0.0000000,216.5008821,113.4753487
9080,3,0.0000000,0.0000000,159.7958201,170.3428374
9080,4,0.0000000,0.0000000,197.8408445,148.5326794
9080,5,0.0000000,0.0000000,194.9057085,188.0477633
9090,0,0.0000000,0.0000000,187.3755811,110.5972809
9090,2,0.0000000,0.0000000,216.5008821,113.4753487
9090,3,0.0000000,0.0000000,159.7958201,170.3428374
9090,4,0.0000000,0.0000000,197.8408445,148.5326794
9090,5,0.0000000,0.0000000,194.9057085,188.0477633
9100,0,0.0000000,0.0000000,187.3755811,110.5972809
9100,2,0.0000000,0.0000000,216.5008821,113.4753487
9100,3,0.0000000,0.0000000,159.7958201,170.3428374
9100,4,0.0000000,0.0000000,197.8408445,148.5326794
9100,5,0.0000000,0.0000000,194.9057085,188.0477633
9110,0,0.0000000,0.0000000,187.3755811,110.5972809
9110,2,0.0000000,0.0000000,216.5008821,113.4753487
9110,3,0.0000000,0.0000000,159.7958201,170.3428374
9110,4,0.0000000,0.0000000,197.8408445,148.5326794
9110,5,0.0000000,0.0000000,194.9057085,188.0477633
9120,0,0.0000000,0.0000000,187.3755811,110.5972809
9120,2,0.0000000,0.0000000,216.5008821,113.4753487
9120,3,0.0000000,0.0000000,159.7958201,170.3428374
9120,4,0.0000000,0.0000000,197.8408445,148.5326794
9120,5,0.0000000,0.0000000,194.9057085,188.0477633
9130,0,0.0000000,0.0000000,187.3755811,110.5972809
9130,2,0.0000000,0.0000000,216.5008821,113.4753487
9130,3,0.0000000,0.0000000,159.7958201,170.3428374
9130,4,0.0000000,0.0000000,197.8408445,148.5326794
9130,5,0.0000000,0.0000000,194.9057085,188.0477633
9140,0,0.0000000,0.0000000,187.3755811,110.5972809
9140,2,0.0000000,0.0000000,216.5008821,113.4753487
9140,3,0.0000000,0.0000000,159.7958201,170.3428374
9140,4,0.0000000,0.0000000,197.8408445,148.5326794
9140,5,0.0000000,0.0000000,194.9057085,188.0477633
9150,0,0.0000000,0.0000000,187.3755811,110.5972809
9150,2,0.0000000,0.0000000,216.5008821,113.4753487
9150,3,0.0000000,0.0000000,159.7958201,170.3428374
9150,4,0.0000000,0.0000000,197.8408445,148.5326794
9150,5,0.0000000,0.0000000,194.9057085,188.0477633
9160,0,0.0000000,0.0000000,187.3755811,110.5972809
9160,2,0.0000000,0.0000000,216.5008821,113.4753487
9160,3,0.0000000,0.0000000,159.7958201,170.3428374
9160,4,0.0000000,0.0000000,197.8408445,148.5326794
9160,5,0.0000000,0.0000000,194.9057085,188.0477633
9170,0,0.0000000,0.0000000,187.3755811,110.5972809
9170,2,0.0000000,0.0000000,216.5008821,113.4753487
9170,3,0.0000000,0.0000000,159.7958201,170.3428374
9170,4,0.0000000,0.0000000,197.8408445,148.5326794
9170,5,0.0000000,0.0000000,194.9057085,188.0477633
9180,0,0.0000000,0.0000000,187.3755811,110.5972809
9180,2,0.0000000,0.0000000,216.5008821,113.4753487
9180,3,0.0000000,0.0000000,159.7958201,170.3428374
9180,4,0.0000000,0.0000000,197.8408445,148.5326794
9180,5,0.0000000,0.0000000,194.9057085,188.0477633
9190,0,0.0000000,0.0000000,187.3755811,110.5972809
9190,2,0.0000000,0.0000000,216.5008821,113.4753487
9190,3,0.0000000,0.0000000,159.7958201,170.3428374
9190,4,0.0000000,0.0000000,197.8408445,148.5326794
9190,5,0.0000000,0.0000000,194.9057085,188.0477633
9200,0,0.0000000,0.0000000,187.3755811,110.5972809
9200,2,0.0000000,0.0000000,216.5008821,113.4753487
9200,3,0.0000000,0.0000000,159.7958201,170.3428374
9200,4,0.0000000,0.0000000,197.8408445,148.5326794
9200,5,0.0000000,0.0000000,194.9057085,188.0477633
9210,0,0.0000000,0.0000000,187.3755811,110.5972809
9210,2,0.0000000,0.0000000,216.5008821,113.4753487
9210,3,0.0000000,0.0000000,159.7958201,170.3428374
9210,4,0.0000000,0.0000000,197.8408445,148.5326794
9210,5,0.0000000,0.0000000,194.9057085,188.0477633
9220,0,0.0000000,0.0000000,187.3755811,110.5972809
9220,2,0.0000000,0.0000000,216.5008821,113.4753487
9220,3,0.0000000,0.0000000,159.7958201,170.3428374
9220,4,0.0000000,0.0000000,197.8408445,148.5326794
9220,5,0.0000000,0.0000000,194.9057085,188.0477633
9230,0,0.0000000,0.0000000,187.3755811,110.5972809
9230,2,0.0000000,0.0000000,216.5008821,113.4753487
9230,3,0.0000000,0.0000000,159.7958201,170.3428374
9230,4,0.0000000,0.0000000,197.8408445,148.5326794
9230,5,0.0000000,0.0000000,194.9057085,188.0477633
9240,0,0.0000000,0.0000000,187.3755811,110.5972809
9240,2,0.0000000,0.0000000,216.5008821,113.4753487
9240,3,0.0000000,0.0000000,159.7958201,170.3428374
9240,4,0.0000000,0.0000000,197.8408445,148.5326794
9240,5,0.0000000,0.0000000,194.9057085,188.0477633
9250,0,0.0000000,0.0000000,187.3755811,110.5972809
9250,2,0.0000000,0.0000000,216.5008821,113.4753487
9250,3,0.0000000,0.0000000,159.7958201,170.3428374
9250,4,0.0000000,0.0000000,197.8408445,148.5326794
9250,5,0.0000000,0.0000000,194.9057085,188.0477633
9260,0,0.0000000,0.0000000,187.3755811,110.5972809
9260,2,0.0000000,0.0000000,216.5008821,113.4753487
9260,3,0.0000000,0.0000000,159.7958201,170.3428374
9260,4,0.0000000,0.0000000,197.8408445,148.5326794
9260,5,0.0000000,0.0000000,194.9057085,188.0477633
9270,0,0.0000000,0.0000000,187.3755811,110.5972809
9270,2,0.0000000,0.0000000,216.5008821,113.4753487
9270,3,0.0000000,0.0000000,159.7958201,170.3428374
9270,4,0.0000000,0.0000000,197.8408445,148.5326794
9270,5,0.0000000,0.0000000,194.9057085,188.0477633
9280,0,0.0000000,0.0000000,187.3755811,110.5972809
9280,2,0.0000000,0.0000000,216.5008821,113.4753487
9280,3,0.0000000,0.0000000,159.7958201,170.3428374
9280,4,0.0000000,0.0000000,197.8408445,148.5326794
9280,5,0.0000000,0.0000000,194.9057085,188.0477633
9290,0,0.0000000,0.0000000,187.3755811,110.5972809
9290,2,0.0000000,0.0000000,216.5008821,113.4753487
9290,3,0.0000000,0.0000000,159.7958201,170.3428374
9290,4,0.0000000,0.0000000,197.8408445,148.5326794
9290,5,0.0000000,0.0000000,194.9057085,188.0477633
9300,0,0.0000000,0.0000000,187.3755811,110.5972809
9300,2,0.0000000,0.0000000,216.5008821,113.4753487
9300,3,0.0000000,0.0000000,159.7958201,170.3428374
9300,4,0.0000000,0.0000000,197.8408445,148.5326794
9300,5,0.0000000,0.0000000,194.9057085,188.0477633
9310,0,0.0000000,0.0000000,187.3755811,110.5972809
9310,2,0.0000000,0.0000000,216.5008821,113.4753487
9310,3,0.0000000,0.0000000,159.7958201,170.3428374
9310,4,0.0000000,0.0000000,197.8408445,148.5326794
9310,5,0.0000000,0.0000000,194.9057085,188.0477633
9320,0,0.0000000,0.0000000,187.3755811,110.5972809
9320,2,0.0000000,0.0000000,216.5008821,113.4753487
9320,3,0.0000000,0.0000000,159.7958201,170.3428374
9320,4,0.0000000,0.0000000,197.8408445,148.5326794
9320,5,0.0000000,0.0000000,194.9057085,188.0477633
9330,0,0.0000000,0.0000000,187.3755811,110.5972809
9330,2,0.0000000,0.0000000,216.5008821,113.4753487
9330,3,0.0000000,0.0000000,159.7958201,170.3428374
9330,4,0.0000000,0.0000000,197.8408445,148.5326794
9330,5,0.0000000,0.0000000,194.9057085,188.0477633
9340,0,0.0000000,0.0000000,187.3755811,110.5972809
9340,2,0.0000000,0.0000000,216.5008821,113.4753487
9340,3,0.0000000,0.0000000,159.7958201,170.3428374
9340,4,0.0000000,0.0000000,197.8408445,148.5326794
9340,5,0.0000000,0.0000000,194.9057085,188.0477633
9350,0,0.0000000,0.0000000,187.3755811,110.5972809
9350,2,0.0000000,0.0000000,216.5008821,113.4753487
9350,3,0.0000000,0.0000000,159.7958201,170.3428374
9350,4,0.0000000,0.0000000,197.8408445,148.5326794
9350,5,0.0000000,0.0000000,194.9057085,188.0477633
9360,0,0.0000000,0.0000000,187.3755811,110.5972809
9360,2,0.0000000,0.0000000,216.5008821,113.4753487
9360,3,0.0000000,0.0000000,159.7958201,170.3428374
9360,4,0.0000000,0.0000000,197.8408445,148.5326794
9360,5,0.0000000,0.0000000,194.9057085,188.0477633
9370,0,0.0000000,0.0000000,187.3755811,110.5972809
9370,2,0.0000000,0.0000000,216.5008821,113.4753487
9370,3,0.0000000,0.0000000,159.7958201,170.3428374
9370,4,0.0000000,0.0000000,197.8408445,148.5326794
9370,5,0.0000000,0.0000000,194.9057085,188.0477633
9380,0,0.0000000,0.0000000,187.3755811,110.5972809
9380,2,0.0000000,0.0000000,216.5008821,113.4753487
9380,3,0.0000000,0.0000000,159.7958201,170.3428374
9380,4,0.0000000,0.0000000,197.8408445,148.5326794
9380,5,0.0000000,0.0000000,194.9057085,188.0477633
9390,0,0.0000000,0.0000000,187.3755811,110.5972809
9390,2,0.0000000,0.0000000,216.5008821,113.4753487
9390,3,0.0000000,0.0000000,159.7958201,170.3428374
9390,4,0.0000000,0.0000000,197.8408445,148.5326794
9390,5,0.0000000,0.0000000,194.9057085,188.0477633
9400,0,0.0000000,0.0000000,187.3755811,110.5972809
9400,2,0.0000000,0.0000000,216.5008821,113.4753487
9400,3,0.0000000,0.0000000,159.7958201,170.3428374
9400,4,0.0000000,0.0000000,197.8408445,148.5326794
9400,5,0.0000000,0.0000000,194.9057085,188.0477633
9410,0,0.0000000,0.0000000,187.3755811,110.5972809
9410,2,0.0000000,0.0000000,216.5008821,113.4753487
9410,3,0.0000000,0.0000000,159.7958201,170.3428374
9410,4,0.0000000,0.0000000,197.8408445,148.5326794
9410,5,0.0000000,0.0000000,194.9057085,188.0477633
9420,0,0.0000000,0.0000000,187.3755811,110.5972809
9420,2,0.0000000,0.0000000,216.5008821,113.4753487
9420,3,0.0000000,0.0000000,159.7958201,170.3428374
9420,4,0.0000000,0.0000000,197.8408445,148.5326794
9420,5,0.0000000,0.0000000,194.9057085,188.0477633
9430,0,0.0000000,0.0000000,187.3755811,110.5972809
9430,2,0.0000000,0.0000000,216.5008821,113.4753487
9430,3,0.0000000,0.0000000,159.7958201,170.3428374
9430,4,0.0000000,0.0000000,197.8408445,148.5326794
9430,5,0.0000000,0.0000000,194.9057085,188.0477633
9440,0,0.0000000,0.0000000,187.3755811,110.5972809
9440,2,0.0000000,0.0000000,216.5008821,113.4753487
9440,3,0.0000000,0.0000000,159.7958201,170.3428374
9440,4,0.0000000,0.0000000,197.8408445,148.5326794
9440,5,0.0000000,0.0000000,194.9057085,188.0477633
9450,0,0.0000000,0.0000000,187.3755811,110.5972809
9450,2,0.0000000,0.0000000,216.5008821,113.4753487
9450,3,0.0000000,0.0000000,159.7958201,170.3428374
9450,4,0.0000000,0.0000000,197.8408445,148.5326794
9450,5,0.0000000,0.0000000,194.9057085,188.0477633
9460,0,0.0000000,0.0000000,187.3755811,110.5972809
9460,2,0.0000000,0.0000000,216.5008821,113.4753487
9460,3,0.0000000,0.0000000,159.7958201,170.3428374
9460,4,0.0000000,0.0000000,197.8408445,148.5326794
9460,5,0.0000000,0.0000000,194.9057085,188.0477633
9470,0,0.0000000,0.0000000,187.3755811,110.5972809
9470,2,0.0000000,0.0000000,216.5008821,113.4753487
9470,3,0.0000000,0.0000000,159.7958201,170.3428374
9470,4,0.0000000,0.0000000,197.8408445,148.5326794
9470,5,0.0000000,0.0000000,194.9057085,188.0477633
9480,0,0.0000000,0.0000000,187.3755811,110.5972809
9480,2,0.0000000,0.0000000,216.5008821,113.4753487
9480,3,0.0000000,0.0000000,159.7958201,170.3428374
9480,4,0.0000000,0.0000000,197.8408445,148.5326794
9480,5,0.0000000,0.0000000,194.9057085,188.0477633
9490,0,0.0000000,0.0000000,187.3755811,110.5972809
9490,2,0.0000000,0.0000000,216.5008821,113.4753487
9490,3,0.0000000,0.0000000,159.7958201,170.3428374
9490,4,0.0000000,0.0000000,197.8408445,148.5326794
9490,5,0.0000000,0.0000000,194.9057085,188.0477633
9500,0,0.0000000,0.0000000,187.3755811,110.5972809
9500,2,0.0000000,0.0000000,216.5008821,113.4753487
9500,3,0.0000000,0.0000000,159.7958201,170.3428374
9500,4,0.0000000,0.0000000,197.8408445,148.5326794
9500,5,0.0000000,0.0000000,194.9057085,188.0477633
9510,0,0.0000000,0.0000000,187.3755811,110.5972809
9510,2,0.0000000,0.0000000,216.5008821,113.4753487
9510,3,0.0000000,0.0000000,159.7958201,170.3428374
9510,4,0.0000000,0.0000000,197.8408445,148.5326794
9510,5,0.0000000,0.0000000,194.9057085,188.0477633
9520,0,0.0000000,0.0000000,187.3755811,110.5972809
9520,2,0.0000000,0.0000000,216.5008821,113.4753487
9520,3,0.0000000,0.0000000,159.7958201,170.3428374
9520,4,0.0000000,0.0000000,197.8408445,148.5326794
9520,5,0.0000000,0.0000000,194.9057085,188.0477633
9530,0,0.0000000,0.0000000,187.3755811,110.5972809
9530,2,0.0000000,0.0000000,216.5008821,113.4753487
9530,3,0.0000000,0.0000000,159.7958201,170.3428374
9530,4,0.0000000,0.0000000,197.8408445,148.5326794
9530,5,0.0000000,0.0000000,194.9057085,188.0477633
9540,0,0.0000000,0.0000000,187.3755811,110.5972809
9540,2,0.0000000,0.0000000,216.5008821,113.4753487
9540,3,0.0000000,0.0000000,159.7958201,170.3428374
9540,4,0.0000000,0.0000000,197.8408445,148.5326794
9540,5,0.0000000,0.0000000,194.9057085,188.0477633
9550,0,0.0000000,0.0000000,187.3755811,110.5972809
9550,2,0.0000000,0.0000000,216.5008821,113.4753487
9550,3,0.0000000,0.0000000,159.7958201,170.3428374
9550,4,0.0000000,0.0000000,197.8408445,148.5326794
9550,5,0.0000000,0.0000000,194.9057085,188.0477633
9560,0,0.0000000,0.0000000,187.3755811,110.5972809
9560,2,0.0000000,0.0000000,216.5008821,113.4753487
9560,3,0.0000000,0.0000000,159.7958201,170.3428374
9560,4,0.0000000,0.0000000,197.8408445,148.5326794
9560,5,0.0000000,0.0000000,194.9057085,188.0477633
9570,0,0.0000000,0.0000000,187.3755811,110.5972809
9570,2,0.0000000,0.0000000,216.5008821,113.4753487
9570,3,0.0000000,0.0000000,159.7958201,170.3428374
9570,4,0.0000000,0.0000000,197.8408445,148.5326794
9570,5,0.0000000,0.0000000,194.9057085,188.0477633
9580,0,0.0000000,0.0000000,187.3755811,110.5972809
9580,2,0.0000000,0.0000000,216.5008821,113.4753487
9580,3,0.0000000,0.0000000,159.7958201,170.3428374
9580,4,0.0000000,0.0000000,197.8408445,148.5326794
9580,5,0.0000000,0.0000000,194.9057085,188.0477633
9590,0,0.0000000,0.0000000,187.3755811,110.5972809
9590,2,0.0000000,0.0000000,216.5008821,113.4753487
9590,3,0.0000000,0.0000000,159.7958201,170.3428374
9590,4,0.0000000,0.0000000,197.8408445,148.5326794
9590,5,0.0000000,0.0000000,194.9057085,188.0477633
9600,0,0.0000000,0.0000000,187.3755811,110.5972809
9600,2,0.0000000,0.0000000,216.5008821,113.4753487
9600,3,0.0000000,0.0000000,159.7958201,170.3428374
9600,4,0.0000000,0.0000000,197.8408445,148.5326794
9600,5,0.0000000,0.0000000,194.9057085,188.0477633
9610,0,0.0000000,0.0000000,187.3755811,110.5972809
9610,2,0.0000000,0.0000000,216.5008821,113.4753487
9610,3,0.0000000,0.0000000,159.7958201,170.3428374
9610,4,0.0000000,0.0000000,197.8408445,148.5326794
9610,5,0.0000000,0.0000000,194.9057085,188.0477633
9620,0,0.0000000,0.0000000,187.3755811,110.5972809
9620,2,0.0000000,0.0000000,216.5008821,113.4753487
9620,3,0.0000000,0.0000000,159.7958201,170.3428374
9620,4,0.0000000,0.0000000,197.8408445,148.5326794
9620,5,0.0000000,0.0000000,194.9057085,188.0477633
9630,0,0.0000000,0.0000000,187.3755811,110.5972809
9630,2,0.0000000,0.0000000,216.5008821,113.4753487
9630,3,0.0000000,0.0000000,159.7958201,170.3428374
9630,4,0.0000000,0.0000000,197.8408445,148.5326794
9630,5,0.0000000,0.0000000,194.9057085,188.0477633
9640,0,0.0000000,0.0000000,187.3755811,110.5972809
9640,2,0.0000000,0.0000000,216.5008821,113.4753487
9640,3,0.0000000,0.0000000,159.7958201,170.3428374
9640,4,0.0000000,0.0000000,197.8408445,148.5326794
9640,5,0.0000000,0.0000000,194.9057085,188.0477633
9650,0,0.0000000,0.0000000,187.3755811,110.5972809
9650,2,0.0000000,0.0000000,216.5008821,113.4753487
9650,3,0.0000000,0.0000000,159.7958201,170.3428374
9650,4,0.0000000,0.0000000,197.8408445,148.5326794
9650,5,0.0000000,0.0000000,194.9057085,188.0477633
9660,0,0.0000000,0.0000000,187.3755811,110.5972809
9660,2,0.0000000,0.0000000,216.5008821,113.4753487
9660,3,0.0000000,0.0000000,159.7958201,170.3428374
9660,4,0.0000000,0.0000000,197.8408445,148.5326794
9660,5,0.0000000,0.0000000,194.9057085,188.0477633
9670,0,0.0000000,0.0000000,187.3755811,110.5972809
9670,2,0.0000000,0.0000000,216.5008821,113.4753487
9670,3,0.0000000,0.0000000,159.7958201,170.3428374
9670,4,0.0000000,0.0000000,197.8408445,148.5326794
9670,5,0.0000000,0.0000000,194.9057085,188.0477633
9680,0,0.0000000,0.0000000,187.3755811,110.5972809
9680,2,0.0000000,0.0000000,216.5008821,113.4753487
9680,3,0.0000000,0.0000000,159.7958201,170.3428374
9680,4,0.0000000,0.0000000,197.8408445,148.5326794
9680,5,0.0000000,0.0000000,194.9057085,188.0477633
9690,0,0.0000000,0.0000000,187.3755811,110.5972809
9690,2,0.0000000,0.0000000,216.5008821,113.4753487
9690,3,0.0000000,0.0000000,159.7958201,170.3428374
9690,4,0.0000000,0.0000000,197.8408445,148.5326794
9690,5,0.0000000,0.0000000,194.9057085,188.0477633
9700,0,0.0000000,0.0000000,187.3755811,110.5972809
9700,2,0.0000000,0.0000000,216.5008821,113.4753487
9700,3,0.0000000,0.0000000,159.7958201,170.3428374
9700,4,0.0000000,0.0000000,197.8408445,148.5326794
9700,5,0.0000000,0.0000000,194.9057085,188.0477633
9710,0,0.0000000,0.0000000,187.3755811,110.5972809
9710,2,0.0000000,0.0000000,216.5008821,113.4753487
9710,3,0.0000000,0.0000000,159.7958201,170.3428374
9710,4,0.0000000,0.0000000,197.8408445,148.5326794
9710,5,0.0000000,0.0000000,194.9057085,188.0477633
9720,0,0.0000000,0.0000000,187.3755811,110.5972809
9720,2,0.0000000,0.0000000,216.5008821,113.4753487
9720,3,0.0000000,0.0000000,159.7958201,170.3428374
9720,4,0.0000000,0.0000000,197.8408445,148.5326794
9720,5,0.0000000,0.0000000,194.9057085,188.0477633
9730,0,0.0000000,0.0000000,187.3755811,110.5972809
9730,2,0.0000000,0.0000000,216.5008821,113.4753487
9730,3,0.0000000,0.0000000,159.7958201,170.3428374
9730,4,0.0000000,0.0000000,197.8408445,148.5326794
9730,5,0.0000000,0.0000000,194.9057085,188.0477633
9740,0,0.0000000,0.0000000,187.3755811,110.5972809
9740,2,0.0000000,0.0000000,216.5008821,113.4753487
9740,3,0.0000000,0.0000000,159.7958201,170.3428374
9740,4,0.0000000,0.0000000,197.8408445,148.5326794
9740,5,0.0000000,0.0000000,194.9057085,188.0477633
9750,0,0.0000000,0.0000000,187.3755811,110.5972809
9750,2,0.0000000,0.0000000,216.5008821,113.4753487
9750,3,0.0000000,0.0000000,159.7958201,170.3428374
9750,4,0.0000000,0.0000000,197.8408445,148.5326794
9750,5,0.0000000,0.0000000,194.9057085,188.0477633
9760,0,0.0000000,0.0000000,187.3755811,110.5972809
9760,2,0.0000000,0.0000000,216.5008821,113.4753487
9760,3,0.0000000,0.0000000,159.7958201,170.3428374
9760,4,0.0000000,0.0000000,197.8408445,148.5326794
9760,5,0.0000000,0.0000000,194.9057085,188.0477633
9770,0,0.0000000,0.0000000,187.3755811,110.5972809
9770,2,0.0000000,0.0000000,216.5008821,113.4753487
9770,3,0.0000000,0.0000000,159.7958201,170.3428374
9770,4,0.0000000,0.0000000,197.8408445,148.5326794
9770,5,0.0000000,0.0000000,194.9057085,188.0477633
9780,0,0.0000000,0.0000000,187.3755811,110.5972809
9780,2,0.0000000,0.0000000,216.5008821,113.4753487
9780,3,0.0000000,0.0000000,159.7958201,170.3428374
9780,4,0.0000000,0.0000000,197.8408445,148.5326794
9780,5,0.0000000,0.0000000,194.9057085,188.0477633
9790,0,0.0000000,0.0000000,187.3755811,110.5972809
9790,2,0.0000000,0.0000000,216.5008821,113.4753487
9790,3,0.0000000,0.0000000,159.7958201,170.3428374
9790,4,0.0000000,0.0000000,197.8408445,148.5326794
9790,5,0.0000000,0.0000000,194.9057085,188.0477633
9800,0,0.0000000,0.0000000,187.3755811,110.5972809
9800,2,0.0000000,0.0000000,216.5008821,113.4753487
9800,3,0.0000000,0.0000000,159.7958201,170.3428374
9800,4,0.0000000,0.0000000,197.8408445,148.5326794
9800,5,0.0000000,0.0000000,194.9057085,188.0477633
9810,0,0.0000000,0.0000000,187.3755811,110.5972809
9810,2,0.0000000,0.0000000,216.5008821,113.4753487
9810,3,0.0000000,0.0000000,159.7958201,170.3428374
9810,4,0.0000000,0.0000000,197.8408445,148.5326794
9810,5,0.0000000,0.0000000,194.9057085,188.0477633
9820,0,0.0000000,0.0000000,187.3755811,110.5972809
9820,2,0.0000000,0.0000000,216.5008821,113.4753487
9820,3,0.0000000,0.0000000,159.7958201,170.3428374
9820,4,0.0000000,0.0000000,197.8408445,148.5326794
9820,5,0.0000000,0.0000000,194.9057085,188.0477633
9830,0,0.0000000,0.0000000,187.3755811,110.5972809
9830,2,0.0000000,0.0000000,216.5008821,113.4753487
9830,3,0.0000000,0.0000000,159.7958201,170.3428374
9830,4,0.0000000,0.0000000,197.8408445,148.5326794
9830,5,0.0000000,0.0000000,194.9057085,188.0477633
9840,0,0.0000000,0.0000000,187.3755811,110.5972809
9840,2,0.0000000,0.0000000,216.5008821,113.4753487
9840,3,0.0000000,0.0000000,159.7958201,170.3428374
9840,4,0.0000000,0.0000000,197.8408445,148.5326794
9840,5,0.0000000,0.0000000,194.9057085,188.0477633
9850,0,0.0000000,0.0000000,187.3755811,110.5972809
9850,2,0.0000000,0.0000000,216.5008821,113.4753487
9850,3,0.0000000,0.0000000,159.7958201,170.3428374
9850,4,0.0000000,0.0000000,197.8408445,148.5326794
9850,5,0.0000000,0.0000000,194.9057085,188.0477633
9860,0,0.0000000,0.0000000,187.3755811,110.5972809
9860,2,0.0000000,0.0000000,216.5008821,113.4753487
9860,3,0.0000000,0.0000000,159.7958201,170.3428374
9860,4,0.0000000,0.0000000,197.8408445,148.5326794
9860,5,0.0000000,0.0000000,194.9057085,188.0477633
9870,0,0.0000000,0.0000000,187.3755811,110.5972809
9870,2,0.0000000,0.0000000,216.5008821,113.4753487
9870,3,0.0000000,0.0000000,159.7958201,170.3428374
9870,4,0.0000000,0.0000000,197.8408445,148.5326794
9870,5,0.0000000,0.0000000,194.9057085,188.0477633
9880,0,0.0000000,0.0000000,187.3755811,110.5972809
9880,2,0.0000000,0.0000000,216.5008821,113.4753487
9880,3,0.0000000,0.0000000,159.7958201,170.3428374
9880,4,0.0000000,0.0000000,197.8408445,148.5326794
9880,5,0.0000000,0.0000000,194.9057085,188.0477633
9890,0,0.0000000,0.0000000,187.3755811,110.5972809
9890,2,0.0000000,0.0000000,216.5008821,113.4753487
9890,3,0.0000000,0.0000000,159.7958201,170.3428374
9890,4,0.0000000,0.0000000,197.8408445,148.5326794
9890,5,0.0000000,0.0000000,194.9057085,188.0477633
9900,0,0.0000000,0.0000000,187.3755811,110.5972809
9900,2,0.0000000,0.0000000,216.5008821,113.4753487
9900,3,0.0000000,0.0000000,159.7958201,170.3428374
9900,4,0.0000000,0.0000000,197.8408445,148.5326794
9900,5,0.0000000,0.0000000,194.9057085,188.0477633
9910,0,0.0000000,0.0000000,187.3755811,110.5972809
9910,2,0.0000000,0.0000000,216.5008821,113.4753487
9910,3,0.0000000,0.0000000,159.7958201,170.3428374
9910,4,0.0000000,0.0000000,197.8408445,148.5326794
9910,5,0.0000000,0.0000000,194.9057085,188.0477633
9920,0,0.0000000,0.0000000,187.3755811,110.5972809
9920,2,0.0000000,0.0000000,216.5008821,113.4753487
9920,3,0.0000000,0.0000000,159.7958201,170.3428374
9920,4,0.0000000,0.0000000,197.8408445,148.5326794
9920,5,0.0000000,0.0000000,194.9057085,188.0477633
9930,0,0.0000000,0.0000000,187.3755811,110.5972809
9930,2,0.0000000,0.0000000,216.5008821,113.4753487
9930,3,0.0000000,0.0000000,159.7958201,170.3428374
9930,4,0.0000000,0.0000000,197.8408445,148.5326794
9930,5,0.0000000,0.0000000,194.9057085,188.0477633
9940,0,0.0000000,0.0000000,187.3755811,110.5972809
9940,2,0.0000000,0.0000000,216.5008821,113.4753487
9940,3,0.0000000,0.0000000,159.7958201,170.3428374
9940,4,0.0000000,0.0000000,197.8408445,148.5326794
9940,5,0.0000000,0.0000000,194.9057085,188.0477633
9950,0,0.0000000,0.0000000,187.3755811,110.5972809
9950,2,0.0000000,0.0000000,216.5008821,113.4753487
9950,3,0.0000000,0.0000000,159.7958201,170.3428374
9950,4,0.0000000,0.0000000,197.8408445,148.5326794
9950,5,0.0000000,0.0000000,194.9057085,188.0477633
9960,0,0.0000000,0.0000000,187.3755811,110.5972809
9960,2,0.0000000,0.0000000,216.5008821,113.4753487
9960,3,0.0000000,0.0000000,159.7958201,170.3428374
9960,4,0.0000000,0.0000000,197.8408445,148.5326794
9960,5,0.0000000,0.0000000,194.9057085,188.0477633
9970,0,0.0000000,0.0000000,187.3755811,110.5972809
9970,2,0.0000000,0.0000000,216.5008821,113.4753487
9970,3,0.0000000,0.0000000,159.7958201,170.3428374
9970,4,0.0000000,0.0000000,197.8408445,148.5326794
9970,5,0.0000000,0.0000000,194.9057085,188.0477633
9980,0,0.0000000,0.0000000,187.3755811,110.5972809
9980,2,0.0000000,0.0000000,216.5008821,113.4753487
9980,3,0.0000000,0.0000000,159.7958201,170.3428374
9980,4,0.0000000,0.0000000,197.8408445,148.5326794
9980,5,0.0000000,0.0000000,194.9057085,188.0477633
9990,0,0.0000000,0.0000000,187.3755811,110.5972809
9990,2,0.0000000,0.0000000,216.5008821,113.4753487
9990,3,0.0000000,0.0000000,159.7958201,170.3428374
9990,4,0.0000000,0.0000000,197.8408445,148.5326794
9990,5,0.0000000,0.0000000,194.9057085,188.0477633
10000,0,0.0000000,0.0000000,187.3755811,110.5972809
10000,2,0.0000000,0.0000000,216.5008821,113.4753487
10000,3,0.0000000,0.0000000,159.7958201,170.3428374
10000,4,0.0000000,0.0000000,197.8408445,148.5326794
10000,5,0.0000000,0.0000000,194.9057085,188.0477633
10010,0,0.0000000,0.0000000,187.3755811,110.5972809
10010,2,0.0000000,0.0000000,216.5008821,113.4753487
10010,3,0.0000000,0.0000000,159.7958201,170.3428374
10010,4,0.0000000,0.0000000,197.8408445,148.5326794
10010,5,0.0000000,0.0000000,194.9057085,188.0477633
10020,0,0.0000000,0.0000000,187.3755811,110.5972809
10020,2,0.0000000,0.0000000,216.5008821,113.4753487
10020,3,0.0000000,0.0000000,159.7958201,170.3428374
10020,4,0.0000000,0.0000000,197.8408445,148.5326794
10020,5,0.0000000,0.0000000,194.9057085,188.0477633
10030,0,0.0000000,0.0000000,187.3755811,110.5972809
10030,2,0.0000000,0.0000000,216.5008821,113.4753487
10030,3,0.0000000,0.0000000,159.7958201,170.3428374
10030,4,0.0000000,0.0000000,197.8408445,148.5326794
10030,5,0.0000000,0.0000000,194.9057085,188.0477633
10040,0,0.0000000,0.0000000,187.3755811,110.5972809
10040,2,0.0000000,0.0000000,216.5008821,113.4753487
10040,3,0.0000000,0.0000000,159.7958201,170.3428374
10040,4,0.0000000,0.0000000,197.8408445,148.5326794
10040,5,0.0000000,0.0000000,194.9057085,188.0477633
10050,0,0.0000000,0.0000000,187.3755811,110.5972809
10050,2,0.0000000,0.0000000,216.5008821,113.4753487
10050,3,0.0000000,0.0000000,159.7958201,170.3428374
10050,4,0.0000000,0.0000000,197.8408445,148.5326794
10050,5,0.0000000,0.0000000,194.9057085,188.0477633
10060,0,0.0000000,0.0000000,187.3755811,110.5972809
10060,2,0.0000000,0.0000000,216.5008821,113.4753487
10060,3,0.0000000,0.0000000,159.7958201,170.3428374
10060,4,0.0000000,0.0000000,197.8408445,148.5326794
10060,5,0.0000000,0.0000000,194.9057085,188.0477633
10070,0,0.0000000,0.0000000,187.3755811,110.5972809
10070,2,0.0000000,0.0000000,216.5008821,113.4753487
10070,3,0.0000000,0.0000000,159.7958201,170.3428374
10070,4,0.0000000,0.0000000,197.8408445,148.5326794
10070,5,0.0000000,0.0000000,194.9057085,188.0477633
10080,0,0.0000000,0.0000000,187.3755811,110.5972809
10080,2,0.0000000,0.0000000,216.5008821,113.4753487
10080,3,0.0000000,0.0000000,159.7958201,170.3428374
10080,4,0.0000000,0.0000000,197.8408445,148.5326794
10080,5,0.0000000,0.0000000,194.9057085,188.0477633
10090,0,0.0000000,0.0000000,187.3755811,110.5972809
10090,2,0.0000000,0.0000000,216.5008821,113.4753487
10090,3,0.0000000,0.0000000,159.7958201,170.3428374
10090,4,0.0000000,0.0000000,197.8408445,148.5326794
10090,5,0.0000000,0.0000000,194.9057085,188.0477633
10100,0,0.0000000,0.0000000,187.3755811,110.5972809
10100,2,0.0000000,0.0000000,216.5008821,113.4753487
10100,3,0.0000000,0.0000000,159.7958201,170.3428374
10100,4,0.0000000,0.0000000,197.8408445,148.5326794
10100,5,0.0000000,0.0000000,194.9057085,188.0477633
10110,0,0.0000000,0.0000000,187.3755811,110.5972809
10110,2,0.0000000,0.0000000,216.5008821,113.4753487
10110,3,0.0000000,0.0000000,159.7958201,170.3428374
10110,4,0.0000000,0.0000000,197.8408445,148.5326794
10110,5,0.0000000,0.0000000,194.9057085,188.0477633
10120,0,0.0000000,0.0000000,187.3755811,110.5972809
10120,2,0.0000000,0.0000000,216.5008821,113.4753487
10120,3,0.0000000,0.0000000,159.7958201,170.3428374
10120,4,0.0000000,0.0000000,197.8408445,148.5326794
10120,5,0.0000000,0.0000000,194.9057085,188.0477633
10130,0,0.0000000,0.0000000,187.3755811,110.5972809
10130,2,0.0000000,0.0000000,216.5008821,113.4753487
10130,3,0.0000000,0.0000000,159.7958201,170.3428374
10130,4,0.0000000,0.0000000,197.8408445,148.5326794
10130,5,0.0000000,0.0000000,194.9057085,188.0477633
10140,0,0.0000000,0.0000000,187.3755811,110.5972809
10140,2,0.0000000,0.0000000,216.5008821,113.4753487
10140,3,0.0000000,0.0000000,159.7958201,170.3428374
10140,4,0.0000000,0.0000000,197.8408445,148.5326794
10140,5,0.0000000,0.0000000,194.9057085,188.0477633
10150,0,0.0000000,0.0000000,187.3755811,110.5972809
10150,2,0.0000000,0.0000000,216.5008821,113.4753487
10150,3,0.0000000,0.0000000,159.7958201,170.3428374
10150,4,0.0000000,0.0000000,197.8408445,148.5326794
10150,5,0.0000000,0.0000000,194.9057085,188.0477633
10160,0,0.0000000,0.0000000,187.3755811,110.5972809
10160,2,0.0000000,0.0000000,216.5008821,113.4753487
10160,3,0.0000000,0.0000000,159.7958201,170.3428374
10160,4,0.0000000,0.0000000,197.8408445,148.5326794
10160,5,0.0000000,0.0000000,194.9057085,188.0477633
10170,0,0.0000000,0.0000000,187.3755811,110.5972809
10170,2,0.0000000,0.0000000,216.5008821,113.4753487
10170,3,0.0000000,0.0000000,159.7958201,170.3428374
10170,4,0.0000000,0.0000000,197.8408445,148.5326794
10170,5,0.0000000,0.0000000,194.9057085,188.0477633
10180,0,0.0000000,0.0000000,187.3755811,110.5972809
10180,2,0.0000000,0.0000000,216.5008821,113.4753487
10180,3,0.0000000,0.0000000,159.7958201,170.3428374
10180,4,0.0000000,0.0000000,197.8408445,148.5326794
10180,5,0.0000000,0.0000000,194.9057085,188.0477633
10190,0,0.0000000,0.0000000,187.3755811,110.5972809
10190,2,0.0000000,0.0000000,216.5008821,113.4753487
10190,3,0.0000000,0.0000000,159.7958201,170.3428374
10190,4,0.0000000,0.0000000,197.8408445,148.5326794
10190,5,0.0000000,0.0000000,194.9057085,188.0477633
10200,0,0.0000000,0.0000000,187.3755811,110.5972809
10200,2,0.0000000,0.0000000,216.5008821,113.4753487
10200,3,0.0000000,0.0000000,159.7958201,170.3428374
10200,4,0.0000000,0.0000000,197.8408445,148.5326794
10200,5,0.0000000,0.0000000,194.9057085,188.0477633
10210,0,0.0000000,0.0000000,187.3755811,110.5972809
10210,2,0.0000000,0.0000000,216.5008821,113.4753487
10210,3,0.0000000,0.0000000,159.7958201,170.3428374
10210,4,0.0000000,0.0000000,197.8408445,148.5326794
10210,5,0.0000000,0.0000000,194.9057085,188.0477633
10220,0,0.0000000,0.0000000,187.3755811,110.5972809
10220,2,0.0000000,0.0000000,216.5008821,113.4753487
10220,3,0.0000000,0.0000000,159.7958201,170.3428374
10220,4,0.0000000,0.0000000,197.8408445,148.5326794
10220,5,0.0000000,0.0000000,194.9057085,188.0477633
10230,0,0.0000000,0.0000000,187.3755811,110.5972809
10230,2,0.0000000,0.0000000,216.5008821,113.4753487
10230,3,0.0000000,0.0000000,159.7958201,170.3428374
10230,4,0.0000000,0.0000000,197.8408445,148.5326794
10230,5,0.0000000,0.0000000,194.9057085,188.0477633
10240,0,0.0000000,0.0000000,187.3755811,110.5972809
10240,2,0.0000000,0.0000000,216.5008821,113.4753487
10240,3,0.0000000,0.0000000,159.7958201,170.3428374
10240,4,0.0000000,0.0000000,197.8408445,148.5326794
10240,5,0.0000000,0.0000000,194.9057085,188.0477633
10250,0,0.0000000,0.0000000,187.3755811,110.5972809
10250,2,0.0000000,0.0000000,216.5008821,113.4753487
10250,3,0.0000000,0.0000000,159.7958201,170.3428374
10250,4,0.0000000,0.0000000,197.8408445,148.5326794
10250,5,0.0000000,0.0000000,194.9057085,188.0477633
10260,0,0.0000000,0.0000000,187.3755811,110.5972809
10260,2,0.0000000,0.0000000,216.5008821,113.4753487
10260,3,0.0000000,0.0000000,159.7958201,170.3428374
10260,4,0.0000000,0.0000000,197.8408445,148.5326794
10260,5,0.0000000,0.0000000,194.9057085,188.0477633
10270,0,0.0000000,0.0000000,187.3755811,110.5972809
10270,2,0.0000000,0.0000000,216.5008821,113.4753487
10270,3,0.0000000,0.0000000,159.7958201,170.3428374
10270,4,0.0000000,0.0000000,197.8408445,148.5326794
10270,5,0.0000000,0.0000000,194.9057085,188.0477633
10280,0,0.0000000,0.0000000,187.3755811,110.5972809
10280,2,0.0000000,0.0000000,216.5008821,113.4753487
10280,3,0.0000000,0.0000000,159.7958201,170.3428374
10280,4,0.0000000,0.0000000,197.8408445,148.5326794
10280,5,0.0000000,0.0000000,194.9057085,188.0477633
10290,0,0.0000000,0.0000000,187.3755811,110.5972809
10290,2,0.0000000,0.0000000,216.5008821,113.4753487
10290,3,0.0000000,0.0000000,159.7958201,170.3428374
10290,4,0.0000000,0.0000000,197.8408445,148.5326794
10290,5,0.0000000,0.0000000,194.9057085,188.0477633
10300,0,0.0000000,0.0000000,187.3755811,110.5972809
10300,2,0.0000000,0.0000000,216.5008821,113.4753487
10300,3,0.0000000,0.0000000,159.7958201,170.3428374
10300,4,0.0000000,0.0000000,197.8408445,148.5326794
10300,5,0.0000000,0.0000000,194.9057085,188.0477633
10310,0,0.0000000,0.0000000,187.3755811,110.5972809
10310,2,0.0000000,0.0000000,216.5008821,113.4753487
10310,3,0.0000000,0.0000000,159.7958201,170.3428374
10310,4,0.0000000,0.0000000,197.8408445,148.5326794
10310,5,0.0000000,0.0000000,194.9057085,188.0477633
10320,0,0.0000000,0.0000000,187.3755811,110.5972809
10320,2,0.0000000,0.0000000,216.5008821,113.4753487
10320,3,0.0000000,0.0000000,159.7958201,170.3428374
10320,4,0.0000000,0.0000000,197.8408445,148.5326794
10320,5,0.0000000,0.0000000,194.9057085,188.0477633
10330,0,0.0000000,0.0000000,187.3755811,110.5972809
10330,2,0.0000000,0.0000000,216.5008821,113.4753487
10330,3,0.0000000,0.0000000,159.7958201,170.3428374
10330,4,0.0000000,0.0000000,197.8408445,148.5326794
10330,5,0.0000000,0.0000000,194.9057085,188.0477633
10340,0,0.0000000,0.0000000,187.3755811,110.5972809
10340,2,0.0000000,0.0000000,216.5008821,113.4753487
10340,3,0.0000000,0.0000000,159.7958201,170.3428374
10340,4,0.0000000,0.0000000,197.8408445,148.5326794
10340,5,0.0000000,0.0000000,194.9057085,188.0477633
10350,0,0.0000000,0.0000000,187.3755811,110.5972809
10350,2,0.0000000,0.0000000,216.5008821,113.4753487
10350,3,0.0000000,0.0000000,159.7958201,170.3428374
10350,4,0.0000000,0.0000000,197.8408445,148.5326794
10350,5,0.0000000,0.0000000,194.9057085,188.0477633
10360,0,0.0000000,0.0000000,187.3755811,110.5972809
10360,2,0.0000000,0.0000000,216.5008821,113.4753487
10360,3,0.0000000,0.0000000,159.7958201,170.3428374
10360,4,0.0000000,0.0000000,197.8408445,148.5326794
10360,5,0.0000000,0.0000000,194.9057085,188.0477633
10370,0,0.0000000,0.0000000,187.3755811,110.5972809
10370,2,0.0000000,0.0000000,216.5008821,113.4753487
10370,3,0.0000000,0.0000000,159.7958201,170.3428374
10370,4,0.0000000,0.0000000,197.8408445,148.5326794
10370,5,0.0000000,0.0000000,194.9057085,188.0477633
10380,0,0.0000000,0.0000000,187.3755811,110.5972809
10380,2,0.0000000,0.0000000,216.5008821,113.4753487
10380,3,0.0000000,0.0000000,159.7958201,170.3428374
10380,4,0.0000000,0.0000000,197.8408445,148.5326794
10380,5,0.0000000,0.0000000,194.9057085,188.0477633
10390,0,0.0000000,0.0000000,187.3755811,110.5972809
10390,2,0.0000000,0.0000000,216.5008821,113.4753487
10390,3,0.0000000,0.0000000,159.7958201,170.3428374
10390,4,0.0000000,0.0000000,197.8408445,148.5326794
10390,5,0.0000000,0.0000000,194.9057085,188.0477633
10400,0,0.0000000,0.0000000,187.3755811,110.5972809
10400,2,0.0000000,0.0000000,216.5008821,113.4753487
10400,3,0.0000000,0.0000000,159.7958201,170.3428374
10400,4,0.0000000,0.0000000,197.8408445,148.5326794
10400,5,0.0000000,0.0000000,194.9057085,188.0477633
10410,0,0.0000000,0.0000000,187.3755811,110.5972809
10410,2,0.0000000,0.0000000,216.5008821,113.4753487
10410,3,0.0000000,0.0000000,159.7958201,170.3428374
10410,4,0.0000000,0.0000000,197.8408445,148.5326794
10410,5,0.0000000,0.0000000,194.9057085,188.0477633
10420,0,0.0000000,0.0000000,187.3755811,110.5972809
10420,2,0.0000000,0.0000000,216.5008821,113.4753487
10420,3,0.0000000,0.0000000,159.7958201,170.3428374
10420,4,0.0000000,0.0000000,197.8408445,148.5326794
10420,5,0.0000000,0.0000000,194.9057085,188.0477633
10430,0,0.0000000,0.0000000,187.3755811,110.5972809
10430,2,0.0000000,0.0000000,216.5008821,113.4753487
10430,3,0.0000000,0.0000000,159.7958201,170.3428374
10430,4,0.0000000,0.0000000,197.8408445,148.5326794
10430,5,0.0000000,0.0000000,194.9057085,188.0477633
10440,0,0.0000000,0.0000000,187.3755811,110.5972809
10440,2,0.0000000,0.0000000,216.5008821,113.4753487
10440,3,0.0000000,0.0000000,159.7958201,170.3428374
10440,4,0.0000000,0.0000000,197.8408445,148.5326794
10440,5,0.0000000,0.0000000,194.9057085,188.0477633
10450,0,0.0000000,0.0000000,187.3755811,110.5972809
10450,2,0.0000000,0.0000000,216.5008821,113.4753487
10450,3,0.0000000,0.0000000,159.7958201,170.3428374
10450,4,0.0000000,0.0000000,197.8408445,148.5326794
10450,5,0.0000000,0.0000000,194.9057085,188.0477633
10460,0,0.0000000,0.0000000,187.3755811,110.5972809
10460,2,0.0000000,0.0000000,216.5008821,113.4753487
10460,3,0.0000000,0.0000000,159.7958201,170.3428374
10460,4,0.0000000,0.0000000,197.8408445,148.5326794
10460,5,0.0000000,0.0000000,194.9057085,188.0477633
10470,0,0.0000000,0.0000000,187.3755811,110.5972809
10470,2,0.0000000,0.0000000,216.5008821,113.4753487
10470,3,0.0000000,0.0000000,159.7958201,170.3428374
10470,4,0.0000000,0.0000000,197.8408445,148.5326794
10470,5,0.0000000,0.0000000,194.9057085,188.0477633
10480,0,0.0000000,0.0000000,187.3755811,110.5972809
10480,2,0.0000000,0.0000000,216.5008821,113.4753487
10480,3,0.0000000,0.0000000,159.7958201,170.3428374
10480,4,0.0000000,0.0000000,197.8408445,148.5326794
10480,5,0.0000000,0.0000000,194.9057085,188.0477633
10490,0,0.0000000,0.0000000,187.3755811,110.5972809
10490,2,0.0000000,0.0000000,216.5008821,113.4753487
10490,3,0.0000000,0.0000000,159.7958201,170.3428374
10490,4,0.0000000,0.0000000,197.8408445,148.5326794
10490,5,0.0000000,0.0000000,194.9057085,188.0477633
10500,0,0.0000000,0.0000000,187.3755811,110.5972809
10500,2,0.0000000,0.0000000,216.5008821,113.4753487
10500,3,0.0000000,0.0000000,159.7958201,170.3428374
10500,4,0.0000000,0.0000000,197.8408445,148.5326794
10500,5,0.0000000,0.0000000,194.9057085,188.0477633
10510,0,0.0000000,0.0000000,187.3755811,110.5972809
10510,2,0.0000000,0.0000000,216.5008821,113.4753487
10510,3,0.0000000,0.0000000,159.7958201,170.3428374
10510,4,0.0000000,0.0000000,197.8408445,148.5326794
10510,5,0.0000000,0.0000000,194.9057085,188.0477633
10520,0,0.0000000,0.0000000,187.3755811,110.5972809
10520,2,0.0000000,0.0000000,216.5008821,113.4753487
10520,3,0.0000000,0.0000000,159.7958201,170.3428374
10520,4,0.0000000,0.0000000,197.8408445,148.5326794
10520,5,0.0000000,0.0000000,194.9057085,188.0477633
10530,0,0.0000000,0.0000000,187.3755811,110.5972809
10530,2,0.0000000,0.0000000,216.5008821,113.4753487
10530,3,0.0000000,0.0000000,159.7958201,170.3428374
10530,4,0.0000000,0.0000000,197.8408445,148.5326794
10530,5,0.0000000,0.0000000,194.9057085,188.0477633
10540,0,0.0000000,0.0000000,187.3755811,110.5972809
10540,2,0.0000000,0.0000000,216.5008821,113.4753487
10540,3,0.0000000,0.0000000,159.7958201,170.3428374
10540,4,0.0000000,0.0000000,197.8408445,148.5326794
10540,5,0.0000000,0.0000000,194.9057085,188.0477633
10550,0,0.0000000,0.0000000,187.3755811,110.5972809
10550,2,0.0000000,0.0000000,216.5008821,113.4753487
10550,3,0.0000000,0.0000000,159.7958201,170.3428374
10550,4,0.0000000,0.0000000,197.8408445,148.5326794
10550,5,0.0000000,0.0000000,194.9057085,188.0477633
10560,0,0.0000000,0.0000000,187.3755811,110.5972809
10560,2,0.0000000,0.0000000,216.5008821,113.4753487
10560,3,0.0000000,0.0000000,159.7958201,170.3428374
10560,4,0.0000000,0.0000000,197.8408445,148.5326794
10560,5,0.0000000,0.0000000,194.9057085,188.0477633
10570,0,0.0000000,0.0000000,187.3755811,110.5972809
10570,2,0.0000000,0.0000000,216.5008821,113.4753487
10570,3,0.0000000,0.0000000,159.7958201,170.3428374
10570,4,0.0000000,0.0000000,197.8408445,148.5326794
10570,5,0.0000000,0.0000000,194.9057085,188.0477633
10580,0,0.0000000,0.0000000,187.3755811,110.5972809
10580,2,0.0000000,0.0000000,216.5008821,113.4753487
10580,3,0.0000000,0.0000000,159.7958201,170.3428374
10580,4,0.0000000,0.0000000,197.8408445,148.5326794
10580,5,0.0000000,0.0000000,194.9057085,188.0477633
10590,0,0.0000000,0.0000000,187.3755811,110.5972809
10590,2,0.0000000,0.0000000,216.5008821,113.4753487
10590,3,0.0000000,0.0000000,159.7958201,170.3428374
10590,4,0.0000000,0.0000000,197.8408445,148.5326794
10590,5,0.0000000,0.0000000,194.9057085,188.0477633
10600,0,0.0000000,0.0000000,187.3755811,110.5972809
10600,2,0.0000000,0.0000000,216.5008821,113.4753487
10600,3,0.0000000,0.0000000,159.7958201,170.3428374
10600,4,0.0000000,0.0000000,197.8408445,148.5326794
10600,5,0.0000000,0.0000000,194.9057085,188.0477633
10610,0,0.0000000,0.0000000,187.3755811,110.5972809
10610,2,0.0000000,0.0000000,216.5008821,113.4753487
10610,3,0.0000000,0.0000000,159.7958201,170.3428374
10610,4,0.0000000,0.0000000,197.8408445,148.5326794
10610,5,0.0000000,0.0000000,194.9057085,188.0477633
10620,0,0.0000000,0.0000000,187.3755811,110.5972809
10620,2,0.0000000,0.0000000,216.5008821,113.4753487
10620,3,0.0000000,0.0000000,159.7958201,170.3428374
10620,4,0.0000000,0.0000000,197.8408445,148.5326794
10620,5,0.0000000,0.0000000,194.9057085,188.0477633
10630,0,0.0000000,0.0000000,187.3755811,110.5972809
10630,2,0.0000000,0.0000000,216.5008821,113.4753487
10630,3,0.0000000,0.0000000,159.7958201,170.3428374
10630,4,0.0000000,0.0000000,197.8408445,148.5326794
10630,5,0.0000000,0.0000000,194.9057085,188.0477633
10640,0,0.0000000,0.0000000,187.3755811,110.5972809
10640,2,0.0000000,0.0000000,216.5008821,113.4753487
10640,3,0.0000000,0.0000000,159.7958201,170.3428374
10640,4,0.0000000,0.0000000,197.8408445,148.5326794
10640,5,0.0000000,0.0000000,194.9057085,188.0477633
10650,0,0.0000000,0.0000000,187.3755811,110.5972809
10650,2,0.0000000,0.0000000,216.5008821,113.4753487
10650,3,0.0000000,0.0000000,159.7958201,170.3428374
10650,4,0.0000000,0.0000000,197.8408445,148.5326794
10650,5,0.0000000,0.0000000,194.9057085,188.0477633
10660,0,0.0000000,0.0000000,187.3755811,110.5972809
10660,2,0.0000000,0.0000000,216.5008821,113.4753487
10660,3,0.0000000,0.0000000,159.7958201,170.3428374
10660,4,0.0000000,0.0000000,197.8408445,148.5326794
10660,5,0.0000000,0.0000000,194.9057085,188.0477633
10670,0,0.0000000,0.0000000,187.3755811,110.5972809
10670,2,0.0000000,0.0000000,216.5008821,113.4753487
10670,3,0.0000000,0.0000000,159.7958201,170.3428374
10670,4,0.0000000,0.0000000,197.8408445,148.5326794
10670,5,0.0000000,0.0000000,194.9057085,188.0477633
10680,0,0.0000000,0.0000000,187.3755811,110.5972809
10680,2,0.0000000,0.0000000,216.5008821,113.4753487
10680,3,0.0000000,0.0000000,159.7958201,170.3428374
10680,4,0.0000000,0.0000000,197.8408445,148.5326794
10680,5,0.0000000,0.0000000,194.9057085,188.0477633
10690,0,0.0000000,0.0000000,187.3755811,110.5972809
10690,2,0.0000000,0.0000000,216.5008821,113.4753487
10690,3,0.0000000,0.0000000,159.7958201,170.3428374
10690,4,0.0000000,0.0000000,197.8408445,148.5326794
10690,5,0.0000000,0.0000000,194.9057085,188.0477633
10700,0,0.0000000,0.0000000,187.3755811,110.5972809
10700,2,0.0000000,0.0000000,216.5008821,113.4753487
10700,3,0.0000000,0.0000000,159.7958201,170.3428374
10700,4,0.0000000,0.0000000,197.8408445,148.5326794
10700,5,0.0000000,0.0000000,194.9057085,188.0477633
10710,0,0.0000000,0.0000000,187.3755811,110.5972809
10710,2,0.0000000,0.0000000,216.5008821,113.4753487
10710,3,0.0000000,0.0000000,159.7958201,170.3428374
10710,4,0.0000000,0.0000000,197.8408445,148.5326794
10710,5,0.0000000,0.0000000,194.9057085,188.0477633
10720,0,0.0000000,0.0000000,187.3755811,110.5972809
10720,2,0.0000000,0.0000000,216.5008821,113.4753487
10720,3,0.0000000,0.0000000,159.7958201,170.3428374
10720,4,0.0000000,0.0000000,197.8408445,148.5326794
10720,5,0.0000000,0.0000000,194.9057085,188.0477633
10730,0,0.0000000,0.0000000,187.3755811,110.5972809
10730,2,0.0000000,0.0000000,216.5008821,113.4753487
10730,3,0.0000000,0.0000000,159.7958201,170.3428374
10730,4,0.0000000,0.0000000,197.8408445,148.5326794
10730,5,0.0000000,0.0000000,194.9057085,188.0477633
10740,0,0.0000000,0.0000000,187.3755811,110.5972809
10740,2,0.0000000,0.0000000,216.5008821,113.4753487
10740,3,0.0000000,0.0000000,159.7958201,170.3428374
10740,4,0.0000000,0.0000000,197.8408445,148.5326794
10740,5,0.0000000,0.0000000,194.9057085,188.0477633
10750,0,0.0000000,0.0000000,187.3755811,110.5972809
10750,2,0.0000000,0.0000000,216.5008821,113.4753487
10750,3,0.0000000,0.0000000,159.7958201,170.3428374
10750,4,0.0000000,0.0000000,197.8408445,148.5326794
10750,5,0.0000000,0.0000000,194.9057085,188.0477633
10760,0,0.0000000,0.0000000,187.3755811,110.5972809
10760,2,0.0000000,0.0000000,216.5008821,113.4753487
10760,3,0.0000000,0.0000000,159.7958201,170.3428374
10760,4,0.0000000,0.0000000,197.8408445,148.5326794
10760,5,0.0000000,0.0000000,194.9057085,188.0477633
10770,0,0.0000000,0.0000000,187.3755811,110.5972809
10770,2,0.0000000,0.0000000,216.5008821,113.4753487
10770,3,0.0000000,0.0000000,159.7958201,170.3428374
10770,4,0.0000000,0.0000000,197.8408445,148.5326794
10770,5,0.0000000,0.0000000,194.9057085,188.0477633
10780,0,0.0000000,0.0000000,187.3755811,110.5972809
10780,2,0.0000000,0.0000000,216.5008821,113.4753487
10780,3,0.0000000,0.0000000,159.7958201,170.3428374
10780,4,0.0000000,0.0000000,197.8408445,148.5326794
10780,5,0.0000000,0.0000000,194.9057085,188.0477633
10790,0,0.0000000,0.0000000,187.3755811,110.5972809
10790,2,0.0000000,0.0000000,216.5008821,113.4753487
10790,3,0.0000000,0.0000000,159.7958201,170.3428374
10790,4,0.0000000,0.0000000,197.8408445,148.5326794
10790,5,0.0000000,0.0000000,194.9057085,188.0477633
10800,0,0.0000000,0.0000000,187.3755811,110.5972809
10800,2,0.0000000,0.0000000,216.5008821,113.4753487
10800,3,0.0000000,0.0000000,159.7958201,170.3428374
10800,4,0.0000000,0.0000000,197.8408445,148.5326794
10800,5,0.0000000,0.0000000,194.9057085,188.0477633
10810,0,0.0000000,0.0000000,187.3755811,110.5972809
10810,2,0.0000000,0.0000000,216.5008821,113.4753487
10810,3,0.0000000,0.0000000,159.7958201,170.3428374
10810,4,0.0000000,0.0000000,197.8408445,148.5326794
10810,5,0.0000000,0.0000000,194.9057085,188.0477633
10820,0,0.0000000,0.0000000,187.3755811,110.5972809
10820,2,0.0000000,0.0000000,216.5008821,113.4753487
10820,3,0.0000000,0.0000000,159.7958201,170.3428374
10820,4,0.0000000,0.0000000,197.8408445,148.5326794
10820,5,0.0000000,0.0000000,194.9057085,188.0477633
10830,0,0.0000000,0.0000000,187.3755811,110.5972809
10830,2,0.0000000,0.0000000,216.5008821,113.4753487
10830,3,0.0000000,0.0000000,159.7958201,170.3428374
10830,4,0.0000000,0.0000000,197.8408445,148.5326794
10830,5,0.0000000,0.0000000,194.9057085,188.0477633
10840,0,0.0000000,0.0000000,187.3755811,110.5972809
10840,2,0.0000000,0.0000000,216.5008821,113.4753487
10840,3,0.0000000,0.0000000,159.7958201,170.3428374
10840,4,0.0000000,0.0000000,197.8408445,148.5326794
10840,5,0.0000000,0.0000000,194.9057085,188.0477633
10850,0,0.0000000,0.0000000,187.3755811,110.5972809
10850,2,0.0000000,0.0000000,216.5008821,113.4753487
10850,3,0.0000000,0.0000000,159.7958201,170.3428374
10850,4,0.0000000,0.0000000,197.8408445,148.5326794
10850,5,0.0000000,0.0000000,194.9057085,188.0477633
10860,0,0.0000000,0.0000000,187.3755811,110.5972809
10860,2,0.0000000,0.0000000,216.5008821,113.4753487
10860,3,0.0000000,0.0000000,159.7958201,170.3428374
10860,4,0.0000000,0.0000000,197.8408445,148.5326794
10860,5,0.0000000,0.0000000,194.9057085,188.0477633
10870,0,0.0000000,0.0000000,187.3755811,110.5972809
10870,2,0.0000000,0.0000000,216.5008821,113.4753487
10870,3,0.0000000,0.0000000,159.7958201,170.3428374
10870,4,0.0000000,0.0000000,197.8408445,148.5326794
10870,5,0.0000000,0.0000000,194.9057085,188.0477633
10880,0,0.0000000,0.0000000,187.3755811,110.5972809
10880,2,0.0000000,0.0000000,216.5008821,113.4753487
10880,3,0.0000000,0.0000000,159.7958201,170.3428374
10880,4,0.0000000,0.0000000,197.8408445,148.5326794
10880,5,0.0000000,0.0000000,194.9057085,188.0477633
10890,0,0.0000000,0.0000000,187.3755811,110.5972809
10890,2,0.0000000,0.0000000,216.5008821,113.4753487
10890,3,0.0000000,0.0000000,159.7958201,170.3428374
10890,4,0.0000000,0.0000000,197.8408445,148.5326794
10890,5,0.0000000,0.0000000,194.9057085,188.0477633
10900,0,0.0000000,0.0000000,187.3755811,110.5972809
10900,2,0.0000000,0.0000000,216.5008821,113.4753487
10900,3,0.0000000,0.0000000,159.7958201,170.3428374
10900,4,0.0000000,0.0000000,197.8408445,148.5326794
10900,5,0.0000000,0.0000000,194.9057085,188.0477633
10910,0,0.0000000,0.0000000,187.3755811,110.5972809
10910,2,0.0000000,0.0000000,216.5008821,113.4753487
10910,3,0.0000000,0.0000000,159.7958201,170.3428374
10910,4,0.0000000,0.0000000,197.8408445,148.5326794
10910,5,0.0000000,0.0000000,194.9057085,188.0477633
10920,0,0.0000000,0.0000000,187.3755811,110.5972809
10920,2,0.0000000,0.0000000,216.5008821,113.4753487
10920,3,0.0000000,0.0000000,159.7958201,170.3428374
10920,4,0.0000000,0.0000000,197.8408445,148.5326794
10920,5,0.0000000,0.0000000,194.9057085,188.0477633
10930,0,0.0000000,0.0000000,187.3755811,110.5972809
10930,2,0.0000000,0.0000000,216.5008821,113.4753487
10930,3,0.0000000,0.0000000,159.7958201,170.3428374
10930,4,0.0000000,0.0000000,197.8408445,148.5326794
10930,5,0.0000000,0.0000000,194.9057085,188.0477633
10940,0,0.0000000,0.0000000,187.3755811,110.5972809
10940,2,0.0000000,0.0000000,216.5008821,113.4753487
10940,3,0.0000000,0.0000000,159.7958201,170.3428374
10940,4,0.0000000,0.0000000,197.8408445,148.5326794
10940,5,0.0000000,0.0000000,194.9057085,188.0477633
10950,0,0.0000000,0.0000000,187.3755811,110.5972809
10950,2,0.0000000,0.0000000,216.5008821,113.4753487
10950,3,0.0000000,0.0000000,159.7958201,170.3428374
10950,4,0.0000000,0.0000000,197.8408445,148.5326794
10950,5,0.0000000,0.0000000,194.9057085,188.0477633
10960,0,0.0000000,0.0000000,187.3755811,110.5972809
10960,2,0.0000000,0.0000000,216.5008821,113.4753487
10960,3,0.0000000,0.0000000,159.7958201,170.3428374
10960,4,0.0000000,0.0000000,197.8408445,148.5326794
10960,5,0.0000000,0.0000000,194.9057085,188.0477633
10970,0,0.0000000,0.0000000,187.3755811,110.5972809
10970,2,0.0000000,0.0000000,216.5008821,113.4753487
10970,3,0.0000000,0.0000000,159.7958201,170.3428374
10970,4,0.0000000,0.0000000,197.8408445,148.5326794
10970,5,0.0000000,0.0000000,194.9057085,188.0477633
10980,0,0.0000000,0.0000000,187.3755811,110.5972809
10980,2,0.0000000,0.0000000,216.5008821,113.4753487
10980,3,0.0000000,0.0000000,159.7958201,170.3428374
10980,4,0.0000000,0.0000000,197.8408445,148.5326794
10980,5,0.0000000,0.0000000,194.9057085,188.0477633
10990,0,0.0000000,0.0000000,187.3755811,110.5972809
10990,2,0.0000000,0.0000000,216.5008821,113.4753487
10990,3,0.0000000,0.0000000,159.7958201,170.3428374
10990,4,0.0000000,0.0000000,197.8408445,148.5326794
10990,5,0.0000000,0.0000000,194.9057085,188.0477633
11000,0,0.0000000,0.0000000,187.3755811,110.5972809
11000,2,0.0000000,0.0000000,216.5008821,113.4753487
11000,3,0.0000000,0.0000000,159.7958201,170.3428374
11000,4,0.0000000,0.0000000,197.8408445,148.5326794
11000,5,0.0000000,0.0000000,194.9057085,188.0477633
11010,0,0.0000000,0.0000000,187.3755811,110.5972809
11010,2,0.0000000,0.0000000,216.5008821,113.4753487
11010,3,0.0000000,0.0000000,159.7958201,170.3428374
11010,4,0.0000000,0.0000000,197.8408445,148.5326794
11010,5,0.0000000,0.0000000,194.9057085,188.0477633
11020,0,0.0000000,0.0000000,187.3755811,110.5972809
11020,2,0.0000000,0.0000000,216.5008821,113.4753487
11020,3,0.0000000,0.0000000,159.7958201,170.3428374
11020,4,0.0000000,0.0000000,197.8408445,148.5326794
11020,5,0.0000000,0.0000000,194.9057085,188.0477633
11030,0,0.0000000,0.0000000,187.3755811,110.5972809
11030,2,0.0000000,0.0000000,216.5008821,113.4753487
11030,3,0.0000000,0.0000000,159.7958201,170.3428374
11030,4,0.0000000,0.0000000,197.8408445,148.5326794
11030,5,0.0000000,0.0000000,194.9057085,188.0477633
11040,0,0.0000000,0.0000000,187.3755811,110.5972809
11040,2,0.0000000,0.0000000,216.5008821,113.4753487
11040,3,0.0000000,0.0000000,159.7958201,170.3428374
11040,4,0.0000000,0.0000000,197.8408445,148.5326794
11040,5,0.0000000,0.0000000,194.9057085,188.0477633
11050,0,0.0000000,0.0000000,187.3755811,110.5972809
11050,2,0.0000000,0.0000000,216.5008821,113.4753487
11050,3,0.0000000,0.0000000,159.7958201,170.3428374
11050,4,0.0000000,0.0000000,197.8408445,148.5326794
11050,5,0.0000000,0.0000000,194.9057085,188.0477633
11060,0,0.0000000,0.0000000,187.3755811,110.5972809
11060,2,0.0000000,0.0000000,216.5008821,113.4753487
11060,3,0.0000000,0.0000000,159.7958201,170.3428374
11060,4,0.0000000,0.0000000,197.8408445,148.5326794
11060,5,0.0000000,0.0000000,194.9057085,188.0477633
11070,0,0.0000000,0.0000000,187.3755811,110.5972809
11070,2,0.0000000,0.0000000,216.5008821,113.4753487
11070,3,0.0000000,0.0000000,159.7958201,170.3428374
11070,4,0.0000000,0.0000000,197.8408445,148.5326794
11070,5,0.0000000,0.0000000,194.9057085,188.0477633
11080,0,0.0000000,0.0000000,187.3755811,110.5972809
11080,2,0.0000000,0.0000000,216.5008821,113.4753487
11080,3,0.0000000,0.0000000,159.7958201,170.3428374
11080,4,0.0000000,0.0000000,197.8408445,148.5326794
11080,5,0.0000000,0.0000000,194.9057085,188.0477633
11090,0,0.0000000,0.0000000,187.3755811,110.5972809
11090,2,0.0000000,0.0000000,216.5008821,113.4753487
11090,3,0.0000000,0.0000000,159.7958201,170.3428374
11090,4,0.0000000,0.0000000,197.8408445,148.5326794
11090,5,0.0000000,0.0000000,194.9057085,188.0477633
11100,0,0.0000000,0.0000000,187.3755811,110.5972809
11100,2,0.0000000,0.0000000,216.5008821,113.4753487
11100,3,0.0000000,0.0000000,159.7958201,170.3428374
11100,4,0.0000000,0.0000000,197.8408445,148.5326794
11100,5,0.0000000,0.0000000,194.9057085,188.0477633
11110,0,0.0000000,0.0000000,187.3755811,110.5972809
11110,2,0.0000000,0.0000000,216.5008821,113.4753487
11110,3,0.0000000,0.0000000,159.7958201,170.3428374
11110,4,0.0000000,0.0000000,197.8408445,148.5326794
11110,5,0.0000000,0.0000000,194.9057085,188.0477633
11120,0,0.0000000,0.0000000,187.3755811,110.5972809
11120,2,0.0000000,0.0000000,216.5008821,113.4753487
11120,3,0.0000000,0.0000000,159.7958201,170.3428374
11120,4,0.0000000,0.0000000,197.8408445,148.5326794
11120,5,0.0000000,0.0000000,194.9057085,188.0477633
11130,0,0.0000000,0.0000000,187.3755811,110.5972809
11130,2,0.0000000,0.0000000,216.5008821,113.4753487
11130,3,0.0000000,0.0000000,159.7958201,170.3428374
11130,4,0.0000000,0.0000000,197.8408445,148.5326794
11130,5,0.0000000,0.0000000,194.9057085,188.0477633
11140,0,0.0000000,0.0000000,187.3755811,110.5972809
11140,2,0.0000000,0.0000000,216.5008821,113.4753487
11140,3,0.0000000,0.0000000,159.7958201,170.3428374
11140,4,0.0000000,0.0000000,197.8408445,148.5326794
11140,5,0.0000000,0.0000000,194.9057085,188.0477633
11150,0,0.0000000,0.0000000,187.3755811,110.5972809
11150,2,0.0000000,0.0000000,216.5008821,113.4753487
11150,3,0.0000000,0.0000000,159.7958201,170.3428374
11150,4,0.0000000,0.0000000,197.8408445,148.5326794
11150,5,0.0000000,0.0000000,194.9057085,188.0477633
11160,0,0.0000000,0.0000000,187.3755811,110.5972809
11160,2,0.0000000,0.0000000,216.5008821,113.4753487
11160,3,0.0000000,0.0000000,159.7958201,170.3428374
11160,4,0.0000000,0.0000000,197.8408445,148.5326794
11160,5,0.0000000,0.0000000,194.9057085,188.0477633
11170,0,0.0000000,0.0000000,187.3755811,110.5972809
11170,2,0.0000000,0.0000000,216.5008821,113.4753487
11170,3,0.0000000,0.0000000,159.7958201,170.3428374
11170,4,0.0000000,0.0000000,197.8408445,148.5326794
11170,5,0.0000000,0.0000000,194.9057085,188.0477633
11180,0,0.0000000,0.0000000,187.3755811,110.5972809
11180,2,0.0000000,0.0000000,216.5008821,113.4753487
11180,3,0.0000000,0.0000000,159.7958201,170.3428374
11180,4,0.0000000,0.0000000,197.8408445,148.5326794
11180,5,0.0000000,0.0000000,194.9057085,188.0477633
11190,0,0.0000000,0.0000000,187.2870385,111.4527669
11190,2,0.0000000,0.0000000,216.5243164,113.1000097
11190,3,0.0000000,0.0000000,160.8156501,165.7395314
11190,4,0.0000000,0.0000000,201.8261945,150.6048382
11190,5,0.0000000,0.0000000,192.5419957,189.1361299
11200,0,0.0000000,0.0000000,187.6538455,109.2154515
11200,2,0.0000000,0.0000000,215.8747950,116.9160101
11200,3,0.0000000,0.0000000,178.1068625,147.6120807
11200,4,0.0000000,0.0000000,213.6142314,172.0757494
11200,5,0.0000000,0.0000000,177.0622885,187.2653645
11210,0,0.0000000,0.0000000,188.3529212,107.2737109
11210,2,0.0000000,0.0000000,214.9696918,119.3763667
11210,3,0.0000000,0.0000000,185.8961063,146.1443299
11210,4,0.0000000,0.0000000,212.5462499,179.4931209
11210,5,0.0000000,0.0000000,172.9678422,183.5456087
11220,0,0.0000000,0.0000000,188.2612783,107.3986279
11220,2,0.0000000,0.0000000,215.2072201,118.7535812
11220,3,0.0000000,0.0000000,186.8158332,146.1302198
11220,4,0.0000000,0.0000000,212.3949197,179.9385907
11220,5,0.0000000,0.0000000,172.3823460,182.8156424
11230,0,0.0000000,0.0000000,187.0449643,110.8944536
11230,2,0.0000000,0.0000000,216.3144546,112.7684931
11230,3,0.0000000,0.0000000,199.0304344,148.4899516
11230,4,0.0000000,0.0000000,205.2239959,190.1294440
11230,5,0.0000000,0.0000000,168.4749965,173.8142189
11240,0,0.0000000,0.0000000,186.9949317,111.4811377
11240,2,0.0000000,0.0000000,216.3210024,112.5566944
11240,3,0.0000000,0.0000000,200.1554596,149.0405792
11240,4,0.0000000,0.0000000,204.2941132,190.8694249
11240,5,0.0000000,0.0000000,168.2625447,172.2957794
11250,0,0.0000000,0.0000000,186.9934390,111.5104681
11250,2,0.0000000,0.0000000,216.3211739,112.5501299
11250,3,0.0000000,0.0000000,200.2158629,149.0724203
11250,4,0.0000000,0.0000000,204.3812187,190.8009462
11250,5,0.0000000,0.0000000,168.1960230,171.7411840
11260,0,0.0000000,0.0000000,186.9905080,111.5734239
11260,2,0.0000000,0.0000000,216.3214892,112.5381591
11260,3,0.0000000,0.0000000,200.3436614,149.1420692
11260,4,0.0000000,0.0000000,204.3673378,190.8059504
11260,5,0.0000000,0.0000000,168.1163712,171.1000026
11270,0,0.0000000,0.0000000,186.9875525,111.6503415
11270,2,0.0000000,0.0000000,216.3217907,112.5263446
11270,3,0.0000000,0.0000000,200.4974872,149.2287200
11270,4,0.0000000,0.0000000,204.2559295,190.8372904
11270,5,0.0000000,0.0000000,168.0272175,170.3904232
11280,0,0.0000000,0.0000000,186.9863593,111.7002900
11280,2,0.0000000,0.0000000,216.3218718,112.5221700
11280,3,0.0000000,0.0000000,200.5943927,149.2875240
11280,4,0.0000000,0.0000000,203.3955647,190.6584752
11280,5,0.0000000,0.0000000,167.4889676,169.2309225
11290,0,0.0000000,0.0000000,186.9861186,111.7283628
11290,2,0.0000000,0.0000000,216.3217716,112.5241236
11290,3,0.0000000,0.0000000,200.7173621,149.3657109
11290,4,0.0000000,0.0000000,202.3499173,190.4994886
11290,5,0.0000000,0.0000000,166.8716914,167.9181781
11300,0,0.0000000,0.0000000,186.9866208,111.7248692
11300,2,0.0000000,0.0000000,216.3215146,112.5308840
11300,3,0.0000000,0.0000000,200.8720877,149.4687358
11300,4,0.0000000,0.0000000,201.2056333,190.3367225
11300,5,0.0000000,0.0000000,166.2833026,166.5074676
11310,0,0.0000000,0.0000000,186.9865969,111.7269027
11310,2,0.0000000,0.0000000,216.3215889,112.5269611
11310,3,0.0000000,0.0000000,200.9519525,149.5262610
11310,4,0.0000000,0.0000000,200.1256748,190.1114391
11310,5,0.0000000,0.0000000,165.7309679,165.1309332
11320,0,0.0000000,0.0000000,186.9864758,111.7314108
11320,2,0.0000000,0.0000000,216.3218132,112.5182622
11320,3,0.0000000,0.0000000,200.9526679,149.5285730
11320,4,0.0000000,0.0000000,199.0941933,189.7872661
11320,5,0.0000000,0.0000000,165.1991794,163.7777750
11330,0,0.0000000,0.0000000,186.9879641,111.8118431
11330,2,0.0000000,0.0000000,216.3200398,112.2463223
11330,3,0.0000000,0.0000000,201.0653961,149.1963215
11330,4,0.0000000,0.0000000,198.2566052,189.1764472
11330,5,0.0000000,0.0000000,164.8516937,162.3724341
11340,0,0.0000000,0.0000000,186.9903052,111.8516664
11340,2,0.0000000,0.0000000,216.3075991,111.8376077
11340,3,0.0000000,0.0000000,201.5185578,148.8992698
11340,4,0.0000000,0.0000000,197.1201350,188.7060554
11340,5,0.0000000,0.0000000,164.6356887,160.6503326
11350,0,0.0000000,0.0000000,186.9941093,111.8717066
11350,2,0.0000000,0.0000000,216.2863788,111.4881956
11350,3,0.0000000,0.0000000,201.8690459,148.6225818
11350,4,0.0000000,0.0000000,196.1773438,188.1566212
11350,5,0.0000000,0.0000000,164.5253409,159.1088389
11360,0,0.0000000,0.0000000,186.9979993,111.8927195
11360,2,0.0000000,0.0000000,216.2584010,111.1471266
11360,3,0.0000000,0.0000000,202.2043635,148.3481219
11360,4,0.0000000,0.0000000,195.2213932,187.6312949
11360,5,0.0000000,0.0000000,164.4190527,157.5826522
11370,0,0.0000000,0.0000000,187.0030101,111.9020617
11370,2,0.0000000,0.0000000,216.2196661,110.7757563
11370,3,0.0000000,0.0000000,202.5309531,148.0256467
11370,4,0.0000000,0.0000000,194.3163400,186.9637438
11370,5,0.0000000,0.0000000,164.3708956,156.0647575
11380,0,0.0000000,0.0000000,187.0088881,111.9220764
11380,2,0.0000000,0.0000000,216.1861855,110.4958563
11380,3,0.0000000,0.0000000,202.7927287,147.7897076
11380,4,0.0000000,0.0000000,193.4599287,186.4381756
11380,5,0.0000000,0.0000000,164.3403242,154.6761696
11390,0,0.0000000,0.0000000,186.9709851,111.9405157
11390,2,0.0000000,0.0000000,216.1214075,110.0675049
11390,3,0.0000000,0.0000000,203.1503014,147.4110035
11390,4,0.0000000,0.0000000,192.5584956,185.6454438
11390,5,0.0000000,0.0000000,164.3532842,153.1310297
11400,0,0.0000000,0.0000000,186.9521439,111.9981152
11400,2,0.0000000,0.0000000,216.0418449,109.6928707
11400,3,0.0000000,0.0000000,203.5245062,147.1180226
11400,4,0.0000000,0.0000000,191.6803423,185.0312974
11400,5,0.0000000,0.0000000,164.4291715,151.6884065
11410,0,0.0000000,0.0000000,186.9035766,112.0392325
11410,2,0.0000000,0.0000000,215.9482061,109.2936462
11410,3,0.0000000,0.0000000,203.8715955,146.7766071
11410,4,0.0000000,0.0000000,190.8872143,184.2889071
11410,5,0.0000000,0.0000000,164.5358534,150.2835223
11420,0,0.0000000,0.0000000,186.8430281,112.0737105
11420,2,0.0000000,0.0000000,215.8353633,108.8938790
11420,3,0.0000000,0.0000000,204.1839656,146.4150363
11420,4,0.0000000,0.0000000,190.0464496,183.4814730
11420,5,0.0000000,0.0000000,164.5993300,148.8398110
11430,0,0.0000000,0.0000000,186.8224476,111.9160850
11430,2,0.0000000,0.0000000,215.8274472,108.8550532
11430,3,0.0000000,0.0000000,204.0253533,146.2404001
11430,4,0.0000000,0.0000000,189.5805407,182.8676828
11430,5,0.0000000,0.0000000,164.5601644,147.9529087
11440,0,0.0000000,0.0000000,186.6761497,111.2487659
11440,2,0.0000000,0.0000000,215.7501945,108.5547095
11440,3,0.0000000,0.0000000,203.9433042,145.5437375
11440,4,0.0000000,0.0000000,189.3672314,182.0799459
11440,5,0.0000000,0.0000000,164.2937517,147.1547343
11450,0,0.0000000,0.0000000,186.6462301,110.7031028
11450,2,0.0000000,0.0000000,215.7206784,108.4476806
11450,3,0.0000000,0.0000000,203.7528827,145.0800504
11450,4,0.0000000,0.0000000,189.0885752,181.4232604
11450,5,0.0000000,0.0000000,164.0722483,146.4181490
11460,0,0.0000000,0.0000000,186.6185647,110.1213112
11460,2,0.0000000,0.0000000,215.6767593,108.2863219
11460,3,0.0000000,0.0000000,203.6153141,144.5345337
11460,4,0.0000000,0.0000000,188.8139651,180.6760036
11460,5,0.0000000,0.0000000,163.8465771,145.6325890
11470,0,0.0000000,0.0000000,186.5978098,109.5583465
11470,2,0.0000000,0.0000000,215.6503186,108.1930417
11470,3,0.0000000,0.0000000,203.4068388,144.0477083
11470,4,0.0000000,0.0000000,188.4803183,179.9594131
11470,5,0.0000000,0.0000000,163.5795258,144.8392103
11480,0,0.0000000,0.0000000,186.5855335,108.9981256
11480,2,0.0000000,0.0000000,215.6241544,108.1019717
11480,3,0.0000000,0.0000000,203.2176139,143.5577569
11480,4,0.0000000,0.0000000,188.1554324,179.2420719
11480,5,0.0000000,0.0000000,163.3337088,144.0488047
11490,0,0.0000000,0.0000000,186.5791743,108.4399795
11490,2,0.0000000,0.0000000,215.6015056,108.0251327
11490,3,0.0000000,0.0000000,203.0205111,143.0712947
11490,4,0.0000000,0.0000000,187.8169360,178.5161621
11490,5,0.0000000,0.0000000,163.0824414,143.2484637
11500,0,0.0000000,0.0000000,186.5779875,107.8876419
11500,2,0.0000000,0.0000000,215.5838367,107.9671150
11500,3,0.0000000,0.0000000,202.8114497,142.5967451
11500,4,0.0000000,0.0000000,187.4640359,177.7974941
11500,5,0.0000000,0.0000000,162.8273415,142.4454044
11510,0,0.0000000,0.0000000,186.5804927,107.3438962
11510,2,0.0000000,0.0000000,215.5682130,107.9172686
11510,3,0.0000000,0.0000000,202.6188956,142.1351248
11510,4,0.0000000,0.0000000,187.0941858,177.0765615
11510,5,0.0000000,0.0000000,162.5752152,141.6417680
11520,0,0.0000000,0.0000000,186.5851690,106.8054828
11520,2,0.0000000,0.0000000,215.5580493,107.8861057
11520,3,0.0000000,0.0000000,202.4016612,141.6858230
11520,4,0.0000000,0.0000000,186.6775169,176.3305401
11520,5,0.0000000,0.0000000,162.2844461,140.8134663
11530,0,0.0000000,0.0000000,186.5946053,106.2771440
11530,2,0.0000000,0.0000000,215.5428219,107.8386663
11530,3,0.0000000,0.0000000,202.2466947,141.2348437
11530,4,0.0000000,0.0000000,186.1423794,175.5892727
11530,5,0.0000000,0.0000000,161.9240546,139.9610168
11540,0,0.0000000,0.0000000,186.6059292,105.7459377
11540,2,0.0000000,0.0000000,215.5172562,107.7595630
11540,3,0.0000000,0.0000000,202.1573162,140.7501467
11540,4,0.0000000,0.0000000,185.5697691,174.7560361
11540,5,0.0000000,0.0000000,161.5400760,139.0721205
11550,0,0.0000000,0.0000000,186.6178858,105.2229093
11550,2,0.0000000,0.0000000,215.5021475,107.7143476
11550,3,0.0000000,0.0000000,201.9993749,140.2888660
11550,4,0.0000000,0.0000000,185.0065334,173.9205746
11550,5,0.0000000,0.0000000,161.1562198,138.1832475
11560,0,0.0000000,0.0000000,186.6310903,104.7143268
11560,2,0.0000000,0.0000000,215.4918785,107.6844051
11560,3,0.0000000,0.0000000,201.8235243,139.8505869
11560,4,0.0000000,0.0000000,184.4205799,173.1239543
11560,5,0.0000000,0.0000000,160.7688998,137.3095443
11570,0,0.0000000,0.0000000,186.6463087,104.2111827
11570,2,0.0000000,0.0000000,215.4746485,107.6338932
11570,3,0.0000000,0.0000000,201.7042684,139.3998824
11570,4,0.0000000,0.0000000,183.8147859,172.2969576
11570,5,0.0000000,0.0000000,160.3828959,136.4312319
11580,0,0.0000000,0.0000000,186.6626460,103.7115732
11580,2,0.0000000,0.0000000,215.4570567,107.5832315
11580,3,0.0000000,0.0000000,201.5876435,138.9475162
11580,4,0.0000000,0.0000000,183.2101953,171.4311043
11580,5,0.0000000,0.0000000,159.9994333,135.5426849
11590,0,0.0000000,0.0000000,186.6794416,103.2225888
11590,2,0.0000000,0.0000000,215.4438650,107.5459441
11590,3,0.0000000,0.0000000,201.4437982,138.5126047
11590,4,0.0000000,0.0000000,182.5971246,170.5726869
11590,5,0.0000000,0.0000000,159.6151349,134.6584258
11600,0,0.0000000,0.0000000,186.6971462,102.7451208
11600,2,0.0000000,0.0000000,215.4285747,107.5031562
11600,3,0.0000000,0.0000000,201.3217304,138.0824215
11600,4,0.0000000,0.0000000,181.9663139,169.7110458
11600,5,0.0000000,0.0000000,159.2299530,133.7788847
11610,0,0.0000000,0.0000000,186.7157185,102.2730686
11610,2,0.0000000,0.0000000,215.4094025,107.4503193
11610,3,0.0000000,0.0000000,201.2301459,137.6472626
11610,4,0.0000000,0.0000000,181.3320429,168.8057494
11610,5,0.0000000,0.0000000,158.8470446,132.8897679
11620,0,0.0000000,0.0000000,186.7341347,101.8098929
11620,2,0.0000000,0.0000000,215.3917056,107.4023540
11620,3,0.0000000,0.0000000,201.1288688,137.2232966
11620,4,0.0000000,0.0000000,180.6934584,167.8845236
11620,5,0.0000000,0.0000000,158.4648897,131.9977155
11630,0,0.0000000,0.0000000,186.7524028,101.3566281
11630,2,0.0000000,0.0000000,215.3730826,107.3526525
11630,3,0.0000000,0.0000000,201.0370659,136.8067907
11630,4,0.0000000,0.0000000,180.0486053,166.9416818
11630,5,0.0000000,0.0000000,158.0834477,131.1027935
11640,0,0.0000000,0.0000000,186.7702297,100.9138088
11640,2,0.0000000,0.0000000,215.3525310,107.2987029
11640,3,0.0000000,0.0000000,200.9627599,136.3965515
11640,4,0.0000000,0.0000000,179.3996655,165.9703412
11640,5,0.0000000,0.0000000,157.7029340,130.2038575
11650,0,0.0000000,0.0000000,186.7871441,100.4822422
11650,2,0.0000000,0.0000000,215.3298417,107.2402063
11650,3,0.0000000,0.0000000,200.9080815,135.9936776
11650,4,0.0000000,0.0000000,178.7495227,164.9655380
11650,5,0.0000000,0.0000000,157.3235092,129.2999919
11660,0,0.0000000,0.0000000,186.8026134,100.0633493
11660,2,0.0000000,0.0000000,215.3047025,107.1766557
11660,3,0.0000000,0.0000000,200.8765691,135.5996168
11660,4,0.0000000,0.0000000,178.1014830,163.9222530
11660,5,0.0000000,0.0000000,156.9452155,128.3908486
11670,0,0.0000000,0.0000000,186.8161526,99.6562603
11670,2,0.0000000,0.0000000,215.2765687,107.1070712
11670,3,0.0000000,0.0000000,200.8761711,135.2166235
11670,4,0.0000000,0.0000000,177.4610398,162.8167183
11670,5,0.0000000,0.0000000,156.5696621,127.4684588
11680,0,0.0000000,0.0000000,186.8269189,99.2697829
11680,2,0.0000000,0.0000000,215.2459141,107.0329829
11680,3,0.0000000,0.0000000,200.9039166,134.8495360
11680,4,0.0000000,0.0000000,176.8294477,161.6759753
11680,5,0.0000000,0.0000000,156.1937558,126.5478011
11690,0,0.0000000,0.0000000,186.8343329,98.9094909
11690,2,0.0000000,0.0000000,215.2064869,106.9372401
11690,3,0.0000000,0.0000000,200.9804403,134.4961851
11690,4,0.0000000,0.0000000,176.2221671,160.4893532
11690,5,0.0000000,0.0000000,155.8163393,125.6345680
11700,0,0.0000000,0.0000000,177.6785730,96.0850736
11700,2,0.0000000,0.0000000,216.6819521,103.9258754
11700,3,0.0000000,0.0000000,218.1409839,140.7269025
11700,4,0.0000000,0.0000000,180.9456672,131.9604051
11700,5,0.0000000,0.0000000,152.6495858,125.2865408
11710,0,0.0000000,0.0000000,177.6723310,95.7477657
11710,2,0.0000000,0.0000000,216.7070316,103.3708558
11710,3,0.0000000,0.0000000,218.3832757,140.0423261
11710,4,0.0000000,0.0000000,181.0850724,131.4169936
11710,5,0.0000000,0.0000000,152.7149127,124.6515010
11720,0,0.0000000,0.0000000,177.6542411,95.4292002
11720,2,0.0000000,0.0000000,216.7266651,102.8110522
11720,3,0.0000000,0.0000000,218.6267603,139.3449246
11720,4,0.0000000,0.0000000,181.2252749,130.8775957
11720,5,0.0000000,0.0000000,152.7682023,124.0172448
11730,0,0.0000000,0.0000000,177.6255300,95.1320187
11730,2,0.0000000,0.0000000,216.7409930,102.2476567
11730,3,0.0000000,0.0000000,218.8710269,138.6330740
11730,4,0.0000000,0.0000000,181.3660511,130.3443988
11730,5,0.0000000,0.0000000,152.8093013,123.3848442
11740,0,0.0000000,0.0000000,177.5877381,94.8576460
11740,2,0.0000000,0.0000000,216.7504179,101.6824961
11740,3,0.0000000,0.0000000,219.1151093,137.9056744
11740,4,0.0000000,0.0000000,181.5071021,129.8197330
11740,5,0.0000000,0.0000000,152.8381898,122.7547886
11750,0,0.0000000,0.0000000,177.5424950,94.6058748
11750,2,0.0000000,0.0000000,216.7556368,101.1180163
11750,3,0.0000000,0.0000000,219.3573756,137.1624961
11750,4,0.0000000,0.0000000,181.6480768,129.3058013
11750,5,0.0000000,0.0000000,152.8549807,122.1270970
11760,0,0.0000000,0.0000000,177.4912456,94.3748343
11760,2,0.0000000,0.0000000,216.7576300,100.5570736
11760,3,0.0000000,0.0000000,219.5955024,136.4044823
11760,4,0.0000000,0.0000000,181.7886265,128.8043224
11760,5,0.0000000,0.0000000,152.8599276,121.5015965
11770,0,0.0000000,0.0000000,177.4350766,94.1615054
11770,2,0.0000000,0.0000000,216.7575777,100.0025768
11770,3,0.0000000,0.0000000,219.8266003,135.6338901
11770,4,0.0000000,0.0000000,181.9284624,128.3162632
11770,5,0.0000000,0.0000000,152.8534392,120.8782392
11780,0,0.0000000,0.0000000,177.3747584,93.9626252
11780,2,0.0000000,0.0000000,216.7567088,99.4571261
11780,3,0.0000000,0.0000000,220.0474952,134.8542268
11780,4,0.0000000,0.0000000,182.0674334,127.8416284
11780,5,0.0000000,0.0000000,152.8360488,120.2563244
11790,0,0.0000000,0.0000000,177.3122748,93.7802372
11790,2,0.0000000,0.0000000,216.7560503,98.9255767
11790,3,0.0000000,0.0000000,220.2545990,134.0721786
11790,4,0.0000000,0.0000000,182.2102193,127.3663370
11790,5,0.0000000,0.0000000,152.8030008,119.5610880
11800,0,0.0000000,0.0000000,177.2471315,93.6096121
11800,2,0.0000000,0.0000000,216.7561049,98.4116401
11800,3,0.0000000,0.0000000,220.4461374,133.2900114
11800,4,0.0000000,0.0000000,182.3526997,126.9058810
11800,5,0.0000000,0.0000000,152.7534603,118.8497266
11810,0,0.0000000,0.0000000,177.1774240,93.4428552
11810,2,0.0000000,0.0000000,216.7446623,97.9101270
11810,3,0.0000000,0.0000000,220.6206798,132.5072246
11810,4,0.0000000,0.0000000,182.4936010,126.4630617
11810,5,0.0000000,0.0000000,152.6868398,118.1212514
11820,0,0.0000000,0.0000000,177.0895388,93.2473954
11820,2,0.0000000,0.0000000,216.6536277,97.3797126
11820,3,0.0000000,0.0000000,220.7826867,131.6914308
11820,4,0.0000000,0.0000000,182.6279795,126.0489292
11820,5,0.0000000,0.0000000,152.6024012,117.3721309
11830,0,0.0000000,0.0000000,177.0920202,93.2524045
11830,2,0.0000000,0.0000000,216.6146729,97.4318714
11830,3,0.0000000,0.0000000,220.8070718,131.5475130
11830,4,0.0000000,0.0000000,182.6622231,125.9481021
11830,5,0.0000000,0.0000000,152.4952498,116.5619027
11840,0,0.0000000,0.0000000,177.1205430,93.3099743
11840,2,0.0000000,0.0000000,216.5858963,97.6607823
11840,3,0.0000000,0.0000000,220.8023715,131.6053384
11840,4,0.0000000,0.0000000,182.6617497,125.9493738
11840,5,0.0000000,0.0000000,152.3722893,115.7251160
11850,0,0.0000000,0.0000000,177.1456311,93.3598067
11850,2,0.0000000,0.0000000,216.5508601,97.8808811
11850,3,0.0000000,0.0000000,220.7997025,131.6544618
11850,4,0.0000000,0.0000000,182.6585894,125.9575659
11850,5,0.0000000,0.0000000,152.2373157,114.8805534
11860,0,0.0000000,0.0000000,177.1672825,93.4026193
11860,2,0.0000000,0.0000000,216.5114778,98.0864117
11860,3,0.0000000,0.0000000,220.7986684,131.6932666
11860,4,0.0000000,0.0000000,182.6532154,125.9708389
11860,5,0.0000000,0.0000000,152.0908322,114.0304163
11870,0,0.0000000,0.0000000,177.1856967,93.4392192
11870,2,0.0000000,0.0000000,216.4698764,98.2734854
11870,3,0.0000000,0.0000000,220.7987406,131.7211614
11870,4,0.0000000,0.0000000,182.6459649,125.9879903
11870,5,0.0000000,0.0000000,151.9331980,113.1764152
11880,0,0.0000000,0.0000000,177.2011469,93.4703493
11880,2,0.0000000,0.0000000,216.4281964,98.4395356
11880,3,0.0000000,0.0000000,220.7993737,131.7383578
11880,4,0.0000000,0.0000000,182.6370654,126.0082661
11880,5,0.0000000,0.0000000,151.7646681,112.3199724
11890,0,0.0000000,0.0000000,177.2139018,93.4966039
11890,2,0.0000000,0.0000000,216.3885087,98.5827688
11890,3,0.0000000,0.0000000,220.8000844,131.7456359
11890,4,0.0000000,0.0000000,182.6266562,126.0312338
11890,5,0.0000000,0.0000000,151.5854292,111.4623997
11900,0,0.0000000,0.0000000,177.2241722,93.5183618
11900,2,0.0000000,0.0000000,216.3528245,98.7016396
11900,3,0.0000000,0.0000000,220.8004989,131.7441490
11900,4,0.0000000,0.0000000,182.6148049,126.0567036
11900,5,0.0000000,0.0000000,151.3956297,110.6050566
11910,0,0.0000000,0.0000000,177.2320633,93.5356982
11910,2,0.0000000,0.0000000,216.3231816,98.7943144
11910,3,0.0000000,0.0000000,220.8003782,131.7352774
11910,4,0.0000000,0.0000000,182.6015198,126.0846831
11910,5,0.0000000,0.0000000,151.1954036,109.7494993
11920,0,0.0000000,0.0000000,177.2375194,93.5482377
11920,2,0.0000000,0.0000000,216.3018028,98.8580310
11920,3,0.0000000,0.0000000,220.7996289,131.7205155
11920,4,0.0000000,0.0000000,182.5867613,126.1153545
11920,5,0.0000000,0.0000000,150.9848942,108.8976373
11930,0,0.0000000,0.0000000,177.2402411,93.5548841
11930,2,0.0000000,0.0000000,216.2913447,98.8881708
11930,3,0.0000000,0.0000000,220.7983044,131.7013505
11930,4,0.0000000,0.0000000,182.5704612,126.1490606
11930,5,0.0000000,0.0000000,150.7642817,108.0519187
11940,0,0.0000000,0.0000000,177.2365934,93.5457654
11940,2,0.0000000,0.0000000,216.2977602,98.8695247
11940,3,0.0000000,0.0000000,220.7967493,131.6809213
11940,4,0.0000000,0.0000000,182.5537037,126.1839047
11940,5,0.0000000,0.0000000,150.5432156,107.2479336
11950,0,0.0000000,0.0000000,177.2277937,93.5221891
11950,2,0.0000000,0.0000000,216.3231454,98.7945480
11950,3,0.0000000,0.0000000,220.7952167,131.6576745
11950,4,0.0000000,0.0000000,182.5355193,126.2225390
11950,5,0.0000000,0.0000000,150.3114411,106.4473036
11960,0,0.0000000,0.0000000,177.2120199,93.4762197
11960,2,0.0000000,0.0000000,216.3757940,98.6284348
11960,3,0.0000000,0.0000000,220.7943147,131.6270065
11960,4,0.0000000,0.0000000,182.5155897,126.2667502
11960,5,0.0000000,0.0000000,150.0420984,105.6513470
11970,0,0.0000000,0.0000000,177.1831159,93.3824030
11970,2,0.0000000,0.0000000,216.4653606,98.2962254
11970,3,0.0000000,0.0000000,220.7970710,131.5750623
11970,4,0.0000000,0.0000000,182.4961120,126.3134224
11970,5,0.0000000,0.0000000,149.7341843,104.8899747
11980,0,0.0000000,0.0000000,177.1260698,93.1664598
11980,2,0.0000000,0.0000000,216.5817035,97.6194364
11980,3,0.0000000,0.0000000,220.8214594,131.4541826
11980,4,0.0000000,0.0000000,182.4825291,126.3478034
11980,5,0.0000000,0.0000000,149.4474372,104.1716554
11990,0,0.0000000,0.0000000,177.0869697,92.9945374
11990,2,0.0000000,0.0000000,216.6281022,97.0832695
11990,3,0.0000000,0.0000000,220.8448075,131.3340129
11990,4,0.0000000,0.0000000,182.4650219,126.4084605
11990,5,0.0000000,0.0000000,149.0433035,103.1116944
12000,0,0.0000000,0.0000000,177.0807325,92.9606059
12000,2,0.0000000,0.0000000,216.6371489,96.8815430
12000,3,0.0000000,0.0000000,220.8565742,131.2614212
12000,4,0.0000000,0.0000000,182.4419661,126.5081255
12000,5,0.0000000,0.0000000,148.5946958,101.8221910
12010,0,0.0000000,0.0000000,177.0774311,92.9374118
12010,2,0.0000000,0.0000000,216.6406546,96.6829175
12010,3,0.0000000,0.0000000,220.8695881,131.1883833
12010,4,0.0000000,0.0000000,182.4204911,126.6169391
12010,5,0.0000000,0.0000000,148.2055856,100.5189617
12020,0,0.0000000,0.0000000,177.0769448,92.9321352
12020,2,0.0000000,0.0000000,216.6390288,96.4962263
12020,3,0.0000000,0.0000000,220.8837355,131.1151309
12020,4,0.0000000,0.0000000,182.4009607,126.7367770
12020,5,0.0000000,0.0000000,147.8707984,99.2092045
12030,0,0.0000000,0.0000000,177.0799815,92.9758998
12030,2,0.0000000,0.0000000,216.6348264,96.3628639
12030,3,0.0000000,0.0000000,220.8989883,131.0404521
12030,4,0.0000000,0.0000000,182.3831552,126.8745092
12030,5,0.0000000,0.0000000,147.5597618,97.8955927
12040,0,0.0000000,0.0000000,177.0832650,93.0765706
12040,2,0.0000000,0.0000000,216.6311540,96.2954609
12040,3,0.0000000,0.0000000,220.9157163,130.9610103
12040,4,0.0000000,0.0000000,182.3677219,127.0275545
12040,5,0.0000000,0.0000000,147.3101540,96.5731595
12050,0,0.0000000,0.0000000,177.0834108,93.2546622
12050,2,0.0000000,0.0000000,216.6295414,96.3318523
12050,3,0.0000000,0.0000000,220.9335463,130.8755709
12050,4,0.0000000,0.0000000,182.3542636,127.1943361
12050,5,0.0000000,0.0000000,147.0972280,95.2460324
12060,0,0.0000000,0.0000000,177.0771178,93.4960447
12060,2,0.0000000,0.0000000,216.6249747,96.4709928
12060,3,0.0000000,0.0000000,220.9502979,130.7902687
12060,4,0.0000000,0.0000000,182.3416285,127.3660019
12060,5,0.0000000,0.0000000,146.7069404,93.9286853
12070,0,0.0000000,0.0000000,177.0650925,93.7503658
12070,2,0.0000000,0.0000000,216.6112033,96.6664694
12070,3,0.0000000,0.0000000,220.9626875,130.7184672
12070,4,0.0000000,0.0000000,182.3290792,127.5227557
12070,5,0.0000000,0.0000000,146.3366968,92.6186081
12080,0,0.0000000,0.0000000,176.6308910,97.0595013
12080,2,0.0000000,0.0000000,214.9948141,90.3856882
12080,3,0.0000000,0.0000000,221.6331778,126.4265762
12080,4,0.0000000,0.0000000,183.3527108,132.2146932
12080,5,0.0000000,0.0000000,146.1301171,90.3655776
12090,0,0.0000000,0.0000000,176.2586417,98.3931933
12090,2,0.0000000,0.0000000,213.4480662,88.6275717
12090,3,0.0000000,0.0000000,222.0655770,125.1325520
12090,4,0.0000000,0.0000000,184.6077686,133.8000749
12090,5,0.0000000,0.0000000,145.9316953,88.7783577
12100,0,0.0000000,0.0000000,175.7313353,99.7880004
12100,2,0.0000000,0.0000000,211.5288685,87.2491880
12100,3,0.0000000,0.0000000,222.6118924,123.8550192
12100,4,0.0000000,0.0000000,186.2441295,135.1008305
12100,5,0.0000000,0.0000000,145.7912851,87.2130311
12110,0,0.0000000,0.0000000,175.2352698,100.8342908
12110,2,0.0000000,0.0000000,209.8639918,86.4814565
12110,3,0.0000000,0.0000000,223.0803401,122.9424719
12110,4,0.0000000,0.0000000,187.6681971,135.8375688
12110,5,0.0000000,0.0000000,145.6466143,85.7891661
12120,0,0.0000000,0.0000000,174.7502125,101.7000365
12120,2,0.0000000,0.0000000,208.3758965,86.0557804
12120,3,0.0000000,0.0000000,223.4999940,122.2297094
12120,4,0.0000000,0.0000000,188.9237161,136.2545512
12120,5,0.0000000,0.0000000,145.7824031,84.6202985
12130,0,0.0000000,0.0000000,174.0448454,102.7856257
12130,2,0.0000000,0.0000000,206.4560656,85.8233026
12130,3,0.0000000,0.0000000,224.0492483,121.4069667
12130,4,0.0000000,0.0000000,190.5032381,136.5048323
12130,5,0.0000000,0.0000000,146.0271903,83.5125712
12140,0,0.0000000,0.0000000,173.7626819,103.1743476
12140,2,0.0000000,0.0000000,205.6699404,85.8288839
12140,3,0.0000000,0.0000000,224.2002663,121.2037747
12140,4,0.0000000,0.0000000,191.0866084,136.5167453
12140,5,0.0000000,0.0000000,146.1560975,82.6465836
12150,0,0.0000000,0.0000000,171.5656386,105.9481317
12150,2,0.0000000,0.0000000,201.1441636,86.8151547
12150,3,0.0000000,0.0000000,224.9852366,119.6944850
12150,4,0.0000000,0.0000000,194.0478491,136.0570565
12150,5,0.0000000,0.0000000,146.7430173,81.4343486
12160,0,0.0000000,0.0000000,171.6037888,105.9085582
12160,2,0.0000000,0.0000000,201.1761992,86.8003508
12160,3,0.0000000,0.0000000,224.9269205,119.7517581
12160,4,0.0000000,0.0000000,193.9849004,136.0913508
12160,5,0.0000000,0.0000000,146.7561021,80.8076526
12170,0,0.0000000,0.0000000,171.6033546,105.9097834
12170,2,0.0000000,0.0000000,201.1377942,86.8176406
12170,3,0.0000000,0.0000000,224.8735486,119.8029979
12170,4,0.0000000,0.0000000,193.9612754,136.1053719
12170,5,0.0000000,0.0000000,146.7689158,80.1869015
12180,0,0.0000000,0.0000000,171.6068895,105.9068835
12180,2,0.0000000,0.0000000,201.1109863,86.8298735
12180,3,0.0000000,0.0000000,224.8254111,119.8484164
12180,4,0.0000000,0.0000000,193.9367816,136.1199260
12180,5,0.0000000,0.0000000,146.7721691,79.5795055
12190,0,0.0000000,0.0000000,171.6119298,105.9023589
12190,2,0.0000000,0.0000000,201.0927287,86.8383028
12190,3,0.0000000,0.0000000,224.7852929,119.8858015
12190,4,0.0000000,0.0000000,193.9147215,136.1330098
12190,5,0.0000000,0.0000000,146.7668728,78.9837426
12200,0,0.0000000,0.0000000,171.6167291,105.8978851
12200,2,0.0000000,0.0000000,201.0821465,86.8432497
12200,3,0.0000000,0.0000000,224.7569552,119.9120487
12200,4,0.0000000,0.0000000,193.8980957,136.1427593
12200,5,0.0000000,0.0000000,146.7537628,78.3983202
12210,0,0.0000000,0.0000000,171.6202537,105.8944579
12210,2,0.0000000,0.0000000,201.0804662,86.8440380
12210,3,0.0000000,0.0000000,224.7449376,119.9232006
12210,4,0.0000000,0.0000000,193.8896645,136.1475786
12210,5,0.0000000,0.0000000,146.7334237,77.8222422
12220,0,0.0000000,0.0000000,171.6188299,105.8959217
12220,2,0.0000000,0.0000000,201.0859740,86.8413486
12220,3,0.0000000,0.0000000,224.7566750,119.9121102
12220,4,0.0000000,0.0000000,193.8961920,136.1440641
12220,5,0.0000000,0.0000000,146.7067193,77.2546980
12230,0,0.0000000,0.0000000,171.6074814,105.9081943
12230,2,0.0000000,0.0000000,201.1027179,86.8328721
12230,3,0.0000000,0.0000000,224.8138346,119.8569104
12230,4,0.0000000,0.0000000,193.9328696,136.1251438
12230,5,0.0000000,0.0000000,146.6745225,76.6955593
12240,0,0.0000000,0.0000000,171.6043038,105.9145646
12240,2,0.0000000,0.0000000,201.1815962,86.7949144
12240,3,0.0000000,0.0000000,224.9401635,119.7302490
12240,4,0.0000000,0.0000000,193.9967119,136.0950070
12240,5,0.0000000,0.0000000,146.6358158,76.1447838
12250,0,0.0000000,0.0000000,171.6911801,105.8231039
12250,2,0.0000000,0.0000000,201.4799609,86.6671823
12250,3,0.0000000,0.0000000,225.1117466,119.5464433
12250,4,0.0000000,0.0000000,194.0005826,136.0992811
12250,5,0.0000000,0.0000000,146.5830327,75.5953587
12260,0,0.0000000,0.0000000,172.1108544,105.3065988
12260,2,0.0000000,0.0000000,202.3708006,86.3666573
12260,3,0.0000000,0.0000000,225.0285795,119.6465832
12260,4,0.0000000,0.0000000,193.5118055,136.2859303
12260,5,0.0000000,0.0000000,146.4851130,75.0061452
12270,0,0.0000000,0.0000000,173.0275647,104.1288223
12270,2,0.0000000,0.0000000,204.0332254,85.9904330
12270,3,0.0000000,0.0000000,224.3187694,120.5158701
12270,4,0.0000000,0.0000000,192.1098824,136.6123047
12270,5,0.0000000,0.0000000,146.3357670,74.3455518
12280,0,0.0000000,0.0000000,173.1363938,103.9958455
12280,2,0.0000000,0.0000000,204.2099876,85.9598650
12280,3,0.0000000,0.0000000,224.2161007,120.6382417
12280,4,0.0000000,0.0000000,191.9387205,136.6407950
12280,5,0.0000000,0.0000000,145.9657589,73.4234360
12290,0,0.0000000,0.0000000,173.1524981,103.9763159
12290,2,0.0000000,0.0000000,204.2357336,85.9555454
12290,3,0.0000000,0.0000000,224.2006387,120.6565790
12290,4,0.0000000,0.0000000,191.9133818,136.6448388
12290,5,0.0000000,0.0000000,145.5911944,72.4962352
12300,0,0.0000000,0.0000000,173.1549258,103.9733752
12300,2,0.0000000,0.0000000,204.2396112,85.9548978
12300,3,0.0000000,0.0000000,224.1983065,120.6593428
12300,4,0.0000000,0.0000000,191.9095637,136.6454443
12300,5,0.0000000,0.0000000,145.2166298,71.5690344
12310,0,0.0000000,0.0000000,173.1552928,103.9729307
12310,2,0.0000000,0.0000000,204.2401972,85.9547999
12310,3,0.0000000,0.0000000,224.1979539,120.6597606
12310,4,0.0000000,0.0000000,191.9089866,136.6455358
12310,5,0.0000000,0.0000000,144.8420652,70.6418335
12320,0,0.0000000,0.0000000,173.1553483,103.9728635
12320,2,0.0000000,0.0000000,204.2402858,85.9547851
12320,3,0.0000000,0.0000000,224.1979006,120.6598238
12320,4,0.0000000,0.0000000,191.9088993,136.6455496
12320,5,0.0000000,0.0000000,144.4675006,69.7146327
12330,0,0.0000000,0.0000000,173.1553567,103.9728533
12330,2,0.0000000,0.0000000,204.2402993,85.9547829
12330,3,0.0000000,0.0000000,224.1978925,120.6598333
12330,4,0.0000000,0.0000000,191.9088861,136.6455517
12330,5,0.0000000,0.0000000,144.0929361,68.7874319
12340,0,0.0000000,0.0000000,173.1553579,103.9728518
12340,2,0.0000000,0.0000000,204.2403013,85.9547826
12340,3,0.0000000,0.0000000,224.1978913,120.6598348
12340,4,0.0000000,0.0000000,191.9088841,136.6455520
12340,5,0.0000000,0.0000000,143.7183715,67.8602311
12350,0,0.0000000,0.0000000,173.1553581,103.9728516
12350,2,0.0000000,0.0000000,204.2403016,85.9547825
12350,3,0.0000000,0.0000000,224.1978911,120.6598350
12350,4,0.0000000,0.0000000,191.9088838,136.6455521
12350,5,0.0000000,0.0000000,143.3438069,66.9330302
12360,0,0.0000000,0.0000000,173.1553581,103.9728515
12360,2,0.0000000,0.0000000,204.2403016,85.9547825
12360,3,0.0000000,0.0000000,224.1978911,120.6598350
12360,4,0.0000000,0.0000000,191.9088837,136.6455521
12360,5,0.0000000,0.0000000,142.9692423,66.0058294
12370,0,0.0000000,0.0000000,173.1553582,103.9728515
12370,2,0.0000000,0.0000000,204.2403016,85.9547825
12370,3,0.0000000,0.0000000,224.1978911,120.6598350
12370,4,0.0000000,0.0000000,191.9088837,136.6455521
12370,5,0.0000000,0.0000000,142.5946778,65.0786286
12380,0,0.0000000,0.0000000,173.1553582,103.9728515
12380,2,0.0000000,0.0000000,204.2403016,85.9547825
12380,3,0.0000000,0.0000000,224.1978911,120.6598350
12380,4,0.0000000,0.0000000,191.9088837,136.6455521
12380,5,0.0000000,0.0000000,142.2201132,64.1514277
12390,0,0.0000000,0.0000000,173.1553582,103.9728515
12390,2,0.0000000,0.0000000,204.2403016,85.9547825
12390,3,0.0000000,0.0000000,224.1978911,120.6598350
12390,4,0.0000000,0.0000000,191.9088837,136.6455521
12390,5,0.0000000,0.0000000,141.8455486,63.2242269
12400,0,0.0000000,0.0000000,173.1553582,103.9728515
12400,2,0.0000000,0.0000000,204.2403016,85.9547825
12400,3,0.0000000,0.0000000,224.1978911,120.6598350
12400,4,0.0000000,0.0000000,191.9088837,136.6455521
12400,5,0.0000000,0.0000000,141.4709840,62.2970261
12410,0,0.0000000,0.0000000,173.1553582,103.9728515
12410,2,0.0000000,0.0000000,204.2403016,85.9547825
12410,3,0.0000000,0.0000000,224.1978911,120.6598350
12410,4,0.0000000,0.0000000,191.9088837,136.6455521
12410,5,0.0000000,0.0000000,141.0964195,61.3698252
12420,0,0.0000000,0.0000000,173.1553582,103.9728515
12420,2,0.0000000,0.0000000,204.2403016,85.9547825
12420,3,0.0000000,0.0000000,224.1978911,120.6598350
12420,4,0.0000000,0.0000000,191.9088837,136.6455521
12420,5,0.0000000,0.0000000,140.7218549,60.4426244
12430,0,0.0000000,0.0000000,173.1553582,103.9728515
12430,2,0.0000000,0.0000000,204.2403016,85.9547825
12430,3,0.0000000,0.0000000,224.1978911,120.6598350
12430,4,0.0000000,0.0000000,191.9088837,136.6455521
12430,5,0.0000000,0.0000000,140.3472903,59.5154236
12440,0,0.0000000,0.0000000,173.1553582,103.9728515
12440,2,0.0000000,0.0000000,204.2403016,85.9547825
12440,3,0.0000000,0.0000000,224.1978911,120.6598350
12440,4,0.0000000,0.0000000,191.9088837,136.6455521
12440,5,0.0000000,0.0000000,139.9727257,58.5882227
12450,0,0.0000000,0.0000000,173.1553582,103.9728515
12450,2,0.0000000,0.0000000,204.2403016,85.9547825
12450,3,0.0000000,0.0000000,224.1978911,120.6598350
12450,4,0.0000000,0.0000000,191.9088837,136.6455521
12450,5,0.0000000,0.0000000,139.5981612,57.6610219
12460,0,0.0000000,0.0000000,173.1553582,103.9728515
12460,2,0.0000000,0.0000000,204.2403016,85.9547825
12460,3,0.0000000,0.0000000,224.1978911,120.6598350
12460,4,0.0000000,0.0000000,191.9088837,136.6455521
12460,5,0.0000000,0.0000000,139.2235966,56.7338211
12470,0,0.0000000,0.0000000,173.1553582,103.9728515
12470,2,0.0000000,0.0000000,204.2403016,85.9547825
12470,3,0.0000000,0.0000000,224.1978911,120.6598350
12470,4,0.0000000,0.0000000,191.9088837,136.6455521
12470,5,0.0000000,0.0000000,138.8490320,55.8066203
12480,0,0.0000000,0.0000000,173.1553582,103.9728515
12480,2,0.0000000,0.0000000,204.2403016,85.9547825
12480,3,0.0000000,0.0000000,224.1978911,120.6598350
12480,4,0.0000000,0.0000000,191.9088837,136.6455521
12480,5,0.0000000,0.0000000,138.4744675,54.8794194
12490,0,0.0000000,0.0000000,173.1553582,103.9728515
12490,2,0.0000000,0.0000000,204.2403016,85.9547825
12490,3,0.0000000,0.0000000,224.1978911,120.6598350
12490,4,0.0000000,0.0000000,191.9088837,136.6455521
12490,5,0.0000000,0.0000000,138.0999029,53.9522186
12500,0,0.0000000,0.0000000,173.1553582,103.9728515
12500,2,0.0000000,0.0000000,204.2403016,85.9547825
12500,3,0.0000000,0.0000000,224.1978911,120.6598350
12500,4,0.0000000,0.0000000,191.9088837,136.6455521
12500,5,0.0000000,0.0000000,137.7253383,53.0250178
12510,0,0.0000000,0.0000000,173.1553582,103.9728515
12510,2,0.0000000,0.0000000,204.2403016,85.9547825
12510,3,0.0000000,0.0000000,224.1978911,120.6598350
12510,4,0.0000000,0.0000000,191.9088837,136.6455521
12510,5,0.0000000,0.0000000,137.3507737,52.0978169
12520,0,0.0000000,0.0000000,173.1553582,103.9728515
12520,2,0.0000000,0.0000000,204.2403016,85.9547825
12520,3,0.0000000,0.0000000,224.1978911,120.6598350
12520,4,0.0000000,0.0000000,191.9088837,136.6455521
12520,5,0.0000000,0.0000000,136.9762092,51.1706161
12530,0,0.0000000,0.0000000,173.1553582,103.9728515
12530,2,0.0000000,0.0000000,204.2403016,85.9547825
12530,3,0.0000000,0.0000000,224.1978911,120.6598350
12530,4,0.0000000,0.0000000,191.9088837,136.6455521
12530,5,0.0000000,0.0000000,136.6016446,50.2434153
12540,0,0.0000000,0.0000000,173.1553582,103.9728515
12540,2,0.0000000,0.0000000,204.2403016,85.9547825
12540,3,0.0000000,0.0000000,224.1978911,120.6598350
12540,4,0.0000000,0.0000000,191.9088837,136.6455521
12540,5,0.0000000,0.0000000,136.2270800,49.3162144
12550,0,0.0000000,0.0000000,173.1553582,103.9728515
12550,2,0.0000000,0.0000000,204.2403016,85.9547825
12550,3,0.0000000,0.0000000,224.1978911,120.6598350
12550,4,0.0000000,0.0000000,191.9088837,136.6455521
12550,5,0.0000000,0.0000000,135.8525154,48.3890136
12560,0,0.0000000,0.0000000,173.1553582,103.9728515
12560,2,0.0000000,0.0000000,204.2403016,85.9547825
12560,3,0.0000000,0.0000000,224.1978911,120.6598350
12560,4,0.0000000,0.0000000,191.9088837,136.6455521
12560,5,0.0000000,0.0000000,135.4779509,47.4618128
12570,0,0.0000000,0.0000000,173.1553582,103.9728515
12570,2,0.0000000,0.0000000,204.2403016,85.9547825
12570,3,0.0000000,0.0000000,224.1978911,120.6598350
12570,4,0.0000000,0.0000000,191.9088837,136.6455521
12570,5,0.0000000,0.0000000,135.1033863,46.5346120
12580,0,0.0000000,0.0000000,173.1553582,103.9728515
12580,2,0.0000000,0.0000000,204.2403016,85.9547825
12580,3,0.0000000,0.0000000,224.1978911,120.6598350
12580,4,0.0000000,0.0000000,191.9088837,136.6455521
12580,5,0.0000000,0.0000000,134.7288217,45.6074111
12590,0,0.0000000,0.0000000,173.1553582,103.9728515
12590,2,0.0000000,0.0000000,204.2403016,85.9547825
12590,3,0.0000000,0.0000000,224.1978911,120.6598350
12590,4,0.0000000,0.0000000,191.9088837,136.6455521
12590,5,0.0000000,0.0000000,134.3542571,44.6802103
12600,0,0.0000000,0.0000000,173.1553582,103.9728515
12600,2,0.0000000,0.0000000,204.2403016,85.9547825
12600,3,0.0000000,0.0000000,224.1978911,120.6598350
12600,4,0.0000000,0.0000000,191.9088837,136.6455521
12600,5,0.0000000,0.0000000,133.9796926,43.7530095
12610,0,0.0000000,0.0000000,173.1553582,103.9728515
12610,2,0.0000000,0.0000000,204.2403016,85.9547825
12610,3,0.0000000,0.0000000,224.1978911,120.6598350
12610,4,0.0000000,0.0000000,191.9088837,136.6455521
12610,5,0.0000000,0.0000000,133.6051280,42.8258086
12620,0,0.0000000,0.0000000,173.1553582,103.9728515
12620,2,0.0000000,0.0000000,204.2403016,85.9547825
12620,3,0.0000000,0.0000000,224.1978911,120.6598350
12620,4,0.0000000,0.0000000,191.9088837,136.6455521
12620,5,0.0000000,0.0000000,133.2305634,41.8986078
12630,0,0.0000000,0.0000000,173.1553582,103.9728515
12630,2,0.0000000,0.0000000,204.2403016,85.9547825
12630,3,0.0000000,0.0000000,224.1978911,120.6598350
12630,4,0.0000000,0.0000000,191.9088837,136.6455521
12630,5,0.0000000,0.0000000,132.8559988,40.9714070
12640,0,0.0000000,0.0000000,173.1553582,103.9728515
12640,2,0.0000000,0.0000000,204.2403016,85.9547825
12640,3,0.0000000,0.0000000,224.1978911,120.6598350
12640,4,0.0000000,0.0000000,191.9088837,136.6455521
12640,5,0.0000000,0.0000000,132.4814343,40.0442061
12650,0,0.0000000,0.0000000,173.1553582,103.9728515
12650,2,0.0000000,0.0000000,204.2403016,85.9547825
12650,3,0.0000000,0.0000000,224.1978911,120.6598350
12650,4,0.0000000,0.0000000,191.9088837,136.6455521
12650,5,0.0000000,0.0000000,132.1068697,39.1170053
12660,0,0.0000000,0.0000000,173.1553582,103.9728515
12660,2,0.0000000,0.0000000,204.2403016,85.9547825
12660,3,0.0000000,0.0000000,224.1978911,120.6598350
12660,4,0.0000000,0.0000000,191.9088837,136.6455521
12660,5,0.0000000,0.0000000,131.7323051,38.1898045
12670,0,0.0000000,0.0000000,173.1553582,103.9728515
12670,2,0.0000000,0.0000000,204.2403016,85.9547825
12670,3,0.0000000,0.0000000,224.1978911,120.6598350
12670,4,0.0000000,0.0000000,191.9088837,136.6455521
12670,5,0.0000000,0.0000000,131.3577405,37.2626036
12680,0,0.0000000,0.0000000,173.1553582,103.9728515
12680,2,0.0000000,0.0000000,204.2403016,85.9547825
12680,3,0.0000000,0.0000000,224.1978911,120.6598350
12680,4,0.0000000,0.0000000,191.9088837,136.6455521
12680,5,0.0000000,0.0000000,130.9831760,36.3354028
12690,0,0.0000000,0.0000000,173.1553582,103.9728515
12690,2,0.0000000,0.0000000,204.2403016,85.9547825
12690,3,0.0000000,0.0000000,224.1978911,120.6598350
12690,4,0.0000000,0.0000000,191.9088837,136.6455521
12690,5,0.0000000,0.0000000,130.6086114,35.4082020
12700,0,0.0000000,0.0000000,173.1553582,103.9728515
12700,2,0.0000000,0.0000000,204.2403016,85.9547825
12700,3,0.0000000,0.0000000,224.1978911,120.6598350
12700,4,0.0000000,0.0000000,191.9088837,136.6455521
12700,5,0.0000000,0.0000000,130.2340468,34.4810012
12710,0,0.0000000,0.0000000,173.1553582,103.9728515
12710,2,0.0000000,0.0000000,204.2403016,85.9547825
12710,3,0.0000000,0.0000000,224.1978911,120.6598350
12710,4,0.0000000,0.0000000,191.9088837,136.6455521
12710,5,0.0000000,0.0000000,129.8594823,33.5538003
12720,0,0.0000000,0.0000000,173.1553582,103.9728515
12720,2,0.0000000,0.0000000,204.2403016,85.9547825
12720,3,0.0000000,0.0000000,224.1978911,120.6598350
12720,4,0.0000000,0.0000000,191.9088837,136.6455521
12720,5,0.0000000,0.0000000,129.4849177,32.6265995
12730,0,0.0000000,0.0000000,173.1553582,103.9728515
12730,2,0.0000000,0.0000000,204.2403016,85.9547825
12730,3,0.0000000,0.0000000,224.1978911,120.6598350
12730,4,0.0000000,0.0000000,191.9088837,136.6455521
12730,5,0.0000000,0.0000000,129.1103531,31.6993987
12740,0,0.0000000,0.0000000,173.1553582,103.9728515
12740,2,0.0000000,0.0000000,204.2403016,85.9547825
12740,3,0.0000000,0.0000000,224.1978911,120.6598350
12740,4,0.0000000,0.0000000,191.9088837,136.6455521
12740,5,0.0000000,0.0000000,128.7357885,30.7721978
12750,0,0.0000000,0.0000000,173.1553582,103.9728515
12750,2,0.0000000,0.0000000,204.2403016,85.9547825
12750,3,0.0000000,0.0000000,224.1978911,120.6598350
12750,4,0.0000000,0.0000000,191.9088837,136.6455521
12750,5,0.0000000,0.0000000,128.3612240,29.8449970
12760,0,0.0000000,0.0000000,173.1553582,103.9728515
12760,2,0.0000000,0.0000000,204.2403016,85.9547825
12760,3,0.0000000,0.0000000,224.1978911,120.6598350
12760,4,0.0000000,0.0000000,191.9088837,136.6455521
12760,5,0.0000000,0.0000000,127.9866594,28.9177962
12770,0,0.0000000,0.0000000,173.1553582,103.9728515
12770,2,0.0000000,0.0000000,204.2403016,85.9547825
12770,3,0.0000000,0.0000000,224.1978911,120.6598350
12770,4,0.0000000,0.0000000,191.9088837,136.6455521
12770,5,0.0000000,0.0000000,127.6120948,27.9905953
12780,0,0.0000000,0.0000000,173.1553582,103.9728515
12780,2,0.0000000,0.0000000,204.2403016,85.9547825
12780,3,0.0000000,0.0000000,224.1978911,120.6598350
12780,4,0.0000000,0.0000000,191.9088837,136.6455521
12780,5,0.0000000,0.0000000,127.2375302,27.0633945
12790,0,0.0000000,0.0000000,173.1553582,103.9728515
12790,2,0.0000000,0.0000000,204.2403016,85.9547825
12790,3,0.0000000,0.0000000,224.1978911,120.6598350
12790,4,0.0000000,0.0000000,191.9088837,136.6455521
12790,5,0.0000000,0.0000000,126.8629657,26.1361937
12800,0,0.0000000,0.0000000,173.1553582,103.9728515
12800,2,0.0000000,0.0000000,204.2403016,85.9547825
12800,3,0.0000000,0.0000000,224.1978911,120.6598350
12800,4,0.0000000,0.0000000,191.9088837,136.6455521
12800,5,0.0000000,0.0000000,126.4884011,25.2089929
12810,0,0.0000000,0.0000000,173.1553582,103.9728515
12810,2,0.0000000,0.0000000,204.2403016,85.9547825
12810,3,0.0000000,0.0000000,224.1978911,120.6598350
12810,4,0.0000000,0.0000000,191.9088837,136.6455521
12810,5,0.0000000,0.0000000,126.1138365,24.2817920
12820,0,0.0000000,0.0000000,173.1553582,103.9728515
12820,2,0.0000000,0.0000000,204.2403016,85.9547825
12820,3,0.0000000,0.0000000,224.1978911,120.6598350
12820,4,0.0000000,0.0000000,191.9088837,136.6455521
12820,5,0.0000000,0.0000000,126.0000000,24.0000000
12830,0,0.0000000,0.0000000,173.1553582,103.9728515
12830,2,0.0000000,0.0000000,204.2403016,85.9547825
12830,3,0.0000000,0.0000000,224.1978911,120.6598350
12830,4,0.0000000,0.0000000,191.9088837,136.6455521
12830,5,0.0000000,0.0000000,126.0000000,24.0000000
12840,0,0.0000000,0.0000000,173.1553582,103.9728515
12840,2,0.0000000,0.0000000,204.2403016,85.9547825
12840,3,0.0000000,0.0000000,224.1978911,120.6598350
12840,4,0.0000000,0.0000000,191.9088837,136.6455521
12840,5,0.0000000,0.0000000,126.0000000,24.0000000
12850,0,0.0000000,0.0000000,173.1553582,103.9728515
12850,2,0.0000000,0.0000000,204.2403016,85.9547825
12850,3,0.0000000,0.0000000,224.1978911,120.6598350
12850,4,0.0000000,0.0000000,191.9088837,136.6455521
12850,5,0.0000000,0.0000000,126.0000000,24.0000000
12860,0,0.0000000,0.0000000,173.1553582,103.9728515
12860,2,0.0000000,0.0000000,204.2403016,85.9547825
12860,3,0.0000000,0.0000000,224.1978911,120.6598350
12860,4,0.0000000,0.0000000,191.9088837,136.6455521
12860,5,0.0000000,0.0000000,126.0000000,24.0000000
12870,0,0.0000000,0.0000000,173.1553582,103.9728515
12870,2,0.0000000,0.0000000,204.2403016,85.9547825
12870,3,0.0000000,0.0000000,224.1978911,120.6598350
12870,4,0.0000000,0.0000000,191.9088837,136.6455521
12870,5,0.0000000,0.0000000,126.0000000,24.0000000
12880,0,0.0000000,0.0000000,173.1553582,103.9728515
12880,2,0.0000000,0.0000000,204.2403016,85.9547825
12880,3,0.0000000,0.0000000,224.1978911,120.6598350
12880,4,0.0000000,0.0000000,191.9088837,136.6455521
12880,5,0.0000000,0.0000000,126.0000000,24.0000000
12890,0,0.0000000,0.0000000,173.1553582,103.9728515
12890,2,0.0000000,0.0000000,204.2403016,85.9547825
12890,3,0.0000000,0.0000000,224.1978911,120.6598350
12890,4,0.0000000,0.0000000,191.9088837,136.6455521
12890,5,0.0000000,0.0000000,126.0000000,24.0000000
12900,0,0.0000000,0.0000000,173.1553582,103.9728515
12900,2,0.0000000,0.0000000,204.2403016,85.9547825
12900,3,0.0000000,0.0000000,224.1978911,120.6598350
12900,4,0.0000000,0.0000000,191.9088837,136.6455521
12900,5,0.0000000,0.0000000,126.0000000,24.0000000
12910,0,0.0000000,0.0000000,173.1553582,103.9728515
12910,2,0.0000000,0.0000000,204.2403016,85.9547825
12910,3,0.0000000,0.0000000,224.1978911,120.6598350
12910,4,0.0000000,0.0000000,191.9088837,136.6455521
12910,5,0.0000000,0.0000000,126.0000000,24.0000000
12920,0,0.0000000,0.0000000,173.1553582,103.9728515
12920,2,0.0000000,0.0000000,204.2403016,85.9547825
12920,3,0.0000000,0.0000000,224.1978911,120.6598350
12920,4,0.0000000,0.0000000,191.9088837,136.6455521
12920,5,0.0000000,0.0000000,126.0000000,24.0000000
12930,0,0.0000000,0.0000000,173.1553582,103.9728515
12930,2,0.0000000,0.0000000,204.2403016,85.9547825
12930,3,0.0000000,0.0000000,224.1978911,120.6598350
12930,4,0.0000000,0.0000000,191.9088837,136.6455521
12930,5,0.0000000,0.0000000,126.0000000,24.0000000
12940,0,0.0000000,0.0000000,173.1553582,103.9728515
12940,2,0.0000000,0.0000000,204.2403016,85.9547825
12940,3,0.0000000,0.0000000,224.1978911,120.6598350
12940,4,0.0000000,0.0000000,191.9088837,136.6455521
12940,5,0.0000000,0.0000000,126.0000000,24.0000000
12950,0,0.0000000,0.0000000,173.1553582,103.9728515
12950,2,0.0000000,0.0000000,204.2403016,85.9547825
12950,3,0.0000000,0.0000000,224.1978911,120.6598350
12950,4,0.0000000,0.0000000,191.9088837,136.6455521
12950,5,0.0000000,0.0000000,126.0000000,24.0000000
12960,0,0.0000000,0.0000000,173.1553582,103.9728515
12960,2,0.0000000,0.0000000,204.2403016,85.9547825
12960,3,0.0000000,0.0000000,224.1978911,120.6598350
12960,4,0.0000000,0.0000000,191.9088837,136.6455521
12960,5,0.0000000,0.0000000,126.0000000,24.0000000
12970,0,0.0000000,0.0000000,173.1553582,103.9728515
12970,2,0.0000000,0.0000000,204.2403016,85.9547825
12970,3,0.0000000,0.0000000,224.1978911,120.6598350
12970,4,0.0000000,0.0000000,191.9088837,136.6455521
12970,5,0.0000000,0.0000000,126.0000000,24.0000000
12980,0,0.0000000,0.0000000,173.1553582,103.9728515
12980,2,0.0000000,0.0000000,204.2403016,85.9547825
12980,3,0.0000000,0.0000000,224.1978911,120.6598350
12980,4,0.0000000,0.0000000,191.9088837,136.6455521
12980,5,0.0000000,0.0000000,126.0000000,24.0000000
12990,0,0.0000000,0.0000000,173.1553582,103.9728515
12990,2,0.0000000,0.0000000,204.2403016,85.9547825
12990,3,0.0000000,0.0000000,224.1978911,120.6598350
12990,4,0.0000000,0.0000000,191.9088837,136.6455521
12990,5,0.0000000,0.0000000,126.0000000,24.0000000
13000,0,0.0000000,0.0000000,173.1553582,103.9728515
13000,2,0.0000000,0.0000000,204.2403016,85.9547825
13000,3,0.0000000,0.0000000,224.1978911,120.6598350
13000,4,0.0000000,0.0000000,191.9088837,136.6455521
13000,5,0.0000000,0.0000000,126.0000000,24.0000000
13010,0,0.0000000,0.0000000,173.1553582,103.9728515
13010,2,0.0000000,0.0000000,204.2403016,85.9547825
13010,3,0.0000000,0.0000000,224.1978911,120.6598350
13010,4,0.0000000,0.0000000,191.9088837,136.6455521
13010,5,0.0000000,0.0000000,126.0000000,24.0000000
13020,0,0.0000000,0.0000000,173.1553582,103.9728515
13020,2,0.0000000,0.0000000,204.2403016,85.9547825
13020,3,0.0000000,0.0000000,224.1978911,120.6598350
13020,4,0.0000000,0.0000000,191.9088837,136.6455521
13020,5,0.0000000,0.0000000,126.0000000,24.0000000
13030,0,0.0000000,0.0000000,173.1553582,103.9728515
13030,2,0.0000000,0.0000000,204.2403016,85.9547825
13030,3,0.0000000,0.0000000,224.1978911,120.6598350
13030,4,0.0000000,0.0000000,191.9088837,136.6455521
13030,5,0.0000000,0.0000000,126.0000000,24.0000000
13040,0,0.0000000,0.0000000,173.1553582,103.9728515
13040,2,0.0000000,0.0000000,204.2403016,85.9547825
13040,3,0.0000000,0.0000000,224.1978911,120.6598350
13040,4,0.0000000,0.0000000,191.9088837,136.6455521
13040,5,0.0000000,0.0000000,126.0000000,24.0000000
13050,0,0.0000000,0.0000000,173.1553582,103.9728515
13050,2,0.0000000,0.0000000,204.2403016,85.9547825
13050,3,0.0000000,0.0000000,224.1978911,120.6598350
13050,4,0.0000000,0.0000000,191.9088837,136.6455521
13050,5,0.0000000,0.0000000,126.0000000,24.0000000
13060,0,0.0000000,0.0000000,173.1553582,103.9728515
13060,2,0.0000000,0.0000000,204.2403016,85.9547825
13060,3,0.0000000,0.0000000,224.1978911,120.6598350
13060,4,0.0000000,0.0000000,191.9088837,136.6455521
13060,5,0.0000000,0.0000000,126.0000000,24.0000000
13070,0,0.0000000,0.0000000,173.1553582,103.9728515
13070,2,0.0000000,0.0000000,204.2403016,85.9547825
13070,3,0.0000000,0.0000000,224.1978911,120.6598350
13070,4,0.0000000,0.0000000,191.9088837,136.6455521
13070,5,0.0000000,0.0000000,126.0000000,24.0000000
13080,0,0.0000000,0.0000000,173.1553582,103.9728515
13080,2,0.0000000,0.0000000,204.2403016,85.9547825
13080,3,0.0000000,0.0000000,224.1978911,120.6598350
13080,4,0.0000000,0.0000000,191.9088837,136.6455521
13080,5,0.0000000,0.0000000,126.0000000,24.0000000
13090,0,0.0000000,0.0000000,173.1553582,103.9728515
13090,2,0.0000000,0.0000000,204.2403016,85.9547825
13090,3,0.0000000,0.0000000,224.1978911,120.6598350
13090,4,0.0000000,0.0000000,191.9088837,136.6455521
13090,5,0.0000000,0.0000000,126.0000000,24.0000000
13100,0,0.0000000,0.0000000,173.1553582,103.9728515
13100,2,0.0000000,0.0000000,204.2403016,85.9547825
13100,3,0.0000000,0.0000000,224.1978911,120.6598350
13100,4,0.0000000,0.0000000,191.9088837,136.6455521
13100,5,0.0000000,0.0000000,126.0000000,24.0000000
13110,0,0.0000000,0.0000000,173.1553582,103.9728515
13110,2,0.0000000,0.0000000,204.2403016,85.9547825
13110,3,0.0000000,0.0000000,224.1978911,120.6598350
13110,4,0.0000000,0.0000000,191.9088837,136.6455521
13110,5,0.0000000,0.0000000,126.0000000,24.0000000
13120,0,0.0000000,0.0000000,173.1553582,103.9728515
13120,2,0.0000000,0.0000000,204.2403016,85.9547825
13120,3,0.0000000,0.0000000,224.1978911,120.6598350
13120,4,0.0000000,0.0000000,191.9088837,136.6455521
13120,5,0.0000000,0.0000000,126.0000000,24.0000000
13130,0,0.0000000,0.0000000,173.1553582,103.9728515
13130,2,0.0000000,0.0000000,204.2403016,85.9547825
13130,3,0.0000000,0.0000000,224.1978911,120.6598350
13130,4,0.0000000,0.0000000,191.9088837,136.6455521
13130,5,0.0000000,0.0000000,126.0000000,24.0000000
13140,0,0.0000000,0.0000000,173.1553582,103.9728515
13140,2,0.0000000,0.0000000,204.2403016,85.9547825
13140,3,0.0000000,0.0000000,224.1978911,120.6598350
13140,4,0.0000000,0.0000000,191.9088837,136.6455521
13140,5,0.0000000,0.0000000,126.0000000,24.0000000
13150,0,0.0000000,0.0000000,173.1553582,103.9728515
13150,2,0.0000000,0.0000000,204.2403016,85.9547825
13150,3,0.0000000,0.0000000,224.1978911,120.6598350
13150,4,0.0000000,0.0000000,191.9088837,136.6455521
13150,5,0.0000000,0.0000000,126.0000000,24.0000000
13160,0,0.0000000,0.0000000,173.1553582,103.9728515
13160,2,0.0000000,0.0000000,204.2403016,85.9547825
13160,3,0.0000000,0.0000000,224.1978911,120.6598350
13160,4,0.0000000,0.0000000,191.9088837,136.6455521
13160,5,0.0000000,0.0000000,126.0000000,24.0000000
13170,0,0.0000000,0.0000000,173.1553582,103.9728515
13170,2,0.0000000,0.0000000,204.2403016,85.9547825
13170,3,0.0000000,0.0000000,224.1978911,120.6598350
13170,4,0.0000000,0.0000000,191.9088837,136.6455521
13170,5,0.0000000,0.0000000,126.0000000,24.0000000
13180,0,0.0000000,0.0000000,173.1553582,103.9728515
13180,2,0.0000000,0.0000000,204.2403016,85.9547825
13180,3,0.0000000,0.0000000,224.1978911,120.6598350
13180,4,0.0000000,0.0000000,191.9088837,136.6455521
13180,5,0.0000000,0.0000000,126.0000000,24.0000000
13190,0,0.0000000,0.0000000,173.1553582,103.9728515
13190,2,0.0000000,0.0000000,204.2403016,85.9547825
13190,3,0.0000000,0.0000000,224.1978911,120.6598350
13190,4,0.0000000,0.0000000,191.9088837,136.6455521
13190,5,0.0000000,0.0000000,126.0000000,24.0000000
13200,0,0.0000000,0.0000000,173.1553582,103.9728515
13200,2,0.0000000,0.0000000,204.2403016,85.9547825
13200,3,0.0000000,0.0000000,224.1978911,120.6598350
13200,4,0.0000000,0.0000000,191.9088837,136.6455521
13200,5,0.0000000,0.0000000,126.0000000,24.0000000
13210,0,0.0000000,0.0000000,173.1553582,103.9728515
13210,2,0.0000000,0.0000000,204.2403016,85.9547825
13210,3,0.0000000,0.0000000,224.1978911,120.6598350
13210,4,0.0000000,0.0000000,191.9088837,136.6455521
13210,5,0.0000000,0.0000000,126.0000000,24.0000000
13220,0,0.0000000,0.0000000,173.1553582,103.9728515
13220,2,0.0000000,0.0000000,204.2403016,85.9547825
13220,3,0.0000000,0.0000000,224.1978911,120.6598350
13220,4,0.0000000,0.0000000,191.9088837,136.6455521
13220,5,0.0000000,0.0000000,126.0000000,24.0000000
13230,0,0.0000000,0.0000000,173.1553582,103.9728515
13230,2,0.0000000,0.0000000,204.2403016,85.9547825
13230,3,0.0000000,0.0000000,224.1978911,120.6598350
13230,4,0.0000000,0.0000000,191.9088837,136.6455521
13230,5,0.0000000,0.0000000,126.0000000,24.0000000
13240,0,0.0000000,0.0000000,173.1553582,103.9728515
13240,2,0.0000000,0.0000000,204.2403016,85.9547825
13240,3,0.0000000,0.0000000,224.1978911,120.6598350
13240,4,0.0000000,0.0000000,191.9088837,136.6455521
13240,5,0.0000000,0.0000000,126.0000000,24.0000000
13250,0,0.0000000,0.0000000,173.1553582,103.9728515
13250,2,0.0000000,0.0000000,204.2403016,85.9547825
13250,3,0.0000000,0.0000000,224.1978911,120.6598350
13250,4,0.0000000,0.0000000,191.9088837,136.6455521
13250,5,0.0000000,0.0000000,126.0000000,24.0000000
13260,0,0.0000000,0.0000000,173.1553582,103.9728515
13260,2,0.0000000,0.0000000,204.2403016,85.9547825
13260,3,0.0000000,0.0000000,224.1978911,120.6598350
13260,4,0.0000000,0.0000000,191.9088837,136.6455521
13260,5,0.0000000,0.0000000,126.0000000,24.0000000
13270,0,0.0000000,0.0000000,173.1553582,103.9728515
13270,2,0.0000000,0.0000000,204.2403016,85.9547825
13270,3,0.0000000,0.0000000,224.1978911,120.6598350
13270,4,0.0000000,0.0000000,191.9088837,136.6455521
13270,5,0.0000000,0.0000000,126.0000000,24.0000000
13280,0,0.0000000,0.0000000,173.1553582,103.9728515
13280,2,0.0000000,0.0000000,204.2403016,85.9547825
13280,3,0.0000000,0.0000000,224.1978911,120.6598350
13280,4,0.0000000,0.0000000,191.9088837,136.6455521
13280,5,0.0000000,0.0000000,126.0000000,24.0000000
13290,0,0.0000000,0.0000000,173.1553582,103.9728515
13290,2,0.0000000,0.0000000,204.2403016,85.9547825
13290,3,0.0000000,0.0000000,224.1978911,120.6598350
13290,4,0.0000000,0.0000000,191.9088837,136.6455521
13290,5,0.0000000,0.0000000,126.0000000,24.0000000
13300,0,0.0000000,0.0000000,173.1553582,103.9728515
13300,2,0.0000000,0.0000000,204.2403016,85.9547825
13300,3,0.0000000,0.0000000,224.1978911,120.6598350
13300,4,0.0000000,0.0000000,191.9088837,136.6455521
13300,5,0.0000000,0.0000000,126.0000000,24.0000000
13310,0,0.0000000,0.0000000,173.1553582,103.9728515
13310,2,0.0000000,0.0000000,204.2403016,85.9547825
13310,3,0.0000000,0.0000000,224.1978911,120.6598350
13310,4,0.0000000,0.0000000,191.9088837,136.6455521
13310,5,0.0000000,0.0000000,126.0000000,24.0000000
13320,0,0.0000000,0.0000000,173.1553582,103.9728515
13320,2,0.0000000,0.0000000,204.2403016,85.9547825
13320,3,0.0000000,0.0000000,224.1978911,120.6598350
13320,4,0.0000000,0.0000000,191.9088837,136.6455521
13320,5,0.0000000,0.0000000,126.0000000,24.0000000
13330,0,0.0000000,0.0000000,173.1553582,103.9728515
13330,2,0.0000000,0.0000000,204.2403016,85.9547825
13330,3,0.0000000,0.0000000,224.1978911,120.6598350
13330,4,0.0000000,0.0000000,191.9088837,136.6455521
13330,5,0.0000000,0.0000000,126.0000000,24.0000000
13340,0,0.0000000,0.0000000,173.1553582,103.9728515
13340,2,0.0000000,0.0000000,204.2403016,85.9547825
13340,3,0.0000000,0.0000000,224.1978911,120.6598350
13340,4,0.0000000,0.0000000,191.9088837,136.6455521
13340,5,0.0000000,0.0000000,126.0000000,24.0000000
13350,0,0.0000000,0.0000000,173.1553582,103.9728515
13350,2,0.0000000,0.0000000,204.2403016,85.9547825
13350,3,0.0000000,0.0000000,224.1978911,120.6598350
13350,4,0.0000000,0.0000000,191.9088837,136.6455521
13350,5,0.0000000,0.0000000,126.0000000,24.0000000
13360,0,0.0000000,0.0000000,173.1553582,103.9728515
13360,2,0.0000000,0.0000000,204.2403016,85.9547825
13360,3,0.0000000,0.0000000,224.1978911,120.6598350
13360,4,0.0000000,0.0000000,191.9088837,136.6455521
13360,5,0.0000000,0.0000000,126.0000000,24.0000000
13370,0,0.0000000,0.0000000,173.1553582,103.9728515
13370,2,0.0000000,0.0000000,204.2403016,85.9547825
13370,3,0.0000000,0.0000000,224.1978911,120.6598350
13370,4,0.0000000,0.0000000,191.9088837,136.6455521
13370,5,0.0000000,0.0000000,126.0000000,24.0000000
13380,0,0.0000000,0.0000000,173.1553582,103.9728515
13380,2,0.0000000,0.0000000,204.2403016,85.9547825
13380,3,0.0000000,0.0000000,224.1978911,120.6598350
13380,4,0.0000000,0.0000000,191.9088837,136.6455521
13380,5,0.0000000,0.0000000,126.0000000,24.0000000
13390,0,0.0000000,0.0000000,173.1553582,103.9728515
13390,2,0.0000000,0.0000000,204.2403016,85.9547825
13390,3,0.0000000,0.0000000,224.1978911,120.6598350
13390,4,0.0000000,0.0000000,191.9088837,136.6455521
13390,5,0.0000000,0.0000000,126.0000000,24.0000000
13400,0,0.0000000,0.0000000,173.1553582,103.9728515
13400,2,0.0000000,0.0000000,204.2403016,85.9547825
13400,3,0.0000000,0.0000000,224.1978911,120.6598350
13400,4,0.0000000,0.0000000,191.9088837,136.6455521
13400,5,0.0000000,0.0000000,126.0000000,24.0000000
13410,0,0.0000000,0.0000000,173.1553582,103.9728515
13410,2,0.0000000,0.0000000,204.2403016,85.9547825
13410,3,0.0000000,0.0000000,224.1978911,120.6598350
13410,4,0.0000000,0.0000000,191.9088837,136.6455521
13410,5,0.0000000,0.0000000,126.0000000,24.0000000
13420,0,0.0000000,0.0000000,173.1553582,103.9728515
13420,2,0.0000000,0.0000000,204.2403016,85.9547825
13420,3,0.0000000,0.0000000,224.1978911,120.6598350
13420,4,0.0000000,0.0000000,191.9088837,136.6455521
13420,5,0.0000000,0.0000000,126.0000000,24.0000000
13430,0,0.0000000,0.0000000,173.1553582,103.9728515
13430,2,0.0000000,0.0000000,204.2403016,85.9547825
13430,3,0.0000000,0.0000000,224.1978911,120.6598350
13430,4,0.0000000,0.0000000,191.9088837,136.6455521
13430,5,0.0000000,0.0000000,126.0000000,24.0000000
13440,0,0.0000000,0.0000000,173.1553582,103.9728515
13440,2,0.0000000,0.0000000,204.2403016,85.9547825
13440,3,0.0000000,0.0000000,224.1978911,120.6598350
13440,4,0.0000000,0.0000000,191.9088837,136.6455521
13440,5,0.0000000,0.0000000,126.0000000,24.0000000
13450,0,0.0000000,0.0000000,173.1553582,103.9728515
13450,2,0.0000000,0.0000000,204.2403016,85.9547825
13450,3,0.0000000,0.0000000,224.1978911,120.6598350
13450,4,0.0000000,0.0000000,191.9088837,136.6455521
13450,5,0.0000000,0.0000000,126.0000000,24.0000000
13460,0,0.0000000,0.0000000,173.1553582,103.9728515
13460,2,0.0000000,0.0000000,204.2403016,85.9547825
13460,3,0.0000000,0.0000000,224.1978911,120.6598350
13460,4,0.0000000,0.0000000,191.9088837,136.6455521
13460,5,0.0000000,0.0000000,126.0000000,24.0000000
13470,0,0.0000000,0.0000000,173.1553582,103.9728515
13470,2,0.0000000,0.0000000,204.2403016,85.9547825
13470,3,0.0000000,0.0000000,224.1978911,120.6598350
13470,4,0.0000000,0.0000000,191.9088837,136.6455521
13470,5,0.0000000,0.0000000,126.0000000,24.0000000
13480,0,0.0000000,0.0000000,173.1553582,103.9728515
13480,2,0.0000000,0.0000000,204.2403016,85.9547825
13480,3,0.0000000,0.0000000,224.1978911,120.6598350
13480,4,0.0000000,0.0000000,191.9088837,136.6455521
13480,5,0.0000000,0.0000000,126.0000000,24.0000000
13490,0,0.0000000,0.0000000,173.1553582,103.9728515
13490,2,0.0000000,0.0000000,204.2403016,85.9547825
13490,3,0.0000000,0.0000000,224.1978911,120.6598350
13490,4,0.0000000,0.0000000,191.9088837,136.6455521
13490,5,0.0000000,0.0000000,126.0000000,24.0000000
13500,0,0.0000000,0.0000000,173.1553582,103.9728515
13500,2,0.0000000,0.0000000,204.2403016,85.9547825
13500,3,0.0000000,0.0000000,224.1978911,120.6598350
13500,4,0.0000000,0.0000000,191.9088837,136.6455521
13500,5,0.0000000,0.0000000,126.0000000,24.0000000
13510,0,0.0000000,0.0000000,173.1553582,103.9728515
13510,2,0.0000000,0.0000000,204.2403016,85.9547825
13510,3,0.0000000,0.0000000,224.1978911,120.6598350
13510,4,0.0000000,0.0000000,191.9088837,136.6455521
13510,5,0.0000000,0.0000000,126.0000000,24.0000000
13520,0,0.0000000,0.0000000,173.1553582,103.9728515
13520,2,0.0000000,0.0000000,204.2403016,85.9547825
13520,3,0.0000000,0.0000000,224.1978911,120.6598350
13520,4,0.0000000,0.0000000,191.9088837,136.6455521
13520,5,0.0000000,0.0000000,126.0000000,24.0000000
13530,0,0.0000000,0.0000000,173.1553582,103.9728515
13530,2,0.0000000,0.0000000,204.2403016,85.9547825
13530,3,0.0000000,0.0000000,224.1978911,120.6598350
13530,4,0.0000000,0.0000000,191.9088837,136.6455521
13530,5,0.0000000,0.0000000,126.0000000,24.0000000
13540,0,0.0000000,0.0000000,173.1553582,103.9728515
13540,2,0.0000000,0.0000000,204.2403016,85.9547825
13540,3,0.0000000,0.0000000,224.1978911,120.6598350
13540,4,0.0000000,0.0000000,191.9088837,136.6455521
13540,5,0.0000000,0.0000000,126.0000000,24.0000000
13550,0,0.0000000,0.0000000,173.1553582,103.9728515
13550,2,0.0000000,0.0000000,204.2403016,85.9547825
13550,3,0.0000000,0.0000000,224.1978911,120.6598350
13550,4,0.0000000,0.0000000,191.9088837,136.6455521
13550,5,0.0000000,0.0000000,126.0000000,24.0000000
13560,0,0.0000000,0.0000000,173.1553582,103.9728515
13560,2,0.0000000,0.0000000,204.2403016,85.9547825
13560,3,0.0000000,0.0000000,224.1978911,120.6598350
13560,4,0.0000000,0.0000000,191.9088837,136.6455521
13560,5,0.0000000,0.0000000,126.0000000,24.0000000
13570,0,0.0000000,0.0000000,173.1553582,103.9728515
13570,2,0.0000000,0.0000000,204.2403016,85.9547825
13570,3,0.0000000,0.0000000,224.1978911,120.6598350
13570,4,0.0000000,0.0000000,191.9088837,136.6455521
13570,5,0.0000000,0.0000000,126.0000000,24.0000000
13580,0,0.0000000,0.0000000,173.1553582,103.9728515
13580,2,0.0000000,0.0000000,204.2403016,85.9547825
13580,3,0.0000000,0.0000000,224.1978911,120.6598350
13580,4,0.0000000,0.0000000,191.9088837,136.6455521
13580,5,0.0000000,0.0000000,126.0000000,24.0000000
13590,0,0.0000000,0.0000000,173.1553582,103.9728515
13590,2,0.0000000,0.0000000,204.2403016,85.9547825
13590,3,0.0000000,0.0000000,224.1978911,120.6598350
13590,4,0.0000000,0.0000000,191.9088837,136.6455521
13590,5,0.0000000,0.0000000,126.0000000,24.0000000
13600,0,0.0000000,0.0000000,173.1553582,103.9728515
13600,2,0.0000000,0.0000000,204.2403016,85.9547825
13600,3,0.0000000,0.0000000,224.1978911,120.6598350
13600,4,0.0000000,0.0000000,191.9088837,136.6455521
13600,5,0.0000000,0.0000000,126.0000000,24.0000000
13610,0,0.0000000,0.0000000,173.1553582,103.9728515
13610,2,0.0000000,0.0000000,204.2403016,85.9547825
13610,3,0.0000000,0.0000000,224.1978911,120.6598350
13610,4,0.0000000,0.0000000,191.9088837,136.6455521
13610,5,0.0000000,0.0000000,126.0000000,24.0000000
13620,0,0.0000000,0.0000000,173.1553582,103.9728515
13620,2,0.0000000,0.0000000,204.2403016,85.9547825
13620,3,0.0000000,0.0000000,224.1978911,120.6598350
13620,4,0.0000000,0.0000000,191.9088837,136.6455521
13620,5,0.0000000,0.0000000,126.0000000,24.0000000
13630,0,0.0000000,0.0000000,173.1553582,103.9728515
13630,2,0.0000000,0.0000000,204.2403016,85.9547825
13630,3,0.0000000,0.0000000,224.1978911,120.6598350
13630,4,0.0000000,0.0000000,191.9088837,136.6455521
13630,5,0.0000000,0.0000000,126.0000000,24.0000000
13640,0,0.0000000,0.0000000,173.1553582,103.9728515
13640,2,0.0000000,0.0000000,204.2403016,85.9547825
13640,3,0.0000000,0.0000000,224.1978911,120.6598350
13640,4,0.0000000,0.0000000,191.9088837,136.6455521
13640,5,0.0000000,0.0000000,126.0000000,24.0000000
13650,0,0.0000000,0.0000000,173.1553582,103.9728515
13650,2,0.0000000,0.0000000,204.2403016,85.9547825
13650,3,0.0000000,0.0000000,224.1978911,120.6598350
13650,4,0.0000000,0.0000000,191.9088837,136.6455521
13650,5,0.0000000,0.0000000,126.0000000,24.0000000
13660,0,0.0000000,0.0000000,173.1553582,103.9728515
13660,2,0.0000000,0.0000000,204.2403016,85.9547825
13660,3,0.0000000,0.0000000,224.1978911,120.6598350
13660,4,0.0000000,0.0000000,191.9088837,136.6455521
13660,5,0.0000000,0.0000000,126.0000000,24.0000000
13670,0,0.0000000,0.0000000,173.1553582,103.9728515
13670,2,0.0000000,0.0000000,204.2403016,85.9547825
13670,3,0.0000000,0.0000000,224.1978911,120.6598350
13670,4,0.0000000,0.0000000,191.9088837,136.6455521
13670,5,0.0000000,0.0000000,126.0000000,24.0000000
13680,0,0.0000000,0.0000000,173.1553582,103.9728515
13680,2,0.0000000,0.0000000,204.2403016,85.9547825
13680,3,0.0000000,0.0000000,224.1978911,120.6598350
13680,4,0.0000000,0.0000000,191.9088837,136.6455521
13680,5,0.0000000,0.0000000,126.0000000,24.0000000
13690,0,0.0000000,0.0000000,173.1553582,103.9728515
13690,2,0.0000000,0.0000000,204.2403016,85.9547825
13690,3,0.0000000,0.0000000,224.1978911,120.6598350
13690,4,0.0000000,0.0000000,191.9088837,136.6455521
13690,5,0.0000000,0.0000000,126.0000000,24.0000000
13700,0,0.0000000,0.0000000,173.1553582,103.9728515
13700,2,0.0000000,0.0000000,204.2403016,85.9547825
13700,3,0.0000000,0.0000000,224.1978911,120.6598350
13700,4,0.0000000,0.0000000,191.9088837,136.6455521
13700,5,0.0000000,0.0000000,126.0000000,24.0000000
13710,0,0.0000000,0.0000000,173.1553582,103.9728515
13710,2,0.0000000,0.0000000,204.2403016,85.9547825
13710,3,0.0000000,0.0000000,224.1978911,120.6598350
13710,4,0.0000000,0.0000000,191.9088837,136.6455521
13710,5,0.0000000,0.0000000,126.0000000,24.0000000
13720,0,0.0000000,0.0000000,173.1553582,103.9728515
13720,2,0.0000000,0.0000000,204.2403016,85.9547825
13720,3,0.0000000,0.0000000,224.1978911,120.6598350
13720,4,0.0000000,0.0000000,191.9088837,136.6455521
13720,5,0.0000000,0.0000000,126.0000000,24.0000000
13730,0,0.0000000,0.0000000,173.1553582,103.9728515
13730,2,0.0000000,0.0000000,204.2403016,85.9547825
13730,3,0.0000000,0.0000000,224.1978911,120.6598350
13730,4,0.0000000,0.0000000,191.9088837,136.6455521
13730,5,0.0000000,0.0000000,126.0000000,24.0000000
13740,0,0.0000000,0.0000000,173.1553582,103.9728515
13740,2,0.0000000,0.0000000,204.2403016,85.9547825
13740,3,0.0000000,0.0000000,224.1978911,120.6598350
13740,4,0.0000000,0.0000000,191.9088837,136.6455521
13740,5,0.0000000,0.0000000,126.0000000,24.0000000
13750,0,0.0000000,0.0000000,173.1553582,103.9728515
13750,2,0.0000000,0.0000000,204.2403016,85.9547825
13750,3,0.0000000,0.0000000,224.1978911,120.6598350
13750,4,0.0000000,0.0000000,191.9088837,136.6455521
13750,5,0.0000000,0.0000000,126.0000000,24.0000000
13760,0,0.0000000,0.0000000,173.1553582,103.9728515
13760,2,0.0000000,0.0000000,204.2403016,85.9547825
13760,3,0.0000000,0.0000000,224.1978911,120.6598350
13760,4,0.0000000,0.0000000,191.9088837,136.6455521
13760,5,0.0000000,0.0000000,126.0000000,24.0000000
13770,0,0.0000000,0.0000000,173.1553582,103.9728515
13770,2,0.0000000,0.0000000,204.2403016,85.9547825
13770,3,0.0000000,0.0000000,224.1978911,120.6598350
13770,4,0.0000000,0.0000000,191.9088837,136.6455521
13770,5,0.0000000,0.0000000,126.0000000,24.0000000
13780,0,0.0000000,0.0000000,173.1553582,103.9728515
13780,2,0.0000000,0.0000000,204.2403016,85.9547825
13780,3,0.0000000,0.0000000,224.1978911,120.6598350
13780,4,0.0000000,0.0000000,191.9088837,136.6455521
13780,5,0.0000000,0.0000000,126.0000000,24.0000000
13790,0,0.0000000,0.0000000,173.1553582,103.9728515
13790,2,0.0000000,0.0000000,204.2403016,85.9547825
13790,3,0.0000000,0.0000000,224.1978911,120.6598350
13790,4,0.0000000,0.0000000,191.9088837,136.6455521
13790,5,0.0000000,0.0000000,126.0000000,24.0000000
13800,0,0.0000000,0.0000000,173.1553582,103.9728515
13800,2,0.0000000,0.0000000,204.2403016,85.9547825
13800,3,0.0000000,0.0000000,224.1978911,120.6598350
13800,4,0.0000000,0.0000000,191.9088837,136.6455521
13800,5,0.0000000,0.0000000,126.0000000,24.0000000
13810,0,0.0000000,0.0000000,173.1553582,103.9728515
13810,2,0.0000000,0.0000000,204.2403016,85.9547825
13810,3,0.0000000,0.0000000,224.1978911,120.6598350
13810,4,0.0000000,0.0000000,191.9088837,136.6455521
13810,5,0.0000000,0.0000000,126.0000000,24.0000000
13820,0,0.0000000,0.0000000,173.1553582,103.9728515
13820,2,0.0000000,0.0000000,204.2403016,85.9547825
13820,3,0.0000000,0.0000000,224.1978911,120.6598350
13820,4,0.0000000,0.0000000,191.9088837,136.6455521
13820,5,0.0000000,0.0000000,126.0000000,24.0000000
13830,0,0.0000000,0.0000000,173.1553582,103.9728515
13830,2,0.0000000,0.0000000,204.2403016,85.9547825
13830,3,0.0000000,0.0000000,224.1978911,120.6598350
13830,4,0.0000000,0.0000000,191.9088837,136.6455521
13830,5,0.0000000,0.0000000,126.0000000,24.0000000
13840,0,0.0000000,0.0000000,173.1553582,103.9728515
13840,2,0.0000000,0.0000000,204.2403016,85.9547825
13840,3,0.0000000,0.0000000,224.1978911,120.6598350
13840,4,0.0000000,0.0000000,191.9088837,136.6455521
13840,5,0.0000000,0.0000000,126.0000000,24.0000000
13850,0,0.0000000,0.0000000,173.1553582,103.9728515
13850,2,0.0000000,0.0000000,204.2403016,85.9547825
13850,3,0.0000000,0.0000000,224.1978911,120.6598350
13850,4,0.0000000,0.0000000,191.9088837,136.6455521
13850,5,0.0000000,0.0000000,126.0000000,24.0000000
13860,0,0.0000000,0.0000000,173.1553582,103.9728515
13860,2,0.0000000,0.0000000,204.2403016,85.9547825
13860,3,0.0000000,0.0000000,224.1978911,120.6598350
13860,4,0.0000000,0.0000000,191.9088837,136.6455521
13860,5,0.0000000,0.0000000,126.0000000,24.0000000
13870,0,0.0000000,0.0000000,173.1553582,103.9728515
13870,2,0.0000000,0.0000000,204.2403016,85.9547825
13870,3,0.0000000,0.0000000,224.1978911,120.6598350
13870,4,0.0000000,0.0000000,191.9088837,136.6455521
13870,5,0.0000000,0.0000000,126.0000000,24.0000000
13880,0,0.0000000,0.0000000,173.1553582,103.9728515
13880,2,0.0000000,0.0000000,204.2403016,85.9547825
13880,3,0.0000000,0.0000000,224.1978911,120.6598350
13880,4,0.0000000,0.0000000,191.9088837,136.6455521
13880,5,0.0000000,0.0000000,126.0000000,24.0000000
13890,0,0.0000000,0.0000000,173.1553582,103.9728515
13890,2,0.0000000,0.0000000,204.2403016,85.9547825
13890,3,0.0000000,0.0000000,224.1978911,120.6598350
13890,4,0.0000000,0.0000000,191.9088837,136.6455521
13890,5,0.0000000,0.0000000,126.0000000,24.0000000
13900,0,0.0000000,0.0000000,173.1553582,103.9728515
13900,2,0.0000000,0.0000000,204.2403016,85.9547825
13900,3,0.0000000,0.0000000,224.1978911,120.6598350
13900,4,0.0000000,0.0000000,191.9088837,136.6455521
13900,5,0.0000000,0.0000000,126.0000000,24.0000000
13910,0,0.0000000,0.0000000,173.1553582,103.9728515
13910,2,0.0000000,0.0000000,204.2403016,85.9547825
13910,3,0.0000000,0.0000000,224.1978911,120.6598350
13910,4,0.0000000,0.0000000,191.9088837,136.6455521
13910,5,0.0000000,0.0000000,126.0000000,24.0000000
13920,0,0.0000000,0.0000000,173.1553582,103.9728515
13920,2,0.0000000,0.0000000,204.2403016,85.9547825
13920,3,0.0000000,0.0000000,224.1978911,120.6598350
13920,4,0.0000000,0.0000000,191.9088837,136.6455521
13920,5,0.0000000,0.0000000,126.0000000,24.0000000
13930,0,0.0000000,0.0000000,173.1553582,103.9728515
13930,2,0.0000000,0.0000000,204.2403016,85.9547825
13930,3,0.0000000,0.0000000,224.1978911,120.6598350
13930,4,0.0000000,0.0000000,191.9088837,136.6455521
13930,5,0.0000000,0.0000000,126.0000000,24.0000000
13940,0,0.0000000,0.0000000,173.1553582,103.9728515
13940,2,0.0000000,0.0000000,204.2403016,85.9547825
13940,3,0.0000000,0.0000000,224.1978911,120.6598350
13940,4,0.0000000,0.0000000,191.9088837,136.6455521
13940,5,0.0000000,0.0000000,126.0000000,24.0000000
13950,0,0.0000000,0.0000000,173.1553582,103.9728515
13950,2,0.0000000,0.0000000,204.2403016,85.9547825
13950,3,0.0000000,0.0000000,224.1978911,120.6598350
13950,4,0.0000000,0.0000000,191.9088837,136.6455521
13950,5,0.0000000,0.0000000,126.0000000,24.0000000
13960,0,0.0000000,0.0000000,173.1553582,103.9728515
13960,2,0.0000000,0.0000000,204.2403016,85.9547825
13960,3,0.0000000,0.0000000,224.1978911,120.6598350
13960,4,0.0000000,0.0000000,191.9088837,136.6455521
13960,5,0.0000000,0.0000000,126.0000000,24.0000000
13970,0,0.0000000,0.0000000,173.1553582,103.9728515
13970,2,0.0000000,0.0000000,204.2403016,85.9547825
13970,3,0.0000000,0.0000000,224.1978911,120.6598350
13970,4,0.0000000,0.0000000,191.9088837,136.6455521
13970,5,0.0000000,0.0000000,126.0000000,24.0000000
13980,0,0.0000000,0.0000000,173.1553582,103.9728515
13980,2,0.0000000,0.0000000,204.2403016,85.9547825
13980,3,0.0000000,0.0000000,224.1978911,120.6598350
13980,4,0.0000000,0.0000000,191.9088837,136.6455521
13980,5,0.0000000,0.0000000,126.0000000,24.0000000
13990,0,0.0000000,0.0000000,173.1553582,103.9728515
13990,2,0.0000000,0.0000000,204.2403016,85.9547825
13990,3,0.0000000,0.0000000,224.1978911,120.6598350
13990,4,0.0000000,0.0000000,191.9088837,136.6455521
13990,5,0.0000000,0.0000000,126.0000000,24.0000000
14000,0,0.0000000,0.0000000,173.1553582,103.9728515
14000,2,0.0000000,0.0000000,204.2403016,85.9547825
14000,3,0.0000000,0.0000000,224.1978911,120.6598350
14000,4,0.0000000,0.0000000,191.9088837,136.6455521
14000,5,0.0000000,0.0000000,126.0000000,24.0000000
14010,0,0.0000000,0.0000000,173.1553582,103.9728515
14010,2,0.0000000,0.0000000,204.2403016,85.9547825
14010,3,0.0000000,0.0000000,224.1978911,120.6598350
14010,4,0.0000000,0.0000000,191.9088837,136.6455521
14010,5,0.0000000,0.0000000,126.0000000,24.0000000
14020,0,0.0000000,0.0000000,173.1553582,103.9728515
14020,2,0.0000000,0.0000000,204.2403016,85.9547825
14020,3,0.0000000,0.0000000,224.1978911,120.6598350
14020,4,0.0000000,0.0000000,191.9088837,136.6455521
14020,5,0.0000000,0.0000000,126.0000000,24.0000000
14030,0,0.0000000,0.0000000,173.1553582,103.9728515
14030,2,0.0000000,0.0000000,204.2403016,85.9547825
14030,3,0.0000000,0.0000000,224.1978911,120.6598350
14030,4,0.0000000,0.0000000,191.9088837,136.6455521
14030,5,0.0000000,0.0000000,126.0000000,24.0000000
14040,0,0.0000000,0.0000000,173.1553582,103.9728515
14040,2,0.0000000,0.0000000,204.2403016,85.9547825
14040,3,0.0000000,0.0000000,224.1978911,120.6598350
14040,4,0.0000000,0.0000000,191.9088837,136.6455521
14040,5,0.0000000,0.0000000,126.0000000,24.0000000
14050,0,0.0000000,0.0000000,173.1553582,103.9728515
14050,2,0.0000000,0.0000000,204.2403016,85.9547825
14050,3,0.0000000,0.0000000,224.1978911,120.6598350
14050,4,0.0000000,0.0000000,191.9088837,136.6455521
14050,5,0.0000000,0.0000000,126.0000000,24.0000000
14060,0,0.0000000,0.0000000,173.1553582,103.9728515
14060,2,0.0000000,0.0000000,204.2403016,85.9547825
14060,3,0.0000000,0.0000000,224.1978911,120.6598350
14060,4,0.0000000,0.0000000,191.9088837,136.6455521
14060,5,0.0000000,0.0000000,126.0000000,24.0000000
14070,0,0.0000000,0.0000000,173.1553582,103.9728515
14070,2,0.0000000,0.0000000,204.2403016,85.9547825
14070,3,0.0000000,0.0000000,224.1978911,120.6598350
14070,4,0.0000000,0.0000000,191.9088837,136.6455521
14070,5,0.0000000,0.0000000,126.0000000,24.0000000
14080,0,0.0000000,0.0000000,173.1553582,103.9728515
14080,2,0.0000000,0.0000000,204.2403016,85.9547825
14080,3,0.0000000,0.0000000,224.1978911,120.6598350
14080,4,0.0000000,0.0000000,191.9088837,136.6455521
14080,5,0.0000000,0.0000000,126.0000000,24.0000000
14090,0,0.0000000,0.0000000,173.1553582,103.9728515
14090,2,0.0000000,0.0000000,204.2403016,85.9547825
14090,3,0.0000000,0.0000000,224.1978911,120.6598350
14090,4,0.0000000,0.0000000,191.9088837,136.6455521
14090,5,0.0000000,0.0000000,126.0000000,24.0000000
14100,0,0.0000000,0.0000000,173.1553582,103.9728515
14100,2,0.0000000,0.0000000,204.2403016,85.9547825
14100,3,0.0000000,0.0000000,224.1978911,120.6598350
14100,4,0.0000000,0.0000000,191.9088837,136.6455521
14100,5,0.0000000,0.0000000,126.0000000,24.0000000
14110,0,0.0000000,0.0000000,173.1553582,103.9728515
14110,2,0.0000000,0.0000000,204.2403016,85.9547825
14110,3,0.0000000,0.0000000,224.1978911,120.6598350
14110,4,0.0000000,0.0000000,191.9088837,136.6455521
14110,5,0.0000000,0.0000000,126.0000000,24.0000000
14120,0,0.0000000,0.0000000,173.1553582,103.9728515
14120,2,0.0000000,0.0000000,204.2403016,85.9547825
14120,3,0.0000000,0.0000000,224.1978911,120.6598350
14120,4,0.0000000,0.0000000,191.9088837,136.6455521
14120,5,0.0000000,0.0000000,126.0000000,24.0000000
14130,0,0.0000000,0.0000000,173.1553582,103.9728515
14130,2,0.0000000,0.0000000,204.2403016,85.9547825
14130,3,0.0000000,0.0000000,224.1978911,120.6598350
14130,4,0.0000000,0.0000000,191.9088837,136.6455521
14130,5,0.0000000,0.0000000,126.0000000,24.0000000
14140,0,0.0000000,0.0000000,173.1553582,103.9728515
14140,2,0.0000000,0.0000000,204.2403016,85.9547825
14140,3,0.0000000,0.0000000,224.1978911,120.6598350
14140,4,0.0000000,0.0000000,191.9088837,136.6455521
14140,5,0.0000000,0.0000000,126.0000000,24.0000000
14150,0,0.0000000,0.0000000,173.1553582,103.9728515
14150,2,0.0000000,0.0000000,204.2403016,85.9547825
14150,3,0.0000000,0.0000000,224.1978911,120.6598350
14150,4,0.0000000,0.0000000,191.9088837,136.6455521
14150,5,0.0000000,0.0000000,126.0000000,24.0000000
14160,0,0.0000000,0.0000000,173.1553582,103.9728515
14160,2,0.0000000,0.0000000,204.2403016,85.9547825
14160,3,0.0000000,0.0000000,224.1978911,120.6598350
14160,4,0.0000000,0.0000000,191.9088837,136.6455521
14160,5,0.0000000,0.0000000,126.0000000,24.0000000
14170,0,0.0000000,0.0000000,173.1553582,103.9728515
14170,2,0.0000000,0.0000000,204.2403016,85.9547825
14170,3,0.0000000,0.0000000,224.1978911,120.6598350
14170,4,0.0000000,0.0000000,191.9088837,136.6455521
14170,5,0.0000000,0.0000000,126.0000000,24.0000000
14180,0,0.0000000,0.0000000,173.1553582,103.9728515
14180,2,0.0000000,0.0000000,204.2403016,85.9547825
14180,3,0.0000000,0.0000000,224.1978911,120.6598350
14180,4,0.0000000,0.0000000,191.9088837,136.6455521
14180,5,0.0000000,0.0000000,126.0000000,24.0000000
14190,0,0.0000000,0.0000000,173.1553582,103.9728515
14190,2,0.0000000,0.0000000,204.2403016,85.9547825
14190,3,0.0000000,0.0000000,224.1978911,120.6598350
14190,4,0.0000000,0.0000000,191.9088837,136.6455521
14190,5,0.0000000,0.0000000,126.0000000,24.0000000
14200,0,0.0000000,0.0000000,173.1553582,103.9728515
14200,2,0.0000000,0.0000000,204.2403016,85.9547825
14200,3,0.0000000,0.0000000,224.1978911,120.6598350
14200,4,0.0000000,0.0000000,191.9088837,136.6455521
14200,5,0.0000000,0.0000000,126.0000000,24.0000000
14210,0,0.0000000,0.0000000,173.1553582,103.9728515
14210,2,0.0000000,0.0000000,204.2403016,85.9547825
14210,3,0.0000000,0.0000000,224.1978911,120.6598350
14210,4,0.0000000,0.0000000,191.9088837,136.6455521
14210,5,0.0000000,0.0000000,126.0000000,24.0000000
14220,0,0.0000000,0.0000000,173.1553582,103.9728515
14220,2,0.0000000,0.0000000,204.2403016,85.9547825
14220,3,0.0000000,0.0000000,224.1978911,120.6598350
14220,4,0.0000000,0.0000000,191.9088837,136.6455521
14220,5,0.0000000,0.0000000,126.0000000,24.0000000
14230,0,0.0000000,0.0000000,173.1553582,103.9728515
14230,2,0.0000000,0.0000000,204.2403016,85.9547825
14230,3,0.0000000,0.0000000,224.1978911,120.6598350
14230,4,0.0000000,0.0000000,191.9088837,136.6455521
14230,5,0.0000000,0.0000000,126.0000000,24.0000000
14240,0,0.0000000,0.0000000,173.1553582,103.9728515
14240,2,0.0000000,0.0000000,204.2403016,85.9547825
14240,3,0.0000000,0.0000000,224.1978911,120.6598350
14240,4,0.0000000,0.0000000,191.9088837,136.6455521
14240,5,0.0000000,0.0000000,126.0000000,24.0000000
14250,0,0.0000000,0.0000000,173.1553582,103.9728515
14250,2,0.0000000,0.0000000,204.2403016,85.9547825
14250,3,0.0000000,0.0000000,224.1978911,120.6598350
14250,4,0.0000000,0.0000000,191.9088837,136.6455521
14250,5,0.0000000,0.0000000,126.0000000,24.0000000
14260,0,0.0000000,0.0000000,173.1553582,103.9728515
14260,2,0.0000000,0.0000000,204.2403016,85.9547825
14260,3,0.0000000,0.0000000,224.1978911,120.6598350
14260,4,0.0000000,0.0000000,191.9088837,136.6455521
14260,5,0.0000000,0.0000000,126.0000000,24.0000000
14270,0,0.0000000,0.0000000,173.1553582,103.9728515
14270,2,0.0000000,0.0000000,204.2403016,85.9547825
14270,3,0.0000000,0.0000000,224.1978911,120.6598350
14270,4,0.0000000,0.0000000,191.9088837,136.6455521
14270,5,0.0000000,0.0000000,126.0000000,24.0000000
14280,0,0.0000000,0.0000000,173.1553582,103.9728515
14280,2,0.0000000,0.0000000,204.2403016,85.9547825
14280,3,0.0000000,0.0000000,224.1978911,120.6598350
14280,4,0.0000000,0.0000000,191.9088837,136.6455521
14280,5,0.0000000,0.0000000,126.0000000,24.0000000
14290,0,0.0000000,0.0000000,173.1553582,103.9728515
14290,2,0.0000000,0.0000000,204.2403016,85.9547825
14290,3,0.0000000,0.0000000,224.1978911,120.6598350
14290,4,0.0000000,0.0000000,191.9088837,136.6455521
14290,5,0.0000000,0.0000000,126.0000000,24.0000000
14300,0,0.0000000,0.0000000,173.1553582,103.9728515
14300,2,0.0000000,0.0000000,204.2403016,85.9547825
14300,3,0.0000000,0.0000000,224.1978911,120.6598350
14300,4,0.0000000,0.0000000,191.9088837,136.6455521
14300,5,0.0000000,0.0000000,126.0000000,24.0000000
14310,0,0.0000000,0.0000000,173.1553582,103.9728515
14310,2,0.0000000,0.0000000,204.2403016,85.9547825
14310,3,0.0000000,0.0000000,224.1978911,120.6598350
14310,4,0.0000000,0.0000000,191.9088837,136.6455521
14310,5,0.0000000,0.0000000,126.0000000,24.0000000
14320,0,0.0000000,0.0000000,173.1553582,103.9728515
14320,2,0.0000000,0.0000000,204.2403016,85.9547825
14320,3,0.0000000,0.0000000,224.1978911,120.6598350
14320,4,0.0000000,0.0000000,191.9088837,136.6455521
14320,5,0.0000000,0.0000000,126.0000000,24.0000000
14330,0,0.0000000,0.0000000,180.6423492,133.5357423
14330,2,0.0000000,0.0000000,179.3046635,96.1508426
14330,3,0.0000000,0.0000000,216.7280456,88.7811523
14330,4,0.0000000,0.0000000,217.6230400,126.9824645
14330,5,0.0000000,0.0000000,126.0000000,24.0000000
14340,0,0.0000000,0.0000000,207.7025429,133.4724578
14340,2,0.0000000,0.0000000,171.4229408,123.5778199
14340,3,0.0000000,0.0000000,188.3825895,89.5653651
14340,4,0.0000000,0.0000000,225.2262286,99.4862857
14340,5,0.0000000,0.0000000,126.0000000,24.0000000
14350,0,0.0000000,0.0000000,208.6739251,133.0300777
14350,2,0.0000000,0.0000000,172.0324922,124.8411176
14350,3,0.0000000,0.0000000,187.4607074,89.9998999
14350,4,0.0000000,0.0000000,224.6651508,98.2958262
14350,5,0.0000000,0.0000000,126.0000000,24.0000000
14360,0,0.0000000,0.0000000,208.6654023,133.1707000
14360,2,0.0000000,0.0000000,172.0593715,124.8979461
14360,3,0.0000000,0.0000000,187.6047662,89.9277188
14360,4,0.0000000,0.0000000,224.7302196,98.4277898
14360,5,0.0000000,0.0000000,126.0000000,24.0000000
14370,0,0.0000000,0.0000000,208.7510582,133.6340691
14370,2,0.0000000,0.0000000,172.1031240,124.9901629
14370,3,0.0000000,0.0000000,187.8095860,89.8279903
14370,4,0.0000000,0.0000000,224.8673009,98.7072843
14370,5,0.0000000,0.0000000,126.0000000,24.0000000
14380,0,0.0000000,0.0000000,208.8983088,134.1743166
14380,2,0.0000000,0.0000000,172.2179817,125.2345105
14380,3,0.0000000,0.0000000,188.1543403,90.0505967
14380,4,0.0000000,0.0000000,225.0572990,99.0891626
14380,5,0.0000000,0.0000000,126.0000000,24.0000000
14390,0,0.0000000,0.0000000,209.1790719,134.7929725
14390,2,0.0000000,0.0000000,172.4459752,125.7425638
14390,3,0.0000000,0.0000000,188.6064360,90.7346163
14390,4,0.0000000,0.0000000,225.2964489,99.5487369
14390,5,0.0000000,0.0000000,126.0000000,24.0000000
14400,0,0.0000000,0.0000000,209.3628090,135.3614200
14400,2,0.0000000,0.0000000,172.5993516,126.0907559
14400,3,0.0000000,0.0000000,189.0243133,91.1604555
14400,4,0.0000000,0.0000000,225.5255463,99.9859308
14400,5,0.0000000,0.0000000,126.0000000,24.0000000
14410,0,0.0000000,0.0000000,209.4659474,135.8081846
14410,2,0.0000000,0.0000000,172.4917997,126.7542352
14410,3,0.0000000,0.0000000,189.2996841,91.9307796
14410,4,0.0000000,0.0000000,225.7125611,100.3231540
14410,5,0.0000000,0.0000000,126.0000000,24.0000000
14420,0,0.0000000,0.0000000,209.5340069,136.2560662
14420,2,0.0000000,0.0000000,172.4250294,127.2031866
14420,3,0.0000000,0.0000000,189.5946267,92.4109053
14420,4,0.0000000,0.0000000,225.9040503,100.6726464
14420,5,0.0000000,0.0000000,126.0000000,24.0000000
14430,0,0.0000000,0.0000000,209.8589233,136.5108605
14430,2,0.0000000,0.0000000,172.4492522,127.9274590
14430,3,0.0000000,0.0000000,189.9808234,93.2255451
14430,4,0.0000000,0.0000000,226.4061357,100.7058329
14430,5,0.0000000,0.0000000,126.0000000,24.0000000
14440,0,0.0000000,0.0000000,210.0496369,136.6911390
14440,2,0.0000000,0.0000000,172.4249280,128.4037581
14440,3,0.0000000,0.0000000,190.2924328,93.6797458
14440,4,0.0000000,0.0000000,226.8052647,100.7316401
14440,5,0.0000000,0.0000000,126.0000000,24.0000000
14450,0,0.0000000,0.0000000,210.3563921,136.8215013
14450,2,0.0000000,0.0000000,172.4637512,128.9796071
14450,3,0.0000000,0.0000000,190.6785901,94.2754045
14450,4,0.0000000,0.0000000,227.3415388,100.6465153
14450,5,0.0000000,0.0000000,126.0000000,24.0000000
14460,0,0.0000000,0.0000000,210.9928252,136.6807334
14460,2,0.0000000,0.0000000,172.6343200,129.8383164
14460,3,0.0000000,0.0000000,190.4448184,94.9858092
14460,4,0.0000000,0.0000000,227.6632351,99.9688823
14460,5,0.0000000,0.0000000,126.0000000,24.0000000
14470,0,0.0000000,0.0000000,211.4077277,136.6934556
14470,2,0.0000000,0.0000000,172.6036183,130.6995351
14470,3,0.0000000,0.0000000,190.4595448,95.9185011
14470,4,0.0000000,0.0000000,228.0666564,99.5367992
14470,5,0.0000000,0.0000000,126.0000000,24.0000000
14480,0,0.0000000,0.0000000,211.6959529,136.8081320
14480,2,0.0000000,0.0000000,172.5765697,131.3274087
14480,3,0.0000000,0.0000000,190.6954730,96.6789323
14480,4,0.0000000,0.0000000,228.5387064,99.3056986
14480,5,0.0000000,0.0000000,126.0000000,24.0000000
14490,0,0.0000000,0.0000000,211.9558340,137.0054675
14490,2,0.0000000,0.0000000,172.5164067,131.8773662
14490,3,0.0000000,0.0000000,191.1546708,97.4701441
14490,4,0.0000000,0.0000000,229.1965050,99.1653197
14490,5,0.0000000,0.0000000,126.0000000,24.0000000
14500,0,0.0000000,0.0000000,212.1229997,137.2680898
14500,2,0.0000000,0.0000000,172.4045218,132.2832751
14500,3,0.0000000,0.0000000,191.7280265,98.1523908
14500,4,0.0000000,0.0000000,229.8928598,99.1565031
14500,5,0.0000000,0.0000000,126.0000000,24.0000000
14510,0,0.0000000,0.0000000,212.5930527,137.8855425
14510,2,0.0000000,0.0000000,172.1302166,132.6466722
14510,3,0.0000000,0.0000000,192.6953317,99.0684975
14510,4,0.0000000,0.0000000,230.8642486,99.1582014
14510,5,0.0000000,0.0000000,126.0000000,24.0000000
14520,0,0.0000000,0.0000000,213.0410771,138.6864485
14520,2,0.0000000,0.0000000,171.6413760,132.8156955
14520,3,0.0000000,0.0000000,194.2035794,100.1152934
14520,4,0.0000000,0.0000000,232.2822493,99.3994236
14520,5,0.0000000,0.0000000,126.0000000,24.0000000
14530,0,0.0000000,0.0000000,213.1402294,141.0140263
14530,2,0.0000000,0.0000000,171.4575814,132.7179533
14530,3,0.0000000,0.0000000,202.0491770,102.8883619
14530,4,0.0000000,0.0000000,230.4545266,99.3893682
14530,5,0.0000000,0.0000000,126.0000000,24.0000000
14540,0,0.0000000,0.0000000,203.6351988,149.6388831
14540,2,0.0000000,0.0000000,173.4439893,121.3382311
14540,3,0.0000000,0.0000000,230.4380756,119.5893670
14540,4,0.0000000,0.0000000,210.1369060,93.9302614
14540,5,0.0000000,0.0000000,126.0000000,24.0000000
14550,0,0.0000000,0.0000000,203.6667927,149.5798707
14550,2,0.0000000,0.0000000,172.5283483,122.5820715
14550,3,0.0000000,0.0000000,231.4716994,120.5437126
14550,4,0.0000000,0.0000000,211.8037344,94.0211481
14550,5,0.0000000,0.0000000,126.0000000,24.0000000
14560,0,0.0000000,0.0000000,203.6797020,149.3462149
14560,2,0.0000000,0.0000000,171.6626198,123.9339978
14560,3,0.0000000,0.0000000,232.5892255,121.5348783
14560,4,0.0000000,0.0000000,213.3866582,94.1554322
14560,5,0.0000000,0.0000000,126.0000000,24.0000000
14570,0,0.0000000,0.0000000,203.7524836,149.0437288
14570,2,0.0000000,0.0000000,170.8361559,125.3273451
14570,3,0.0000000,0.0000000,233.5608441,122.2655755
14570,4,0.0000000,0.0000000,214.7101928,94.0373121
14570,5,0.0000000,0.0000000,126.0000000,24.0000000
14580,0,0.0000000,0.0000000,203.7740447,148.8050571
14580,2,0.0000000,0.0000000,170.1495488,126.7336257
14580,3,0.0000000,0.0000000,234.4513451,122.9910675
14580,4,0.0000000,0.0000000,216.0049687,93.9135434
14580,5,0.0000000,0.0000000,126.0000000,24.0000000
14590,0,0.0000000,0.0000000,203.8126265,149.3233785
14590,2,0.0000000,0.0000000,169.9598621,127.9426879
14590,3,0.0000000,0.0000000,234.7636343,123.5852414
14590,4,0.0000000,0.0000000,217.2458052,93.5985248
14590,5,0.0000000,0.0000000,126.0000000,24.0000000
14600,0,0.0000000,0.0000000,202.0733239,150.8904210
14600,2,0.0000000,0.0000000,174.6987271,129.8702674
14600,3,0.0000000,0.0000000,232.6711796,123.2623023
14600,4,0.0000000,0.0000000,218.3574041,92.2690405
14600,5,0.0000000,0.0000000,126.0000000,24.0000000
14610,0,0.0000000,0.0000000,202.1245646,151.2736254
14610,2,0.0000000,0.0000000,174.1089341,130.8701436
14610,3,0.0000000,0.0000000,232.9584894,123.3399507
14610,4,0.0000000,0.0000000,219.4523260,91.8394615
14610,5,0.0000000,0.0000000,126.0000000,24.0000000
14620,0,0.0000000,0.0000000,202.1909427,151.7465712
14620,2,0.0000000,0.0000000,173.5719106,131.8768323
14620,3,0.0000000,0.0000000,233.3309246,123.6939759
14620,4,0.0000000,0.0000000,220.6030488,91.5692908
14620,5,0.0000000,0.0000000,126.0000000,24.0000000
14630,0,0.0000000,0.0000000,202.2864952,152.3439847
14630,2,0.0000000,0.0000000,173.1010700,132.8925099
14630,3,0.0000000,0.0000000,233.7941698,124.3830497
14630,4,0.0000000,0.0000000,221.8049267,91.4928167
14630,5,0.0000000,0.0000000,126.0000000,24.0000000
14640,0,0.0000000,0.0000000,202.3961275,152.9552837
14640,2,0.0000000,0.0000000,172.6528360,133.9060498
14640,3,0.0000000,0.0000000,234.2414106,125.0638705
14640,4,0.0000000,0.0000000,222.9765585,91.4363439
14640,5,0.0000000,0.0000000,126.0000000,24.0000000
14650,0,0.0000000,0.0000000,202.5202082,153.5755397
14650,2,0.0000000,0.0000000,172.2252111,134.9167093
14650,3,0.0000000,0.0000000,234.6705553,125.7220643
14650,4,0.0000000,0.0000000,224.1168060,91.3899102
14650,5,0.0000000,0.0000000,126.0000000,24.0000000
14660,0,0.0000000,0.0000000,202.6597722,154.2032740
14660,2,0.0000000,0.0000000,171.8176445,135.9241762
14660,3,0.0000000,0.0000000,235.0835051,126.3555920
14660,4,0.0000000,0.0000000,225.2272783,91.3501237
14660,5,0.0000000,0.0000000,126.0000000,24.0000000
14670,0,0.0000000,0.0000000,202.8164669,154.8389331
14670,2,0.0000000,0.0000000,171.4304395,136.9284214
14670,3,0.0000000,0.0000000,235.4818479,126.9675329
14670,4,0.0000000,0.0000000,226.3104304,91.3162913
14670,5,0.0000000,0.0000000,126.0000000,24.0000000
14680,0,0.0000000,0.0000000,202.9917006,155.4811566
14680,2,0.0000000,0.0000000,171.0633353,137.9293169
14680,3,0.0000000,0.0000000,235.8664496,127.5582215
14680,4,0.0000000,0.0000000,227.3680600,91.2866397
14680,5,0.0000000,0.0000000,126.0000000,24.0000000
14690,0,0.0000000,0.0000000,203.1872044,156.1290963
14690,2,0.0000000,0.0000000,170.7164220,138.9268525
14690,3,0.0000000,0.0000000,236.2365075,128.1299123
14690,4,0.0000000,0.0000000,228.4021419,91.2604316
14690,5,0.0000000,0.0000000,126.0000000,24.0000000
14700,0,0.0000000,0.0000000,203.4013593,156.7724263
14700,2,0.0000000,0.0000000,170.3861223,139.9198583
14700,3,0.0000000,0.0000000,236.5976573,128.6715766
14700,4,0.0000000,0.0000000,229.4126612,91.2312352
14700,5,0.0000000,0.0000000,126.0000000,24.0000000
14710,0,0.0000000,0.0000000,203.6279623,157.3992588
14710,2,0.0000000,0.0000000,170.0669453,140.9060172
14710,3,0.0000000,0.0000000,236.9621567,129.1718871
14710,4,0.0000000,0.0000000,230.4000625,91.1928310
14710,5,0.0000000,0.0000000,126.0000000,24.0000000
14720,0,0.0000000,0.0000000,204.0668186,157.8582967
14720,2,0.0000000,0.0000000,169.8081774,141.9256742
14720,3,0.0000000,0.0000000,237.4462681,129.5684852
14720,4,0.0000000,0.0000000,231.3593214,91.1211336
14720,5,0.0000000,0.0000000,126.0000000,24.0000000
14730,0,0.0000000,0.0000000,203.5482992,157.8365271
14730,2,0.0000000,0.0000000,170.1326551,143.1866187
14730,3,0.0000000,0.0000000,237.7404530,130.1460898
14730,4,0.0000000,0.0000000,232.3455852,91.2164408
14730,5,0.0000000,0.0000000,126.0000000,24.0000000
14740,0,0.0000000,0.0000000,204.8515265,157.7643805
14740,2,0.0000000,0.0000000,169.7448645,144.1087611
14740,3,0.0000000,0.0000000,237.6846795,131.4195490
14740,4,0.0000000,0.0000000,233.2132235,90.7765458
14740,5,0.0000000,0.0000000,126.0000000,24.0000000
14750,0,0.0000000,0.0000000,205.7689624,158.8222193
14750,2,0.0000000,0.0000000,168.6672474,144.7215703
14750,3,0.0000000,0.0000000,238.0785526,131.6310293
14750,4,0.0000000,0.0000000,234.1547720,90.8290642
14750,5,0.0000000,0.0000000,126.0000000,24.0000000
14760,0,0.0000000,0.0000000,205.7560768,158.4918300
14760,2,0.0000000,0.0000000,169.0095954,145.8915654
14760,3,0.0000000,0.0000000,238.2125827,133.1242433
14760,4,0.0000000,0.0000000,235.0236226,90.3339897
14760,5,0.0000000,0.0000000,126.0000000,24.0000000
14770,0,0.0000000,0.0000000,205.3252274,159.4473270
14770,2,0.0000000,0.0000000,168.6730065,146.7811213
14770,3,0.0000000,0.0000000,239.4985447,133.5959298
14770,4,0.0000000,0.0000000,235.8924731,89.8389152
14770,5,0.0000000,0.0000000,126.0000000,24.0000000
14780,0,0.0000000,0.0000000,205.9291389,159.8190080
14780,2,0.0000000,0.0000000,168.2191377,147.6229811
14780,3,0.0000000,0.0000000,239.8510758,134.7018061
14780,4,0.0000000,0.0000000,236.7613237,89.3438408
14780,5,0.0000000,0.0000000,126.0000000,24.0000000
14790,0,0.0000000,0.0000000,207.2434722,159.8708082
14790,2,0.0000000,0.0000000,167.6817295,148.4311638
14790,3,0.0000000,0.0000000,239.5767244,136.1612404
14790,4,0.0000000,0.0000000,237.6301742,88.8487663
14790,5,0.0000000,0.0000000,126.0000000,24.0000000
14800,0,0.0000000,0.0000000,207.8927258,160.5790323
14800,2,0.0000000,0.0000000,167.0547769,149.2102212
14800,3,0.0000000,0.0000000,240.0569973,136.9933759
14800,4,0.0000000,0.0000000,238.4990247,88.3536918
14800,5,0.0000000,0.0000000,126.0000000,24.0000000
14810,0,0.0000000,0.0000000,208.3012245,161.4637990
14810,2,0.0000000,0.0000000,166.4278243,149.9892785
14810,3,0.0000000,0.0000000,240.7780250,137.6489690
14810,4,0.0000000,0.0000000,239.3678753,87.8586174
14810,5,0.0000000,0.0000000,126.0000000,24.0000000
14820,0,0.0000000,0.0000000,209.0009989,162.1349768
14820,2,0.0000000,0.0000000,165.8008716,150.7683359
14820,3,0.0000000,0.0000000,241.2077770,138.5181509
14820,4,0.0000000,0.0000000,240.2367258,87.3635429
14820,5,0.0000000,0.0000000,126.0000000,24.0000000
14830,0,0.0000000,0.0000000,209.6067712,162.8750853
14830,2,0.0000000,0.0000000,165.1739190,151.5473933
14830,3,0.0000000,0.0000000,241.7315312,139.3184022
14830,4,0.0000000,0.0000000,241.1055764,86.8684684
14830,5,0.0000000,0.0000000,126.0000000,24.0000000
14840,0,0.0000000,0.0000000,210.1948029,163.6282027
14840,2,0.0000000,0.0000000,164.5469663,152.3264506
14840,3,0.0000000,0.0000000,242.2730260,140.1056446
14840,4,0.0000000,0.0000000,241.9744269,86.3733939
14840,5,0.0000000,0.0000000,126.0000000,24.0000000
14850,0,0.0000000,0.0000000,210.7182996,164.4286428
14850,2,0.0000000,0.0000000,163.9200137,153.1055080
14850,3,0.0000000,0.0000000,242.8790557,140.8455642
14850,4,0.0000000,0.0000000,242.8432775,85.8783195
14850,5,0.0000000,0.0000000,126.0000000,24.0000000
14860,0,0.0000000,0.0000000,211.0791865,165.3483226
14860,2,0.0000000,0.0000000,163.2930610,153.8845654
14860,3,0.0000000,0.0000000,243.6476953,141.4662441
14860,4,0.0000000,0.0000000,243.7121280,85.3832450
14860,5,0.0000000,0.0000000,126.0000000,24.0000000
14870,0,0.0000000,0.0000000,211.6966450,166.0798617
14870,2,0.0000000,0.0000000,162.6661084,154.6636227
14870,3,0.0000000,0.0000000,244.1597632,142.2750648
14870,4,0.0000000,0.0000000,244.5809786,84.8881705
14870,5,0.0000000,0.0000000,126.0000000,24.0000000
14880,0,0.0000000,0.0000000,212.1908930,166.9017495
14880,2,0.0000000,0.0000000,162.0391557,155.4426801
14880,3,0.0000000,0.0000000,244.7950417,142.9935367
14880,4,0.0000000,0.0000000,245.4498291,84.3930961
14880,5,0.0000000,0.0000000,126.0000000,24.0000000
14890,0,0.0000000,0.0000000,212.9256193,167.5472976
14890,2,0.0000000,0.0000000,161.4122031,156.2217375
14890,3,0.0000000,0.0000000,245.1898419,143.8883484
14890,4,0.0000000,0.0000000,246.3186796,83.8980216
14890,5,0.0000000,0.0000000,126.0000000,24.0000000
14900,0,0.0000000,0.0000000,213.5088406,168.3039424
14900,2,0.0000000,0.0000000,160.7852504,157.0007948
14900,3,0.0000000,0.0000000,245.7361470,144.6720633
14900,4,0.0000000,0.0000000,247.1875302,83.4029471
14900,5,0.0000000,0.0000000,126.0000000,24.0000000
14910,0,0.0000000,0.0000000,214.0638955,169.0812412
14910,2,0.0000000,0.0000000,160.1582978,157.7798522
14910,3,0.0000000,0.0000000,246.3106185,145.4351242
14910,4,0.0000000,0.0000000,248.0563807,82.9078726
14910,5,0.0000000,0.0000000,126.0000000,24.0000000
14920,0,0.0000000,0.0000000,214.5853274,169.8831954
14920,2,0.0000000,0.0000000,159.5313451,158.5589096
14920,3,0.0000000,0.0000000,246.9187131,146.1735297
14920,4,0.0000000,0.0000000,248.9252313,82.4127982
14920,5,0.0000000,0.0000000,126.0000000,24.0000000
14930,0,0.0000000,0.0000000,215.1875043,170.6259404
14930,2,0.0000000,0.0000000,158.9043925,159.3379669
14930,3,0.0000000,0.0000000,247.4460627,146.9711445
14930,4,0.0000000,0.0000000,249.7940818,81.9177237
14930,5,0.0000000,0.0000000,126.0000000,24.0000000
14940,0,0.0000000,0.0000000,215.7467559,171.4001618
14940,2,0.0000000,0.0000000,158.2774399,160.1170243
14940,3,0.0000000,0.0000000,248.0163375,147.7372828
14940,4,0.0000000,0.0000000,250.6629324,81.4226492
14940,5,0.0000000,0.0000000,126.0000000,24.0000000
14950,0,0.0000000,0.0000000,216.2752955,172.1969040
14950,2,0.0000000,0.0000000,157.6504872,160.8960816
14950,3,0.0000000,0.0000000,248.6173244,148.4809004
14950,4,0.0000000,0.0000000,251.5317829,80.9275748
14950,5,0.0000000,0.0000000,126.0000000,24.0000000
14960,0,0.0000000,0.0000000,216.8911825,172.9295955
14960,2,0.0000000,0.0000000,157.0235346,161.6751390
14960,3,0.0000000,0.0000000,249.1309638,149.2885687
14960,4,0.0000000,0.0000000,252.4006335,80.4325003
14960,5,0.0000000,0.0000000,126.0000000,24.0000000
14970,0,0.0000000,0.0000000,217.4596235,173.6970784
14970,2,0.0000000,0.0000000,156.3965819,162.4541964
14970,3,0.0000000,0.0000000,249.6920493,150.0614454
14970,4,0.0000000,0.0000000,253.2694840,79.9374258
14970,5,0.0000000,0.0000000,126.0000000,24.0000000
14980,0,0.0000000,0.0000000,218.0223689,174.4687380
14980,2,0.0000000,0.0000000,155.7696293,163.2332537
14980,3,0.0000000,0.0000000,250.2588303,150.8301456
14980,4,0.0000000,0.0000000,254.1383345,79.4423513
14980,5,0.0000000,0.0000000,126.0000000,24.0000000
14990,0,0.0000000,0.0000000,218.5230779,175.2858880
14990,2,0.0000000,0.0000000,155.1426766,164.0123111
14990,3,0.0000000,0.0000000,250.8876478,151.5533553
14990,4,0.0000000,0.0000000,255.0071851,78.9472769
14990,5,0.0000000,0.0000000,126.0000000,24.0000000
15000,0,0.0000000,0.0000000,219.0664486,176.0598196
15000,2,0.0000000,0.0000000,154.5220422,164.7835174
15000,3,0.0000000,0.0000000,251.4624205,152.3042602
15000,4,0.0000000,0.0000000,255.8672796,78.4571916
15000,5,0.0000000,0.0000000,126.0000000,24.0000000
15010,0,0.0000000,0.0000000,219.3943646,177.0035563
15010,2,0.0000000,0.0000000,153.8951532,165.5624956
15010,3,0.0000000,0.0000000,252.2639163,152.9007268
15010,4,0.0000000,0.0000000,256.7360419,77.9621674
15010,5,0.0000000,0.0000000,126.0000000,24.0000000
15020,0,0.0000000,0.0000000,219.7201092,177.9490043
15020,2,0.0000000,0.0000000,153.2682012,166.3415522
15020,3,0.0000000,0.0000000,253.0676969,153.4956370
15020,4,0.0000000,0.0000000,257.6048916,77.4670935
15020,5,0.0000000,0.0000000,126.0000000,24.0000000
15030,0,0.0000000,0.0000000,220.0458320,178.8944695
15030,2,0.0000000,0.0000000,152.6412486,167.1206095
15030,3,0.0000000,0.0000000,253.8715006,154.0905315
15030,4,0.0000000,0.0000000,258.4737421,76.9720190
15030,5,0.0000000,0.0000000,126.0000000,24.0000000
15040,0,0.0000000,0.0000000,220.3715545,179.8399349
15040,2,0.0000000,0.0000000,152.0142959,167.8996669
15040,3,0.0000000,0.0000000,254.6753045,154.6854258
15040,4,0.0000000,0.0000000,259.3425927,76.4769445
15040,5,0.0000000,0.0000000,126.0000000,24.0000000
15050,0,0.0000000,0.0000000,220.6972771,180.7854003
15050,2,0.0000000,0.0000000,151.3873433,168.6787243
15050,3,0.0000000,0.0000000,255.4791084,155.2803202
15050,4,0.0000000,0.0000000,260.2114432,75.9818700
15050,5,0.0000000,0.0000000,126.0000000,24.0000000
15060,0,0.0000000,0.0000000,221.0229996,181.7308657
15060,2,0.0000000,0.0000000,150.7603907,169.4577816
15060,3,0.0000000,0.0000000,256.2829123,155.8752145
15060,4,0.0000000,0.0000000,261.0802937,75.4867956
15060,5,0.0000000,0.0000000,126.0000000,24.0000000
15070,0,0.0000000,0.0000000,221.3487222,182.6763311
15070,2,0.0000000,0.0000000,150.1334380,170.2368390
15070,3,0.0000000,0.0000000,257.0867162,156.4701089
15070,4,0.0000000,0.0000000,261.9491443,74.9917211
15070,5,0.0000000,0.0000000,126.0000000,24.0000000
15080,0,0.0000000,0.0000000,221.6744447,183.6217965
15080,2,0.0000000,0.0000000,149.5064854,171.0158964
15080,3,0.0000000,0.0000000,257.8905202,157.0650032
15080,4,0.0000000,0.0000000,262.8179948,74.4966466
15080,5,0.0000000,0.0000000,126.0000000,24.0000000
15090,0,0.0000000,0.0000000,222.0001673,184.5672619
15090,2,0.0000000,0.0000000,148.8795327,171.7949537
15090,3,0.0000000,0.0000000,258.6943241,157.6598975
15090,4,0.0000000,0.0000000,263.6868454,74.0015722
15090,5,0.0000000,0.0000000,126.0000000,24.0000000
15100,0,0.0000000,0.0000000,222.3258898,185.5127273
15100,2,0.0000000,0.0000000,148.2525801,172.5740111
15100,3,0.0000000,0.0000000,259.4981280,158.2547919
15100,4,0.0000000,0.0000000,264.5556959,73.5064977
15100,5,0.0000000,0.0000000,126.0000000,24.0000000
15110,0,0.0000000,0.0000000,222.6516123,186.4581927
15110,2,0.0000000,0.0000000,147.6256274,173.3530685
15110,3,0.0000000,0.0000000,260.3019319,158.8496862
15110,4,0.0000000,0.0000000,265.4245465,73.0114232
15110,5,0.0000000,0.0000000,126.0000000,24.0000000
15120,0,0.0000000,0.0000000,222.9773349,187.4036581
15120,2,0.0000000,0.0000000,146.9986748,174.1321258
15120,3,0.0000000,0.0000000,261.1057358,159.4445805
15120,4,0.0000000,0.0000000,266.2933970,72.5163487
15120,5,0.0000000,0.0000000,126.0000000,24.0000000
15130,0,0.0000000,0.0000000,223.3030574,188.3491235
15130,2,0.0000000,0.0000000,146.3717221,174.9111832
15130,3,0.0000000,0.0000000,261.9095397,160.0394749
15130,4,0.0000000,0.0000000,267.1622476,72.0212743
15130,5,0.0000000,0.0000000,126.0000000,24.0000000
15140,0,0.0000000,0.0000000,223.6287800,189.2945889
15140,2,0.0000000,0.0000000,145.7447695,175.6902406
15140,3,0.0000000,0.0000000,262.7133436,160.6343692
15140,4,0.0000000,0.0000000,268.0310981,71.5261998
15140,5,0.0000000,0.0000000,126.0000000,24.0000000
15150,0,0.0000000,0.0000000,223.9545025,190.2400543
15150,2,0.0000000,0.0000000,145.1178168,176.4692979
15150,3,0.0000000,0.0000000,263.5171475,161.2292636
15150,4,0.0000000,0.0000000,268.8999486,71.0311253
15150,5,0.0000000,0.0000000,126.0000000,24.0000000
15160,0,0.0000000,0.0000000,224.2802251,191.1855197
15160,2,0.0000000,0.0000000,144.4908642,177.2483553
15160,3,0.0000000,0.0000000,264.3209514,161.8241579
15160,4,0.0000000,0.0000000,269.7687992,70.5360509
15160,5,0.0000000,0.0000000,126.0000000,24.0000000
15170,0,0.0000000,0.0000000,224.3294984,191.3285440
15170,2,0.0000000,0.0000000,143.8639115,178.0274127
15170,3,0.0000000,0.0000000,265.1247553,162.4190522
15170,4,0.0000000,0.0000000,270.6376497,70.0409764
15170,5,0.0000000,0.0000000,126.0000000,24.0000000
15180,0,0.0000000,0.0000000,224.3299949,191.3299853
15180,2,0.0000000,0.0000000,143.2369589,178.8064700
15180,3,0.0000000,0.0000000,265.9285593,163.0139466
15180,4,0.0000000,0.0000000,271.5065003,69.5459019
15180,5,0.0000000,0.0000000,126.0000000,24.0000000
15190,0,0.0000000,0.0000000,224.3299999,191.3299999
15190,2,0.0000000,0.0000000,142.6100063,179.5855274
15190,3,0.0000000,0.0000000,266.7323632,163.6088409
15190,4,0.0000000,0.0000000,272.3753508,69.0508275
15190,5,0.0000000,0.0000000,126.0000000,24.0000000
15200,0,0.0000000,0.0000000,224.3300000,191.3300000
15200,2,0.0000000,0.0000000,141.9830536,180.3645848
15200,3,0.0000000,0.0000000,267.5361671,164.2037353
15200,4,0.0000000,0.0000000,273.2442014,68.5557530
15200,5,0.0000000,0.0000000,126.0000000,24.0000000
15210,0,0.0000000,0.0000000,224.3300000,191.3300000
15210,2,0.0000000,0.0000000,141.3561010,181.1436421
15210,3,0.0000000,0.0000000,268.3399710,164.7986296
15210,4,0.0000000,0.0000000,274.1130519,68.0606785
15210,5,0.0000000,0.0000000,126.0000000,24.0000000
15220,0,0.0000000,0.0000000,224.3300000,191.3300000
15220,2,0.0000000,0.0000000,140.7291483,181.9226995
15220,3,0.0000000,0.0000000,269.1437749,165.3935239
15220,4,0.0000000,0.0000000,274.9819025,67.5656040
15220,5,0.0000000,0.0000000,126.0000000,24.0000000
15230,0,0.0000000,0.0000000,224.3300000,191.3300000
15230,2,0.0000000,0.0000000,140.1021957,182.7017569
15230,3,0.0000000,0.0000000,269.9475788,165.9884183
15230,4,0.0000000,0.0000000,275.8507530,67.0705296
15230,5,0.0000000,0.0000000,126.0000000,24.0000000
15240,0,0.0000000,0.0000000,224.3300000,191.3300000
15240,2,0.0000000,0.0000000,139.4752430,183.4808142
15240,3,0.0000000,0.0000000,270.7513827,166.5833126
15240,4,0.0000000,0.0000000,276.7196035,66.5754551
15240,5,0.0000000,0.0000000,126.0000000,24.0000000
15250,0,0.0000000,0.0000000,224.3300000,191.3300000
15250,2,0.0000000,0.0000000,138.8482904,184.2598716
15250,3,0.0000000,0.0000000,271.5551866,167.1782070
15250,4,0.0000000,0.0000000,277.5884541,66.0803806
15250,5,0.0000000,0.0000000,126.0000000,24.0000000
15260,0,0.0000000,0.0000000,224.3300000,191.3300000
15260,2,0.0000000,0.0000000,138.2213377,185.0389290
15260,3,0.0000000,0.0000000,272.3589905,167.7731013
15260,4,0.0000000,0.0000000,278.4573046,65.5853062
15260,5,0.0000000,0.0000000,126.0000000,24.0000000
15270,0,0.0000000,0.0000000,224.3300000,191.3300000
15270,2,0.0000000,0.0000000,137.5943851,185.8179863
15270,3,0.0000000,0.0000000,273.1627944,168.3679956
15270,4,0.0000000,0.0000000,279.3261552,65.0902317
15270,5,0.0000000,0.0000000,126.0000000,24.0000000
15280,0,0.0000000,0.0000000,224.3300000,191.3300000
15280,2,0.0000000,0.0000000,136.9674324,186.5970437
15280,3,0.0000000,0.0000000,273.9665984,168.9628900
15280,4,0.0000000,0.0000000,280.1950057,64.5951572
15280,5,0.0000000,0.0000000,126.0000000,24.0000000
15290,0,0.0000000,0.0000000,224.3300000,191.3300000
15290,2,0.0000000,0.0000000,136.3404798,187.3761011
15290,3,0.0000000,0.0000000,274.7704023,169.5577843
15290,4,0.0000000,0.0000000,281.0638563,64.1000827
15290,5,0.0000000,0.0000000,126.0000000,24.0000000
15300,0,0.0000000,0.0000000,224.3300000,191.3300000
15300,2,0.0000000,0.0000000,135.7135271,188.1551584
15300,3,0.0000000,0.0000000,275.5742062,170.1526787
15300,4,0.0000000,0.0000000,281.9327068,63.6050083
15300,5,0.0000000,0.0000000,126.0000000,24.0000000
15310,0,0.0000000,0.0000000,224.3300000,191.3300000
15310,2,0.0000000,0.0000000,135.0865745,188.9342158
15310,3,0.0000000,0.0000000,276.3780101,170.7475730
15310,4,0.0000000,0.0000000,282.8015573,63.1099338
15310,5,0.0000000,0.0000000,126.0000000,24.0000000
15320,0,0.0000000,0.0000000,224.3300000,191.3300000
15320,2,0.0000000,0.0000000,134.4596218,189.7132732
15320,3,0.0000000,0.0000000,277.1818140,171.3424673
15320,4,0.0000000,0.0000000,283.6704079,62.6148593
15320,5,0.0000000,0.0000000,126.0000000,24.0000000
15330,0,0.0000000,0.0000000,224.3300000,191.3300000
15330,2,0.0000000,0.0000000,133.8326692,190.4923305
15330,3,0.0000000,0.0000000,277.9856179,171.9373617
15330,4,0.0000000,0.0000000,284.5392584,62.1197849
15330,5,0.0000000,0.0000000,126.0000000,24.0000000
15340,0,0.0000000,0.0000000,224.3300000,191.3300000
15340,2,0.0000000,0.0000000,133.2057166,191.2713879
15340,3,0.0000000,0.0000000,278.7894218,172.5322560
15340,4,0.0000000,0.0000000,285.4081090,61.6247104
15340,5,0.0000000,0.0000000,126.0000000,24.0000000
15350,0,0.0000000,0.0000000,224.3300000,191.3300000
15350,2,0.0000000,0.0000000,132.5787639,192.0504453
15350,3,0.0000000,0.0000000,279.5932257,173.1271503
15350,4,0.0000000,0.0000000,286.2769595,61.1296359
15350,5,0.0000000,0.0000000,126.0000000,24.0000000
15360,0,0.0000000,0.0000000,224.3300000,191.3300000
15360,2,0.0000000,0.0000000,131.9518113,192.8295026
15360,3,0.0000000,0.0000000,280.3970296,173.7220447
15360,4,0.0000000,0.0000000,287.1458101,60.6345614
15360,5,0.0000000,0.0000000,126.0000000,24.0000000
15370,0,0.0000000,0.0000000,224.3300000,191.3300000
15370,2,0.0000000,0.0000000,131.3248586,193.6085600
15370,3,0.0000000,0.0000000,281.2008335,174.3169390
15370,4,0.0000000,0.0000000,288.0146606,60.1394870
15370,5,0.0000000,0.0000000,126.0000000,24.0000000
15380,0,0.0000000,0.0000000,224.3300000,191.3300000
15380,2,0.0000000,0.0000000,130.6979060,194.3876174
15380,3,0.0000000,0.0000000,282.0046374,174.9118334
15380,4,0.0000000,0.0000000,288.8835112,59.6444125
15380,5,0.0000000,0.0000000,126.0000000,24.0000000
15390,0,0.0000000,0.0000000,224.3300000,191.3300000
15390,2,0.0000000,0.0000000,130.0709533,195.1666747
15390,3,0.0000000,0.0000000,282.8084414,175.5067277
15390,4,0.0000000,0.0000000,289.7523617,59.1493380
15390,5,0.0000000,0.0000000,126.0000000,24.0000000
15400,0,0.0000000,0.0000000,224.3300000,191.3300000
15400,2,0.0000000,0.0000000,129.4440007,195.9457321
15400,3,0.0000000,0.0000000,283.6122453,176.1016220
15400,4,0.0000000,0.0000000,290.6212122,58.6542636
15400,5,0.0000000,0.0000000,126.0000000,24.0000000
15410,0,0.0000000,0.0000000,224.3300000,191.3300000
15410,2,0.0000000,0.0000000,128.8170480,196.7247894
15410,3,0.0000000,0.0000000,284.4160492,176.6965164
15410,4,0.0000000,0.0000000,291.4900628,58.1591891
15410,5,0.0000000,0.0000000,126.0000000,24.0000000
15420,0,0.0000000,0.0000000,224.3300000,191.3300000
15420,2,0.0000000,0.0000000,128.3349083,197.3239009
15420,3,0.0000000,0.0000000,285.2198531,177.2914107
15420,4,0.0000000,0.0000000,292.3589133,57.6641146
15420,5,0.0000000,0.0000000,126.0000000,24.0000000
15430,0,0.0000000,0.0000000,224.3300000,191.3300000
15430,2,0.0000000,0.0000000,128.3300495,197.3299385
15430,3,0.0000000,0.0000000,286.0236570,177.8863051
15430,4,0.0000000,0.0000000,293.2277639,57.1690401
15430,5,0.0000000,0.0000000,126.0000000,24.0000000
15440,0,0.0000000,0.0000000,224.3300000,191.3300000
15440,2,0.0000000,0.0000000,128.3300005,197.3299994
15440,3,0.0000000,0.0000000,286.8274609,178.4811994
15440,4,0.0000000,0.0000000,294.0966144,56.6739657
15440,5,0.0000000,0.0000000,126.0000000,24.0000000
15450,0,0.0000000,0.0000000,224.3300000,191.3300000
15450,2,0.0000000,0.0000000,128.3300000,197.3300000
15450,3,0.0000000,0.0000000,287.6312648,179.0760937
15450,4,0.0000000,0.0000000,294.9654650,56.1788912
15450,5,0.0000000,0.0000000,126.0000000,24.0000000
15460,0,0.0000000,0.0000000,224.3300000,191.3300000
15460,2,0.0000000,0.0000000,128.3300000,197.3300000
15460,3,0.0000000,0.0000000,288.4350687,179.6709881
15460,4,0.0000000,0.0000000,295.8343155,55.6838167
15460,5,0.0000000,0.0000000,126.0000000,24.0000000
15470,0,0.0000000,0.0000000,224.3300000,191.3300000
15470,2,0.0000000,0.0000000,128.3300000,197.3300000
15470,3,0.0000000,0.0000000,289.2388726,180.2658824
15470,4,0.0000000,0.0000000,296.7031661,55.1887423
15470,5,0.0000000,0.0000000,126.0000000,24.0000000
15480,0,0.0000000,0.0000000,224.3300000,191.3300000
15480,2,0.0000000,0.0000000,128.3300000,197.3300000
15480,3,0.0000000,0.0000000,290.0426765,180.8607768
15480,4,0.0000000,0.0000000,297.5720166,54.6936678
15480,5,0.0000000,0.0000000,126.0000000,24.0000000
15490,0,0.0000000,0.0000000,224.3300000,191.3300000
15490,2,0.0000000,0.0000000,128.3300000,197.3300000
15490,3,0.0000000,0.0000000,290.8464805,181.4556711
15490,4,0.0000000,0.0000000,298.4408671,54.1985933
15490,5,0.0000000,0.0000000,126.0000000,24.0000000
15500,0,0.0000000,0.0000000,224.3300000,191.3300000
15500,2,0.0000000,0.0000000,128.3300000,197.3300000
15500,3,0.0000000,0.0000000,291.6502844,182.0505654
15500,4,0.0000000,0.0000000,299.3097177,53.7035188
15500,5,0.0000000,0.0000000,126.0000000,24.0000000
15510,0,0.0000000,0.0000000,224.3300000,191.3300000
15510,2,0.0000000,0.0000000,128.3300000,197.3300000
15510,3,0.0000000,0.0000000,292.4540883,182.6454598
15510,4,0.0000000,0.0000000,300.1785682,53.2084444
15510,5,0.0000000,0.0000000,126.0000000,24.0000000
15520,0,0.0000000,0.0000000,224.3300000,191.3300000
15520,2,0.0000000,0.0000000,128.3300000,197.3300000
15520,3,0.0000000,0.0000000,293.2578922,183.2403541
15520,4,0.0000000,0.0000000,301.0474188,52.7133699
15520,5,0.0000000,0.0000000,126.0000000,24.0000000
15530,0,0.0000000,0.0000000,224.3300000,191.3300000
15530,2,0.0000000,0.0000000,128.3300000,197.3300000
15530,3,0.0000000,0.0000000,294.0616961,183.8352485
15530,4,0.0000000,0.0000000,301.9162693,52.2182954
15530,5,0.0000000,0.0000000,126.0000000,24.0000000
15540,0,0.0000000,0.0000000,224.3300000,191.3300000
15540,2,0.0000000,0.0000000,128.3300000,197.3300000
15540,3,0.0000000,0.0000000,294.8655000,184.4301428
15540,4,0.0000000,0.0000000,302.7851199,51.7232210
15540,5,0.0000000,0.0000000,126.0000000,24.0000000
15550,0,0.0000000,0.0000000,224.3300000,191.3300000
15550,2,0.0000000,0.0000000,128.3300000,197.3300000
15550,3,0.0000000,0.0000000,295.6693039,185.0250371
15550,4,0.0000000,0.0000000,303.6539704,51.2281465
15550,5,0.0000000,0.0000000,126.0000000,24.0000000
15560,0,0.0000000,0.0000000,224.3300000,191.3300000
15560,2,0.0000000,0.0000000,128.3300000,197.3300000
15560,3,0.0000000,0.0000000,296.4731078,185.6199315
15560,4,0.0000000,0.0000000,304.5228210,50.7330720
15560,5,0.0000000,0.0000000,126.0000000,24.0000000
15570,0,0.0000000,0.0000000,224.3300000,191.3300000
15570,2,0.0000000,0.0000000,128.3300000,197.3300000
15570,3,0.0000000,0.0000000,297.2769117,186.2148258
15570,4,0.0000000,0.0000000,305.3916715,50.2379975
15570,5,0.0000000,0.0000000,126.0000000,24.0000000
15580,0,0.0000000,0.0000000,224.3300000,191.3300000
15580,2,0.0000000,0.0000000,128.3300000,197.3300000
15580,3,0.0000000,0.0000000,298.0807156,186.8097202
15580,4,0.0000000,0.0000000,306.2605220,49.7429231
15580,5,0.0000000,0.0000000,126.0000000,24.0000000
15590,0,0.0000000,0.0000000,224.3300000,191.3300000
15590,2,0.0000000,0.0000000,128.3300000,197.3300000
15590,3,0.0000000,0.0000000,298.8845196,187.4046145
15590,4,0.0000000,0.0000000,307.1293726,49.2478486
15590,5,0.0000000,0.0000000,126.0000000,24.0000000
15600,0,0.0000000,0.0000000,224.3300000,191.3300000
15600,2,0.0000000,0.0000000,128.3300000,197.3300000
15600,3,0.0000000,0.0000000,299.6883235,187.9995088
15600,4,0.0000000,0.0000000,307.9982231,48.7527741
15600,5,0.0000000,0.0000000,126.0000000,24.0000000
15610,0,0.0000000,0.0000000,224.3300000,191.3300000
15610,2,0.0000000,0.0000000,128.3300000,197.3300000
15610,3,0.0000000,0.0000000,300.4921274,188.5944032
15610,4,0.0000000,0.0000000,308.8670737,48.2576997
15610,5,0.0000000,0.0000000,126.0000000,24.0000000
15620,0,0.0000000,0.0000000,224.3300000,191.3300000
15620,2,0.0000000,0.0000000,128.3300000,197.3300000
15620,3,0.0000000,0.0000000,301.2959313,189.1892975
15620,4,0.0000000,0.0000000,309.7359242,47.7626252
15620,5,0.0000000,0.0000000,126.0000000,24.0000000
15630,0,0.0000000,0.0000000,224.3300000,191.3300000
15630,2,0.0000000,0.0000000,128.3300000,197.3300000
15630,3,0.0000000,0.0000000,302.0997352,189.7841918
15630,4,0.0000000,0.0000000,310.6047748,47.2675507
15630,5,0.0000000,0.0000000,126.0000000,24.0000000
15640,0,0.0000000,0.0000000,224.3300000,191.3300000
15640,2,0.0000000,0.0000000,128.3300000,197.3300000
15640,3,0.0000000,0.0000000,302.9035391,190.3790862
15640,4,0.0000000,0.0000000,311.4736253,46.7724763
15640,5,0.0000000,0.0000000,126.0000000,24.0000000
15650,0,0.0000000,0.0000000,224.3300000,191.3300000
15650,2,0.0000000,0.0000000,128.3300000,197.3300000
15650,3,0.0000000,0.0000000,303.7073430,190.9739805
15650,4,0.0000000,0.0000000,312.3424759,46.2774018
15650,5,0.0000000,0.0000000,126.0000000,24.0000000
15660,0,0.0000000,0.0000000,224.3300000,191.3300000
15660,2,0.0000000,0.0000000,128.3300000,197.3300000
15660,3,0.0000000,0.0000000,304.5111469,191.5688749
15660,4,0.0000000,0.0000000,313.2113264,45.7823273
15660,5,0.0000000,0.0000000,126.0000000,24.0000000
15670,0,0.0000000,0.0000000,224.3300000,191.3300000
15670,2,0.0000000,0.0000000,128.3300000,197.3300000
15670,3,0.0000000,0.0000000,305.3149508,192.1637692
15670,4,0.0000000,0.0000000,314.0801769,45.2872528
15670,5,0.0000000,0.0000000,126.0000000,24.0000000
15680,0,0.0000000,0.0000000,224.3300000,191.3300000
15680,2,0.0000000,0.0000000,128.3300000,197.3300000
15680,3,0.0000000,0.0000000,306.1187547,192.7586635
15680,4,0.0000000,0.0000000,314.9490275,44.7921784
15680,5,0.0000000,0.0000000,126.0000000,24.0000000
15690,0,0.0000000,0.0000000,224.3300000,191.3300000
15690,2,0.0000000,0.0000000,128.3300000,197.3300000
15690,3,0.0000000,0.0000000,306.9225586,193.3535579
15690,4,0.0000000,0.0000000,315.8178780,44.2971039
15690,5,0.0000000,0.0000000,126.0000000,24.0000000
15700,0,0.0000000,0.0000000,224.3300000,191.3300000
15700,2,0.0000000,0.0000000,128.3300000,197.3300000
15700,3,0.0000000,0.0000000,307.7263626,193.9484522
15700,4,0.0000000,0.0000000,316.6867286,43.8020294
15700,5,0.0000000,0.0000000,126.0000000,24.0000000
15710,0,0.0000000,0.0000000,224.3300000,191.3300000
15710,2,0.0000000,0.0000000,128.3300000,197.3300000
15710,3,0.0000000,0.0000000,308.5301665,194.5433466
15710,4,0.0000000,0.0000000,317.5555791,43.3069550
15710,5,0.0000000,0.0000000,126.0000000,24.0000000
15720,0,0.0000000,0.0000000,224.3300000,191.3300000
15720,2,0.0000000,0.0000000,128.3300000,197.3300000
15720,3,0.0000000,0.0000000,309.3339704,195.1382409
15720,4,0.0000000,0.0000000,318.4244297,42.8118805
15720,5,0.0000000,0.0000000,126.0000000,24.0000000
15730,0,0.0000000,0.0000000,224.3300000,191.3300000
15730,2,0.0000000,0.0000000,128.3300000,197.3300000
15730,3,0.0000000,0.0000000,310.1377743,195.7331352
15730,4,0.0000000,0.0000000,319.2932802,42.3168060
15730,5,0.0000000,0.0000000,126.0000000,24.0000000
15740,0,0.0000000,0.0000000,224.3300000,191.3300000
15740,2,0.0000000,0.0000000,128.3300000,197.3300000
15740,3,0.0000000,0.0000000,310.9415782,196.3280296
15740,4,0.0000000,0.0000000,320.1621307,41.8217315
15740,5,0.0000000,0.0000000,126.0000000,24.0000000
15750,0,0.0000000,0.0000000,224.3300000,191.3300000
15750,2,0.0000000,0.0000000,128.3300000,197.3300000
15750,3,0.0000000,0.0000000,311.7453821,196.9229239
15750,4,0.0000000,0.0000000,321.0309813,41.3266571
15750,5,0.0000000,0.0000000,126.0000000,24.0000000
15760,0,0.0000000,0.0000000,224.3300000,191.3300000
15760,2,0.0000000,0.0000000,128.3300000,197.3300000
15760,3,0.0000000,0.0000000,312.5491860,197.5178183
15760,4,0.0000000,0.0000000,321.8998318,40.8315826
15760,5,0.0000000,0.0000000,126.0000000,24.0000000
15770,0,0.0000000,0.0000000,224.3300000,191.3300000
15770,2,0.0000000,0.0000000,128.3300000,197.3300000
15770,3,0.0000000,0.0000000,313.3529899,198.1127126
15770,4,0.0000000,0.0000000,322.7686824,40.3365081
15770,5,0.0000000,0.0000000,126.0000000,24.0000000
15780,0,0.0000000,0.0000000,224.3300000,191.3300000
15780,2,0.0000000,0.0000000,128.3300000,197.3300000
15780,3,0.0000000,0.0000000,314.1567938,198.7076069
15780,4,0.0000000,0.0000000,323.6375329,39.8414337
15780,5,0.0000000,0.0000000,126.0000000,24.0000000
15790,0,0.0000000,0.0000000,224.3300000,191.3300000
15790,2,0.0000000,0.0000000,128.3300000,197.3300000
15790,3,0.0000000,0.0000000,314.9605977,199.3025013
15790,4,0.0000000,0.0000000,324.5063835,39.3463592
15790,5,0.0000000,0.0000000,126.0000000,24.0000000
15800,0,0.0000000,0.0000000,224.3300000,191.3300000
15800,2,0.0000000,0.0000000,128.3300000,197.3300000
15800,3,0.0000000,0.0000000,315.7644017,199.8973956
15800,4,0.0000000,0.0000000,325.3752340,38.8512847
15800,5,0.0000000,0.0000000,126.0000000,24.0000000
15810,0,0.0000000,0.0000000,224.3300000,191.3300000
15810,2,0.0000000,0.0000000,128.3300000,197.3300000
15810,3,0.0000000,0.0000000,316.5682056,200.4922900
15810,4,0.0000000,0.0000000,326.2440846,38.3562102
15810,5,0.0000000,0.0000000,126.0000000,24.0000000
15820,0,0.0000000,0.0000000,224.3300000,191.3300000
15820,2,0.0000000,0.0000000,128.3300000,197.3300000
15820,3,0.0000000,0.0000000,317.3720095,201.0871843
15820,4,0.0000000,0.0000000,327.1129351,37.8611358
15820,5,0.0000000,0.0000000,126.0000000,24.0000000
15830,0,0.0000000,0.0000000,224.3300000,191.3300000
15830,2,0.0000000,0.0000000,128.3300000,197.3300000
15830,3,0.0000000,0.0000000,318.1758134,201.6820786
15830,4,0.0000000,0.0000000,327.9817856,37.3660613
15830,5,0.0000000,0.0000000,126.0000000,24.0000000
15840,0,0.0000000,0.0000000,224.3300000,191.3300000
15840,2,0.0000000,0.0000000,128.3300000,197.3300000
15840,3,0.0000000,0.0000000,318.9796173,202.2769730
15840,4,0.0000000,0.0000000,328.8506362,36.8709868
15840,5,0.0000000,0.0000000,126.0000000,24.0000000
15850,0,0.0000000,0.0000000,224.3300000,191.3300000
15850,2,0.0000000,0.0000000,128.3300000,197.3300000
15850,3,0.0000000,0.0000000,319.7834212,202.8718673
15850,4,0.0000000,0.0000000,329.7194867,36.3759124
15850,5,0.0000000,0.0000000,126.0000000,24.0000000
15860,0,0.0000000,0.0000000,224.3300000,191.3300000
15860,2,0.0000000,0.0000000,128.3300000,197.3300000
15860,3,0.0000000,0.0000000,320.5872251,203.4667616
15860,4,0.0000000,0.0000000,330.5883373,35.8808379
15860,5,0.0000000,0.0000000,126.0000000,24.0000000
15870,0,0.0000000,0.0000000,224.3300000,191.3300000
15870,2,0.0000000,0.0000000,128.3300000,197.3300000
15870,3,0.0000000,0.0000000,321.3910290,204.0616560
15870,4,0.0000000,0.0000000,331.4571878,35.3857634
15870,5,0.0000000,0.0000000,126.0000000,24.0000000
15880,0,0.0000000,0.0000000,224.3300000,191.3300000
15880,2,0.0000000,0.0000000,128.3300000,197.3300000
15880,3,0.0000000,0.0000000,322.1948329,204.6565503
15880,4,0.0000000,0.0000000,332.3260384,34.8906889
15880,5,0.0000000,0.0000000,126.0000000,24.0000000
15890,0,0.0000000,0.0000000,224.3300000,191.3300000
15890,2,0.0000000,0.0000000,128.3300000,197.3300000
15890,3,0.0000000,0.0000000,322.9986368,205.2514447
15890,4,0.0000000,0.0000000,333.1948889,34.3956145
15890,5,0.0000000,0.0000000,126.0000000,24.0000000
15900,0,0.0000000,0.0000000,224.3300000,191.3300000
15900,2,0.0000000,0.0000000,128.3300000,197.3300000
15900,3,0.0000000,0.0000000,323.8024408,205.8463390
15900,4,0.0000000,0.0000000,334.0637395,33.9005400
15900,5,0.0000000,0.0000000,126.0000000,24.0000000
15910,0,0.0000000,0.0000000,224.3300000,191.3300000
15910,2,0.0000000,0.0000000,128.3300000,197.3300000
15910,3,0.0000000,0.0000000,324.6062447,206.4412333
15910,4,0.0000000,0.0000000,334.9325900,33.4054655
15910,5,0.0000000,0.0000000,126.0000000,24.0000000
15920,0,0.0000000,0.0000000,224.3300000,191.3300000
15920,2,0.0000000,0.0000000,128.3300000,197.3300000
15920,3,0.0000000,0.0000000,325.4100486,207.0361277
15920,4,0.0000000,0.0000000,335.8014405,32.9103911
15920,5,0.0000000,0.0000000,126.0000000,24.0000000
15930,0,0.0000000,0.0000000,224.3300000,191.3300000
15930,2,0.0000000,0.0000000,128.3300000,197.3300000
15930,3,0.0000000,0.0000000,326.2138525,207.6310220
15930,4,0.0000000,0.0000000,336.6702911,32.4153166
15930,5,0.0000000,0.0000000,126.0000000,24.0000000
15940,0,0.0000000,0.0000000,224.3300000,191.3300000
15940,2,0.0000000,0.0000000,128.3300000,197.3300000
15940,3,0.0000000,0.0000000,327.0176564,208.2259164
15940,4,0.0000000,0.0000000,337.5391416,31.9202421
15940,5,0.0000000,0.0000000,126.0000000,24.0000000
15950,0,0.0000000,0.0000000,224.3300000,191.3300000
15950,2,0.0000000,0.0000000,128.3300000,197.3300000
15950,3,0.0000000,0.0000000,327.8214603,208.8208107
15950,4,0.0000000,0.0000000,338.4079922,31.4251676
15950,5,0.0000000,0.0000000,126.0000000,24.0000000
15960,0,0.0000000,0.0000000,224.3300000,191.3300000
15960,2,0.0000000,0.0000000,128.3300000,197.3300000
15960,3,0.0000000,0.0000000,328.6252642,209.4157050
15960,4,0.0000000,0.0000000,339.2768427,30.9300932
15960,5,0.0000000,0.0000000,126.0000000,24.0000000
15970,0,0.0000000,0.0000000,224.3300000,191.3300000
15970,2,0.0000000,0.0000000,128.3300000,197.3300000
15970,3,0.0000000,0.0000000,329.4290681,210.0105994
15970,4,0.0000000,0.0000000,340.1456933,30.4350187
15970,5,0.0000000,0.0000000,126.0000000,24.0000000
15980,0,0.0000000,0.0000000,224.3300000,191.3300000
15980,2,0.0000000,0.0000000,128.3300000,197.3300000
15980,3,0.0000000,0.0000000,330.2328720,210.6054937
15980,4,0.0000000,0.0000000,340.3281426,30.3310583
15980,5,0.0000000,0.0000000,126.0000000,24.0000000
15990,0,0.0000000,0.0000000,224.3300000,191.3300000
15990,2,0.0000000,0.0000000,128.3300000,197.3300000
15990,3,0.0000000,0.0000000,331.0366759,211.2003881
15990,4,0.0000000,0.0000000,340.3299813,30.3300107
15990,5,0.0000000,0.0000000,126.0000000,24.0000000
16000,0,0.0000000,0.0000000,224.3300000,191.3300000
16000,2,0.0000000,0.0000000,128.3300000,197.3300000
16000,3,0.0000000,0.0000000,331.8404798,211.7952824
16000,4,0.0000000,0.0000000,340.3299998,30.3300001
16000,5,0.0000000,0.0000000,126.0000000,24.0000000
16010,0,0.0000000,0.0000000,224.3300000,191.3300000
16010,2,0.0000000,0.0000000,128.3300000,197.3300000
16010,3,0.0000000,0.0000000,332.6442838,212.3901767
16010,4,0.0000000,0.0000000,340.3300000,30.3300000
16010,5,0.0000000,0.0000000,126.0000000,24.0000000
16020,0,0.0000000,0.0000000,224.3300000,191.3300000
16020,2,0.0000000,0.0000000,128.3300000,197.3300000
16020,3,0.0000000,0.0000000,333.4480877,212.9850711
16020,4,0.0000000,0.0000000,340.3300000,30.3300000
16020,5,0.0000000,0.0000000,126.0000000,24.0000000
16030,0,0.0000000,0.0000000,224.3300000,191.3300000
16030,2,0.0000000,0.0000000,128.3300000,197.3300000
16030,3,0.0000000,0.0000000,334.2518916,213.5799654
16030,4,0.0000000,0.0000000,340.3300000,30.3300000
16030,5,0.0000000,0.0000000,126.0000000,24.0000000
16040,0,0.0000000,0.0000000,224.3300000,191.3300000
16040,2,0.0000000,0.0000000,128.3300000,197.3300000
16040,3,0.0000000,0.0000000,335.0556955,214.1748598
16040,4,0.0000000,0.0000000,340.3300000,30.3300000
16040,5,0.0000000,0.0000000,126.0000000,24.0000000
16050,0,0.0000000,0.0000000,224.3300000,191.3300000
16050,2,0.0000000,0.0000000,128.3300000,197.3300000
16050,3,0.0000000,0.0000000,335.8594994,214.7697541
16050,4,0.0000000,0.0000000,340.3300000,30.3300000
16050,5,0.0000000,0.0000000,126.0000000,24.0000000
16060,0,0.0000000,0.0000000,224.3300000,191.3300000
16060,2,0.0000000,0.0000000,128.3300000,197.3300000
16060,3,0.0000000,0.0000000,336.6633033,215.3646484
16060,4,0.0000000,0.0000000,340.3300000,30.3300000
16060,5,0.0000000,0.0000000,126.0000000,24.0000000
16070,0,0.0000000,0.0000000,224.3300000,191.3300000
16070,2,0.0000000,0.0000000,128.3300000,197.3300000
16070,3,0.0000000,0.0000000,337.4671072,215.9595428
16070,4,0.0000000,0.0000000,340.3300000,30.3300000
16070,5,0.0000000,0.0000000,126.0000000,24.0000000
16080,0,0.0000000,0.0000000,224.3300000,191.3300000
16080,2,0.0000000,0.0000000,128.3300000,197.3300000
16080,3,0.0000000,0.0000000,338.2709111,216.5544371
16080,4,0.0000000,0.0000000,340.3300000,30.3300000
16080,5,0.0000000,0.0000000,126.0000000,24.0000000
16090,0,0.0000000,0.0000000,224.3300000,191.3300000
16090,2,0.0000000,0.0000000,128.3300000,197.3300000
16090,3,0.0000000,0.0000000,339.0747150,217.1493315
16090,4,0.0000000,0.0000000,340.3300000,30.3300000
16090,5,0.0000000,0.0000000,126.0000000,24.0000000
16100,0,0.0000000,0.0000000,224.3300000,191.3300000
16100,2,0.0000000,0.0000000,128.3300000,197.3300000
16100,3,0.0000000,0.0000000,339.8785189,217.7442258
16100,4,0.0000000,0.0000000,340.3300000,30.3300000
16100,5,0.0000000,0.0000000,126.0000000,24.0000000
